id,title,audienceScore,tomatoMeter,rating,ratingContents,releaseDateTheaters,releaseDateStreaming,runtimeMinutes,genre,originalLanguage,director,writer,boxOffice,distributor,soundMix,boxOfficeMil
youth_2015,Youth,69,71,R,"['Language', 'Graphic Nudity', 'Some Sexuality']",2015-12-04,2016-03-01,118,Drama,English,Paolo Sorrentino,Paolo Sorrentino,$2.7M,Fox Searchlight,Dolby Atmos,2.7
jurassic_world_dominion,Jurassic World Dominion,77,29,PG-13,"['Language', 'Intense Sequences of Action', 'Some Violence']",2022-06-10,2022-09-02,147,Sci-fi,English,Colin Trevorrow,"Emily Carmichael,Colin Trevorrow",$376.0M,Universal Pictures,"Dolby Digital, Dolby Atmos",376
peaceful_warrior,Peaceful Warrior,76,25,PG-13,"['Sensuality', 'Accident Scenes', 'Sex References']",2006-06-02,2006-12-19,121,Drama,English,Victor Salva,Kevin Bernhardt,$1.1M,Lionsgate Films,Dolby Digital,1.1
say_it_isnt_so,Say It Isn't So,31,8,R,"['Language', 'Crude Humor', 'Strong Sexual Content']",2001-03-23,2001-08-21,95,Comedy,English,James B. Rogers,"Peter Gaulke,Gerry Swallow",$5.5M,20th Century Fox,"Dolby SR, DTS, Dolby Stereo, Surround, Dolby A, Dolby Digital",5.5
layer_cake,Layer Cake,84,80,R,"['Nudity', 'Drug Use', 'Pervasive Language', 'Sexuality', 'Strong Brutal Violence']",2005-05-13,2005-08-23,105,Drama,English,Matthew Vaughn,J.J Connolly,$2.3M,Sony Pictures Classics,Dolby SRD,2.3
good_luck_chuck,Good Luck Chuck,57,5,R,"['Language', 'Crude Dialogue', 'Nudity', 'Some Drug Use', 'Strong Sexual Content']",2007-09-21,2008-01-15,99,Comedy,English,Mark Helfrich,Josh Stolberg,$35.0M,Lionsgate Films,"Dolby SRD, DTS, SDDS",35
wind_river_2017,Wind River,90,88,R,"['Disturbing Images', 'A Rape', 'Language', 'Strong Violence']",2017-08-18,2017-11-14,111,Drama,English,Taylor Sheridan,Taylor Sheridan,$33.8M,Weinstein Co.,Dolby Digital,33.8
semi_pro,Semi-Pro,38,22,R,"['Some Sexual Content', 'Language']",2008-02-29,2008-06-03,91,Comedy,English,Kent Alterman,Scot Armstrong,$33.5M,New Line Cinema,"SDDS, DTS, Dolby SRD",33.5
the_guard_2011,The Guard,81,94,R,"['Pervasive Language', 'Drug Material', 'Sexual Content', 'Some Violence']",2011-07-29,2012-01-03,95,Comedy,English,John Michael McDonagh,John Michael McDonagh,$5.4M,Sony Pictures Classics,Dolby Digital,5.4
savages_2012,Savages,54,50,R,"['Language Throughout', 'Drug Use Throughout', 'Nudity', 'Some Graphic Sexuality', 'Strong Brutal/Grisly Violence']",2012-07-06,2012-10-23,130,Drama,English,Oliver Stone,"Shane Salerno,Don Winslow,Oliver Stone",$47.3M,Universal Studios,"SDDS, Dolby Digital, Datasat",47.3
luminarias,Luminarias,67,69,R,"['Language', 'Sexuality']",1999-05-05,2007-01-02,101,Comedy,English,Jose Luis Valenzuela,Evelina Fernandez,$428.5K,"New Latin Pictures, Artist View Entertainment","Mono, Surround",0.4285
the_end_of_the_tour_2015,The End of the Tour,82,92,R,"['Some Sexual References', 'Language']",2015-07-31,2015-11-03,106,Drama,English,James Ponsoldt,Donald Margulies,$3.0M,A24,Dolby Digital,3
1104203-pledge,The Pledge,59,78,R,"['Sexuality', 'Language', 'Some Violence']",2001-01-19,2001-06-19,124,Drama,English,Sean Penn,"Friedrich Dürrenmatt,Jerzy Kromolowski,Mary Olson-Kromolowski",$19.7M,"E Stars Films, Warner Bros.","Dolby SR, DTS, Dolby Stereo, Surround, SDDS, Dolby A, Dolby Digital",19.7
dumbo_2019,Dumbo,48,45,PG,"['Peril/Action', 'Brief Mild Language', 'Some Thematic Elements']",2019-03-29,2019-06-25,112,Drama,English,Tim Burton,Ehren Kruger,$114.8M,Walt Disney,"DTS, Dolby Atmos",114.8
contagion_2011,Contagion,63,85,PG-13,"['Some Language', 'Disturbing Content']",2011-09-09,2012-01-03,106,Drama,English,Steven Soderbergh,Scott Z. Burns,$75.6M,Warner Bros. Pictures,"SDDS, Dolby Digital",75.6
before_night_falls,Before Night Falls,83,74,R,"['Some Language', 'Brief Violence', 'Strong Sexual Content']",2001-01-26,2001-05-22,132,Drama,English,Julian Schnabel,"Reynaldo Arenas,Lázaro Gómez Carriles,Cunningham O'Keefe,Julian Schnabel",$4.2M,"El Mar Pictures, Keyfilms Roma, Lolafilms Distribución, United King Films, Grandview, Fine Line Features","Dolby SR, Dolby Digital, Dolby A, Surround",4.2
shes_the_one,She's the One,41,62,R,"['Sex-Related Dialogue', 'Language']",1996-08-23,2001-10-16,96,Comedy,English,Edward Burns,Edward Burns,$9.5M,Fox,"Dolby Stereo, Dolby Digital, Dolby A, Surround, Dolby SR",9.5
any_given_sunday,Any Given Sunday,73,52,R,"['Nudity', 'Language', 'Drug Content', 'Sexuality']",1999-12-22,2000-09-01,162,Drama,English,Oliver Stone,"Oliver Stone,Daniel Pyne,John Logan,John Logan",$75.5M,Warner Bros. Pictures,"Surround, DTS, Dolby Digital, SDDS",75.5
dredd,Dredd,72,79,R,"['Language', 'Drug Use', 'Some Sexual Content', 'Strong Bloody Violence']",2012-09-21,2013-01-08,96,Sci-fi,English,Pete Travis,Alex Garland,$13.3M,Lionsgate Films,"Datasat, Dolby Digital",13.3
hoot,Hoot,54,26,PG,"['Mild Bullying', 'Brief Language']",2006-05-05,2006-08-15,87,Comedy,English,Wil Shriner,Wil Shriner,$8.1M,New Line Cinema,"Dolby SRD, DTS, SDDS",8.1
tag_2018,Tag,57,56,R,"['Crude Sexual Content', 'Brief Nudity', 'Drug Use', 'Language Throughout']",2018-06-15,2018-08-17,100,Comedy,English,Jeff Tomsic,"Rob McKittrick,Mark Steilen",$54.5M,Warner Bros. Pictures,"Dolby Atmos, Dolby Digital",54.5
lords_of_dogtown,Lords of Dogtown,81,55,PG-13,"['Drug and Alcohol Content', 'All Involving Teens', 'Violence', 'Language', 'Reckless Behavior', 'Sexuality']",2005-06-03,2005-09-27,106,Drama,English,Catherine Hardwicke,"Stacy Peralta,Catherine Hardwicke",$11.0M,"Columbia Tristar, Sony Pictures Entertainment","SDDS, DTS, Surround, Dolby SRD",11
mindhunters,Mindhunters,57,24,R,"['Sexual Content', 'Language', 'Strong Graphic Images', 'Violence']",2005-05-13,2005-09-20,106,Drama,English,Renny Harlin,"Wayne Kramer,Wayne Kramer,Kevin Brodbin",$4.5M,Miramax Films,"SDDS, Dolby SRD, DTS, Surround",4.5
you_again,You Again,43,19,PG,"['Rude Behavior', 'Brief Mild Language']",2010-09-24,2011-02-08,105,Comedy,English,Andy Fickman,Moe Jelline,$25.7M,Walt Disney,"SDDS, Dolby Digital, DTS",25.7
green_lantern,Green Lantern,45,26,PG-13,"['Intense Seq. of Sci-Fi Violenc', 'Intense Seq. of Sci-Fi Action']",2011-06-17,2011-10-14,114,Sci-fi,English,Martin Campbell,"Greg Berlanti,Michael Green,Marc Guggenheim,Michael Goldenberg",$116.6M,Warner Bros. Pictures,"Dolby Digital, DTS, SDDS",116.6
haiku_tunnel,Haiku Tunnel,75,60,R,"['Language', 'Some Sexuality']",2001-09-14,2002-02-26,90,Comedy,English,"Jacob Kornbluth,Josh Kornbluth","Josh Kornbluth,Jacob Kornbluth",$252.1K,Sony Pictures Classics,"Surround, Dolby SR, Dolby Digital, Dolby A, Dolby Stereo",0.2521
mona_lisa_smile,Mona Lisa Smile,60,34,PG-13,"['Thematic Issues', 'Sexual Content']",2003-12-19,2004-03-09,117,Drama,English,Mike Newell,"Lawrence Konner,Mark Rosenthal",$63.7M,"Columbia Pictures, Sony Pictures Entertainment","Surround, Dolby SR, DTS, SDDS",63.7
butter_2011,Butter,44,34,R,"['Sexual Content', 'Language', 'Brief Drug Use']",2012-10-05,2012-12-04,90,Comedy,English,Jim Field Smith,Jason A. Micallef,$70.9K,Weinstein Co.,"SDDS, Dolby Digital",0.0709
star_trek_nemesis,Star Trek: Nemesis,49,38,PG-13,"['Sci-Fi Action Peril', 'Scene of Sexual Content', 'Sci-Fi Action Violence']",2002-12-13,2003-05-20,117,Sci-fi,English,Stuart Baird,"Rick Berman,Brent Spiner,John Logan",$500.0K,Paramount Pictures,"Dolby Stereo, Dolby Digital, Dolby A, Surround, Dolby SR",0.5
let_him_go,Let Him Go,76,84,R,['Violence'],2020-11-06,2020-11-24,114,Drama,English,Thomas Bezucha,Thomas Bezucha,$9.4M,Focus Features,Dolby Digital,9.4
shame_2011,Shame,75,79,NC-17,['Some Explicit Sexual Content'],2011-12-02,2012-04-17,99,Drama,English,Steve McQueen,"Steve McQueen,Abi Morgan",$4.0M,Fox Searchlight,Dolby Digital,4
feel_the_noise,Feel the Noise,42,11,PG-13,"['Sensuality and Innuendos', 'Language', 'Some Drug Use', 'Violence']",2007-10-05,2008-01-29,87,Drama,English,Alejandro Chomski,Albert Leon,$5.9M,Sony Pictures Entertainment,"SDDS, Dolby SRD, DTS",5.9
sweet_home_alabama,Sweet Home Alabama,78,38,PG-13,"['Some Sexual References', 'Some Language']",2002-09-27,2004-01-13,108,Comedy,English,Andy Tennant,"Douglas J. Eboch,C. Jay Cox",$127.2M,Touchstone Pictures,"Dolby SR, DTS, Dolby Stereo, Surround, SDDS, Dolby A, Dolby Digital",127.2
1212694-blind_side,The Blind Side,85,66,PG-13,"['Drug References', 'Brief Violence', 'Sexual References']",2009-11-20,2010-03-23,128,Drama,English,John Lee Hancock,John Lee Hancock,$256.0M,Warner Bros.,"SDDS, Dolby Digital, DTS",256
the_invisible_woman_2013,The Invisible Woman,44,75,R,['Some Sexual Content'],2013-12-25,2014-04-15,111,Drama,English,Ralph Fiennes,Abi Morgan,$1.2M,Sony Pictures Classics,Dolby Digital,1.2
the_beguiled,The Beguiled,48,78,R,['Some Sexuality'],2017-06-30,2017-10-10,94,Drama,English,Sofia Coppola,Sofia Coppola,$10.5M,Focus Features,Dolby Digital,10.5
we_dont_live_here_anymore,We Don't Live Here Anymore,54,65,R,"['Sexual Content', 'Language']",2004-01-20,2008-12-01,101,Drama,English,John Curran,"Andre Dubus,Larry Gross",$2.0M,Warner Independent,"Dolby Digital, Surround",2
evelyn,Evelyn,77,64,PG,"['Thematic Material', 'Language']",2002-12-13,2010-04-27,93,Drama,English,Bruce Beresford,Paul Pender,$1.4M,United Artists,Surround,1.4
war_of_the_worlds,War of the Worlds,42,75,PG-13,"['Frightening Sequences', 'Disturbing Images', 'Sci-Fi Violence']",2005-06-29,2005-06-28,116,Sci-fi,English,Steven Spielberg,"H.G. Wells,Josh Friedman,David Koepp",$234.3M,Paramount Pictures,"Surround, Dolby SRD, DTS, SDDS",234.3
1095351-1095351-what_planet_are_you_from,What Planet Are You From?,28,42,R,"['Sexuality', 'Language']",2000-03-03,2000-07-18,104,Comedy,English,Mike Nichols,"Garry Shandling,Michael Leeson,Garry Shandling,Michael Leeson,Ed Solomon,Peter Tolan",$6.3M,"Columbia Pictures, Sony Pictures Entertainment","Surround, Dolby Digital, DTS, SDDS",6.3
virgin_suicides,The Virgin Suicides,81,79,R,['Thematic Elements'],1999-05-12,2007-08-07,97,Drama,English,Sofia Coppola,"Sofia Coppola,Jeffrey Eugenides",$4.9M,Paramount Pictures,"Dolby Stereo, Dolby SR, Dolby Digital, Surround",4.9
bug,Bug,34,61,R,"['Language', 'Drug Use', 'Nudity', 'Sexuality', 'Some Strong Violence']",2007-05-25,2007-09-25,102,Drama,English,William Friedkin,Tracy Letts,$7.0M,Lionsgate Films,"Dolby, Dolby SRD",7
swimming_upstream,Swimming Upstream,80,61,PG-13,"['Domestic Abuse', 'Alcohol-Related Materials']",2005-02-04,2005-05-31,114,Drama,English,Russell Mulcahy,"Anthony Fingleton,Diane Fingleton",$47.2K,Metro-Goldwyn-Mayer,"Surround, Dolby SRD",0.047200000000000006
luv_2011,Luv,61,34,R,"['Some Drug Content', 'Language', 'Child Endangerment', 'Violence']",2012-12-28,2013-04-02,94,Drama,English,Sheldon Candis,"Sheldon Candis,Justin Wilson",$151.1K,Indomina,Stereo,0.15109999999999998
xmen,X-Men,83,82,PG-13,['Violence'],2000-07-14,2004-12-07,104,Sci-fi,English,Bryan Singer,"Bryan Singer,David Hayter",$157.3M,20th Century Fox,"Surround, Dolby EX, Dolby Digital",157.3
midway_2019,Midway,92,42,PG-13,"['Sequences of War Violence', 'Language', 'Smoking']",2019-11-08,2019-11-08,138,Drama,English,Roland Emmerich,Wes Tooke,$56.8M,Lionsgate Films,Dolby Atmos,56.8
windtalkers,Windtalkers,50,33,R,"['Pervasive Graphic War Violence', 'Language']",2002-06-14,2006-04-25,134,Drama,English,John Woo,"Joe Batteer,John Rice",$40.9M,Metro-Goldwyn-Mayer,"Dolby A, Surround, Dolby Digital, Dolby Stereo, Dolby SR, SDDS, DTS",40.9
shipping_news,The Shipping News,61,54,R,"['Sexuality', 'Disturbing Images', 'Some Language']",2002-01-11,2002-06-18,111,Drama,English,Lasse Hallström,"Robert Nelson Jacobs,E. Annie Proulx",$11.4M,Miramax Films,"Dolby SR, DTS, Dolby Stereo, Surround, SDDS, Dolby A, Dolby Digital",11.4
bubble_boy,Bubble Boy,48,31,PG-13,"['Language', 'Crude Sexual Humor']",2001-08-24,2003-08-05,84,Comedy,English,Blair Hayes,"Cinco Paul,Ken Daurio",$5.0M,Touchstone Pictures,"Dolby SR, DTS, Dolby Stereo, Surround, SDDS, Dolby A, Dolby Digital",5
1175072-license_to_wed,License to Wed,53,7,PG-13,"['Sexual Humor', 'Language']",2007-07-03,2007-10-30,91,Comedy,English,Ken Kwapis,"Kim Barker,Tim Rasmussen,Vince Di Meglio",$43.8M,Warner Bros.,"Dolby SRD, DTS, SDDS",43.8
the_letters_2015,The Letters,66,29,PG,"['Thematic Material', 'Some Images of Human Suffering']",2015-12-04,2016-04-19,119,Drama,English,William Riead,William Riead,$1.6M,Freestyle Releasing,"Dolby Digital, DTS, SDDS",1.6
hollywood_ending,Hollywood Ending,49,47,PG-13,"['Some Drug References', 'Sexual Material']",2002-05-03,2002-09-17,112,Comedy,English,Woody Allen,Woody Allen,$4.8M,DreamWorks SKG,"Mono, Dolby SR, Dolby Digital, Surround, Dolby A, Dolby Stereo",4.8
copying_beethoven,Copying Beethoven,56,28,PG-13,['Some Sexual Elements'],2006-11-10,2007-04-03,103,Drama,English,Agnieszka Holland,"Stephen J. Rivele,Christopher Wilkinson",$352.8K,Metro-Goldwyn-Mayer,Dolby Digital,0.3528
1098734-loser,Loser,35,24,PG-13,"['Drug Content', 'Crude Sexual Material', 'Language']",2000-07-21,2000-12-19,95,Comedy,English,Amy Heckerling,Amy Heckerling,$15.5M,"Sony Pictures Entertainment, Columbia Pictures","Stereo, SDDS, DTS, Surround",15.5
opportunists,The Opportunists,44,54,R,['Language'],2000-08-11,2018-09-17,89,Drama,English,Myles Connell,Myles Connell,$581.1K,First Look,"Dolby, Dolby Stereo",0.5811000000000001
lost_and_delirious,Lost and Delirious,78,51,R,"['Strong Sexual Content', 'Language']",2001-07-06,2001-12-11,102,Drama,English,Léa Pool,"Judith Thompson,Susan Swan",$302.4K,Lionsgate Films,"Dolby Stereo, Dolby Digital, Dolby A, Surround, Dolby SR",0.3024
deuces_wild,Deuces Wild,51,3,R,"['Language', 'Brief Sexuality', 'Some Drug Content', 'Strong Violence']",2002-05-03,2015-09-22,97,Drama,English,Scott Kalvert,"Paul Kimatian,Christopher Gambale",$6.0M,United Artists,"Dolby Stereo, Dolby Digital, Dolby A, Surround, Dolby SR",6
daybreakers,Daybreakers,49,68,R,"['Language', 'Brief Nudity', 'Strong Bloody Violence']",2010-01-08,2010-05-11,98,Sci-fi,English,"Michael Spierig,Peter Spierig","Michael Spierig,Peter Spierig",$30.0M,Lionsgate Films,"Dolby Digital, DTS, SDDS",30
just_friends,Just Friends,71,42,PG-13,['Sexual Content/Dialogue'],2005-11-23,2006-03-07,94,Comedy,English,Roger Kumble,"Adam ""Tex"" Davis",$32.6M,New Line Cinema,Surround,32.6
max_keebles_big_move,Max Keeble's Big Move,38,29,PG,"['Some Bullying', 'Crude Humor']",2001-10-05,2005-01-25,86,Comedy,English,Tim Hill,"Jonathan Bernstein,Mark Blackwell,James Greer,David Watts,Jonathan Bernstein,Mark Blackwell,James Greer",$17.3M,Walt Disney Pictures,"Dolby Stereo, Dolby A, SDDS, DTS, Surround, Dolby Digital, Dolby SR",17.3
october_baby_2011,October Baby,79,25,PG-13,['Mature Thematic Material'],2012-03-23,2012-09-11,106,Drama,English,"Jon Erwin,Andrew Erwin","Jon Erwin,Theresa Preston",$5.4M,Samuel Goldwyn Company,Dolby Digital,5.4
sorcerers_apprentice,The Sorcerer's Apprentice,53,40,PG,"['Fantasy Action Violence', 'Brief Language', 'Some Mild Rude Humor']",2010-07-14,2010-11-30,108,Comedy,English,Jon Turteltaub,"Matt Lopez,Doug Miro,Carlo Bernard",$63.1M,Walt Disney,"SDDS, Dolby Digital, DTS",63.1
star_wars_the_rise_of_skywalker,Star Wars: The Rise of Skywalker,86,52,PG-13,['Sci-Fi Violence and Action'],2019-12-20,2019-12-20,142,Sci-fi,English,J.J. Abrams,"Chris Terrio,J.J. Abrams",$515.2M,Walt Disney,"Dolby Atmos, Dolby Digital, DTS",515.2
star_wars_episode_ii_attack_of_the_clones,Star Wars: Episode II -- Attack of the Clones,56,65,PG,['Sci-Fi Action Violence'],2002-05-16,2005-03-22,143,Sci-fi,English,George Lucas,"George Lucas,Jonathan Hales",$310.7M,20th Century Fox,"Dolby EX, Surround",310.7
house_of_gucci,House of Gucci,83,62,R,"['Language', 'Brief Nudity', 'Some Sexual Content', 'Violence']",2021-11-24,2022-02-01,157,Drama,English,Ridley Scott,"Becky Johnston,Roberto Bentivegna",$53.8M,United Artists Releasing,"Dolby Atmos, Dolby Digital",53.8
me_myself_and_irene,"Me, Myself & Irene",57,48,R,"['Sexual Content', 'Crude Humor', 'Strong Language', 'Violence']",2000-06-23,2002-10-15,117,Comedy,English,"Robert Farrelly,Peter Farrelly","Robert Farrelly,Peter Farrelly,Mike Cerrone",$90.6M,20th Century Fox,"SDDS, Dolby Digital, DTS, Surround, Dolby SR",90.6
freedom_writers,Freedom Writers,87,70,PG-13,"['Some Thematic Material', 'Language', 'Violent Content']",2007-01-05,2007-04-17,123,Drama,English,Richard LaGravenese,Richard LaGravenese,$36.6M,Paramount Pictures,"Dolby SRD, DTS, SDDS",36.6
the_town,The Town,85,92,R,"['Pervasive Language', 'Drug Use', 'Some Sexuality', 'Strong Violence']",2010-09-17,2010-12-17,124,Drama,English,Ben Affleck,"Peter Craig,Ben Affleck,Aaron Stockard",$92.2M,Warner Bros. Pictures,"Dolby Digital, DTS, SDDS",92.2
x_files_2,The X-Files: I Want to Believe,32,32,PG-13,"['Violent and Disturbing Content', 'Thematic Material']",2008-07-25,2008-12-02,104,Sci-fi,English,Chris Carter,"Chris Carter,Frank Spotnitz",$21.0M,20th Century Fox,"Dolby Digital, DTS",21
son_of_the_mask,Son of the Mask,16,6,PG,"['Crude and Suggestive Humor', 'Action', 'Language']",2005-02-18,2005-05-17,95,Comedy,English,Lawrence Guterman,"Tom Gammill,Lance Khazei,Rob McKittrick,Max Pross",$17.0M,New Line Cinema,"Surround, Dolby SRD, DTS, SDDS",17
mortdecai,Mortdecai,30,11,R,"['Some Language', 'Sexual Material']",2015-01-23,2015-05-12,106,Comedy,English,David Koepp,Eric Aronson,$7.7M,Lionsgate Films,Dolby Digital,7.7
jimmys_hall,Jimmy's Hall,61,76,PG-13,"['Language', 'A Scene of Violence']",2015-07-03,2015-11-17,109,Drama,English,Ken Loach,Paul Laverty,$560.3K,Sony Pictures Classics,Dolby Digital,0.5602999999999999
chronicles_of_riddick,The Chronicles of Riddick,65,29,PG-13,"['Sequences of Intense Violence', 'Sequences of Intense Action', 'Some Language']",2004-06-11,2004-11-16,119,Sci-fi,English,David Twohy,"David Twohy,Jim Wheat,Ken Wheat",$57.6M,Universal Pictures,"Dolby SRD, SDDS, Surround, DTS",57.6
1152019-good_night_and_good_luck,"Good Night, and Good Luck.",83,93,PG,"['Mild Thematic Elements', 'Brief Language']",2005-10-07,2006-03-14,93,Drama,English,George Clooney,"George Clooney,Grant Heslov",$31.5M,Warner Independent,Surround,31.5
flight_2012,Flight,75,77,R,"['Intense Action Sequence', 'Drug and Alcohol Abuse', 'Language', 'Sexuality/Nudity']",2012-11-02,2013-02-05,138,Drama,English,Robert Zemeckis,John Gatins,$93.7M,Paramount Pictures,"Datasat, Dolby Digital",93.7
usual_suspects,The Usual Suspects,96,88,R,"['Violence', 'Strong Language']",1995-08-16,2003-09-02,105,Drama,English,Bryan Singer,Christopher McQuarrie,$22.6M,Gramercy Pictures,"Dolby Stereo, Dolby Digital, Dolby A, Surround, Dolby SR",22.6
dora_and_the_lost_city_of_gold,Dora and the Lost City of Gold,88,85,PG,"['Some Impolite Humor', 'Action']",2019-08-09,2019-08-27,102,Comedy,English,James Bobin,"Nicholas Stoller,Matthew Robinson",$60.5M,Paramount Pictures,"Dolby Atmos, DTS",60.5
resurrecting_the_champ,Resurrecting the Champ,60,60,PG-13,"['Some Violence', 'Brief Language']",2007-08-24,2008-04-08,112,Drama,English,Rod Lurie,"Michael Bortman,Allison Burnett",$3.2M,Yari Film Group,"Dolby SRD, DTS, SDDS",3.2
deck_the_halls,Deck the Halls,30,6,PG,"['Language', 'Crude and Suggestive Humor']",2006-11-22,2007-11-06,95,Comedy,English,John Whitesell,"Don Rhymer,Matt Corman,Chris Ord",$35.1M,20th Century Fox,"Dolby SRD, DTS, SDDS",35.1
flintstones_in_viva_rock_vegas,The Flintstones in Viva Rock Vegas,20,25,PG,"['Innuendo', 'Brief Language']",2000-04-28,2007-06-05,87,Comedy,English,Brian Levant,"William Hanna,Joseph Barbera,Deborah Kaplan,Harry Elfont,Jim Cash,Jack Epps Jr.",$35.2M,"Universal Pictures, CIC-Taft Home Video","Dolby Stereo, DTS, SDDS, Surround, Dolby Digital, Dolby SR",35.2
flushed_away,Flushed Away,65,73,PG,"['Some Language', 'Crude Humor']",2006-11-03,2007-02-20,85,Comedy,English,"David Bowers,Sam Fell","Dick Clement,Ian La Frenais,Christopher Lloyd,Joe Keenan,Will Davies",$64.5M,DreamWorks SKG,"SDDS, Dolby Digital, DTS, Dolby SRD",64.5
spencer_2021,Spencer,52,83,R,['Some Language'],2021-11-05,2021-11-23,111,Drama,English,Pablo Larraín,Steven Knight,$7.1M,Neon,Dolby Digital,7.1
you_can_count_on_me,You Can Count on Me,88,95,R,"['Scene of Sexuality', 'Language', 'Some Drug Use']",2000-11-10,2001-06-26,109,Drama,English,Kenneth Lonergan,Kenneth Lonergan,$9.2M,Paramount Pictures,"Dolby SR, Dolby Digital, Dolby EX",9.2
town_and_country,Town & Country,14,13,R,"['Sexuality', 'Language']",2001-04-27,2012-04-01,104,Comedy,English,Peter Chelsom,"Buck Henry,Michael Laughlin",$6.7M,New Line Cinema,"Dolby Stereo, Dolby A, SDDS, DTS, Surround, Dolby Digital, Dolby SR",6.7
geostorm,Geostorm,35,17,PG-13,"['Destruction', 'Action and Violence']",2017-10-20,2018-01-16,109,Sci-fi,English,Dean Devlin,"Dean Devlin,Paul Guyot",$33.4M,Warner Bros. Pictures,Dolby Atmos,33.4
the_square_2017,The Square,71,85,R,"['Language', 'Brief Violence', 'Some Strong Sexual Content']",2017-10-27,2018-01-30,142,Comedy,English,Ruben Östlund,Ruben Östlund,$1.1M,Magnolia Pictures,Dolby Digital,1.1
ararat,Ararat,71,55,R,"['Nudity', 'Language', 'Sexuality', 'Violence']",2002-11-15,2003-07-22,126,Drama,English,Atom Egoyan,Atom Egoyan,$1.6M,Miramax Films,"Dolby SR, DTS, Dolby Stereo, Surround, Dolby A, Dolby Digital",1.6
veronica_guerin,Veronica Guerin,69,53,R,"['Some Drug Content', 'Language', 'Violence']",2003-10-17,2004-03-16,98,Drama,English,Joel Schumacher,"Carol Doyle,Carol Doyle,Mary Agnes Donoghue",$1.6M,Buena Vista Pictures,Surround,1.6
seven_psychopaths,Seven Psychopaths,71,83,R,"['Pervasive Language', 'Bloody Images', 'Sexuality/Nudity', 'Some Drug Use', 'Strong Violence']",2012-10-12,2013-01-29,111,Comedy,English,Martin McDonagh,Martin McDonagh,$15.0M,CBS Films,"Datasat, SDDS, Dolby Digital",15
meet_the_deedles,Meet the Deedles,38,7,PG,"['Violence', 'Language', 'Crude Humor']",1998-03-27,2014-01-01,92,Comedy,English,Steve Boyum,Jim Herzfeld,$4.4M,Walt Disney Pictures,"SDDS, Dolby SR, Dolby Digital, Dolby A, Dolby Stereo",4.4
superman_man_of_steel,Man of Steel,75,56,PG-13,"['Intense Seq. of Destruction', 'Intense Sci-Fi Action/Violence', 'Some Language']",2013-06-14,2013-11-12,143,Sci-fi,English,Zack Snyder,David S. Goyer,$291.0M,Warner Bros. Pictures,"Dolby Atmos, Dolby Digital, Datasat, SDDS",291
deterrence,Deterrence,59,46,R,"['Violence', 'Language']",1999-03-10,2011-06-15,101,Drama,English,Rod Lurie,Rod Lurie,$144.6K,Paramount Pictures,Surround,0.1446
all_eyez_on_me_2017,All Eyez on Me,53,18,R,"['Language Throughout', 'Drug Use', 'Some Nudity and Sexuality', 'Violence']",2017-06-16,2017-09-05,140,Drama,English,Benny Boom,"Jeremy Haft,Ed Gonzalez,Steven Bagatourian",$44.9M,Lionsgate Films,Dolby Digital,44.9
skyline_2010,Skyline,18,15,PG-13,"['Intense Sci-Fi Action/Violence', 'Brief Sexual Content', 'Some Language']",2010-11-12,2011-03-15,94,Sci-fi,English,"Colin Strause,Greg Strause","Joshua Cordes,Liam O'Donnell",$21.4M,Universal Studios,"Dolby Digital, DTS",21.4
1146572-honeymooners,The Honeymooners,30,13,PG-13,"['Rude Humor', 'Some Innuendo']",2005-06-10,2005-11-22,90,Comedy,English,John Schultz,"Barry W. Blaustein,Danny Jacobson,Saladin Patterson,Don Rhymer,David Sheffield",$12.8M,Paramount Pictures,"Dolby SRD, DTS",12.8
freaky,Freaky,80,83,R,"['Sexual Content', 'Language Throughout', 'Strong Bloody Horror Violence']",2020-11-13,2020-12-04,101,Comedy,English,Christopher Landon,"Michael Kennedy,Christopher Landon",$9.0M,Universal Pictures,Dolby Digital,9
cheaper_by_the_dozen_2,Cheaper by the Dozen 2,57,6,PG,"['Some Crude Humor', 'Mild Language']",2005-12-21,2006-05-23,94,Comedy,English,Adam Shankman,Sam Harper,$82.6M,20th Century Fox,"Dolby SRD, DTS",82.6
dancer_in_the_dark,Dancer in the Dark,91,69,R,['Some Violence'],2000-10-06,2001-03-20,140,Drama,English,Lars von Trier,Lars von Trier,$4.2M,Fine Line Features,"Dolby SR, Dolby Digital, Surround",4.2
death_to_smoochy,Death to Smoochy,66,42,R,"['Sexual References', 'Language']",2002-03-29,2002-09-17,109,Comedy,English,Danny DeVito,Adam Resnick,$8.4M,Warner Bros. Pictures,"Surround, Dolby SR, Dolby Digital, Dolby A, Dolby Stereo",8.4
silver_city,Silver City,32,48,R,['Language'],2004-09-17,2005-01-11,128,Drama,English,John Sayles,John Sayles,$1.0M,Newmarket Film Group,Surround,1
the_guilt_trip,The Guilt Trip,39,36,PG-13,"['Some Risque Material', 'Language']",2012-12-19,2013-04-30,95,Comedy,English,Anne Fletcher,Dan Fogelman,$37.1M,Paramount Pictures,"Datasat, Dolby Digital",37.1
1072385-kingpin,Kingpin,69,49,PG-13,"['Crude Sex-Related Humor', 'A Drug Scene']",1996-07-04,2001-06-05,113,Comedy,English,"Robert Farrelly,Peter Farrelly","Barry Fanaro,Mort Nathan",$25.0M,Metro-Goldwyn-Mayer,"Surround, Stereo",25
speedway_junky,Speedway Junky,56,29,R,"['Violence', 'Drug Use', 'Sexual Content', 'Pervasive Language']",2001-08-31,2017-09-04,102,Drama,English,Nickolas Perry,Nickolas Perry,$17.1K,"here! Films, Regent Entertainment [us], Xscapade Pictures Ltd. [gb]",Stereo,0.0171
one_night_at_mccools,One Night at McCool's,39,33,R,"['Sexuality', 'Language', 'Violence']",2001-04-27,2002-11-05,93,Comedy,English,Harald Zwart,Stan Seidel,$6.3M,USA Films,"Dolby SR, DTS, SDDS, Surround, Dolby A, Dolby Digital",6.3
queen_of_katwe_2016,Queen of Katwe,86,94,PG,"['Some Suggestive Material', 'An Accident Scene', 'Thematic Elements']",2016-09-30,2017-01-31,124,Drama,English,Mira Nair,William Wheeler,$8.9M,Walt Disney,Dolby Atmos,8.9
broken_city,Broken City,40,28,R,"['Some Sexual Content', 'Pervasive Language', 'Violence']",2013-01-18,2013-04-23,108,Drama,English,Allen Hughes,Brian Tucker,$19.7M,20th Century Fox,"Datasat, SDDS, Dolby Digital",19.7
godzilla_2014,Godzilla,66,76,PG-13,"['Intense Seq. of Destruction', 'Creature Violence', 'Mayhem']",2014-05-16,2014-09-16,123,Sci-fi,English,Gareth Edwards,Max Borenstein,$200.7M,Warner Bros. Pictures,"Datasat, Dolby Digital",200.7
we_are_your_friends_2015,We Are Your Friends,42,39,R,"['Language Throughout', 'Drug Use', 'Sexual Content', 'Some Nudity']",2015-08-28,2015-11-17,96,Drama,English,Max Joseph,"Max Joseph,Meaghan Oppenheimer",$3.6M,Warner Bros.,Dolby Digital,3.6
the_lego_movie_2_the_second_part,The LEGO Movie 2: The Second Part,68,84,PG,['Mild Action and Rude Humor'],2019-02-08,2019-05-07,107,Comedy,English,Mike Mitchell,"Phil Lord,Chris Miller",$105.8M,Warner Bros. Pictures,"Dolby Atmos, Dolby Digital, DTS",105.8
vulgar,Vulgar,41,23,R,"['Disturbing Sexual Violence', 'Strong Language', 'Some Shootings']",2002-04-26,2002-09-03,91,Drama,English,Bryan Johnson,Bryan Johnson,$14.9K,Lionsgate Films,"Dolby Stereo, Dolby A, Dolby SR, Dolby Digital",0.0149
the_hitmans_bodyguard,The Hitman's Bodyguard,67,43,R,"['Strong Violence', 'Language Throughout']",2017-08-18,2017-11-21,118,Comedy,English,Patrick Hughes,Tom O'Connor,$75.4M,Lionsgate Films,Dolby Atmos,75.4
scotland_pa,"Scotland, Pa.",74,59,R,"['Some Nudity', 'Brief Violence', 'Language', 'Drug Content']",2002-02-15,2005-03-22,104,Comedy,English,Billy Morrissette,"Billy Morrissette,William Shakespeare",$384.1K,Lot 47 Films,"Surround, Dolby SR, Dolby Digital, Dolby A, Dolby Stereo",0.3841
fifty_shades_of_grey,Fifty Shades of Grey,41,24,R,"['Language', 'Graphic Nudity', 'Sexual Dialogue', 'Some Unusual Behavior', 'Strong Sexual Content']",2015-02-13,2015-05-08,125,Drama,English,Sam Taylor-Johnson,Kelly Marcel,$166.1M,Focus Features,Dolby Digital,166.1
money_monster,Money Monster,51,59,R,"['Language Throughout', 'Brief Violence', 'Some Sexuality']",2016-05-13,2016-08-09,98,Drama,English,Jodie Foster,"Jamie Linden,Alan Di Fiore,Jim Kouf",$41.0M,Sony Pictures Entertainment,Dolby Digital,41
big_tease,The Big Tease,55,56,R,['Language'],1999-01-28,2009-01-01,86,Comedy,English,Kevin Allen,"Sacha Gervasi,Craig Ferguson",$185.6K,Warner Bros. Pictures,"SDDS, Dolby Digital, DTS, Surround",0.1856
hotel_mumbai,Hotel Mumbai,87,77,R,"['Language', 'Disturbing Violence Throughout', 'Bloody Images']",2019-03-29,2019-06-11,125,Drama,English,Anthony Maras,"John Collee,Anthony Maras",$9.6M,Bleecker Street Media,Dolby Digital,9.6
hostiles,Hostiles,75,70,R,"['Strong Violence', 'Language']",2018-01-26,2018-04-24,133,Drama,English,Scott Cooper,Scott Cooper,$29.8M,Entertainment Studios Motion Pictures,Dolby Digital,29.8
no_strings_attached_2011,No Strings Attached,51,48,R,"['Sexual Content', 'Language', 'Some Drug Material']",2011-01-21,2011-05-10,108,Comedy,English,Ivan Reitman,Elizabeth Meriwether,$70.6M,Paramount Pictures,"SDDS, Dolby SRD, DTS",70.6
a_guy_thing,A Guy Thing,35,25,PG-13,"['Drug References', 'Crude Humor', 'Language', 'Some Sexual Content']",2003-01-17,2003-05-27,101,Comedy,English,Chris Koch,"Greg Glienna,Pete Schwaba,Matt Tarses,Bill Wrubel",$15.4M,Metro-Goldwyn-Mayer,"Dolby Stereo, Dolby A, DTS-ES, Surround, DTS, SDDS, Dolby Digital, Dolby SR",15.4
aeon_flux,Aeon Flux,39,9,PG-13,"['Sexual Content', 'Sequences of Violence']",2005-12-02,2006-04-25,95,Sci-fi,English,Karyn Kusama,"Phil Hay,Matt Manfredi",$25.9M,Paramount Pictures,"Dolby SRD, DTS, Surround",25.9
the_boss_2016,The Boss,38,22,R,"['Language', 'Brief Drug Use', 'Sexual Content']",2016-04-08,2016-08-23,99,Comedy,English,Ben Falcone,"Melissa McCarthy,Ben Falcone,Steve Mallory",$63.0M,Universal Pictures,Dolby Digital,63
human_stain,The Human Stain,48,42,R,"['Nudity', 'Language', 'Sexuality']",2003-10-31,2004-07-20,106,Drama,English,Robert Benton,"Nicholas Meyer,Philip Roth",$5.4M,Miramax Films,Surround,5.4
statement,The Statement,36,23,R,['Violence'],2003-12-12,2004-04-27,119,Drama,English,Norman Jewison,"Ronald Harwood,Brian Moore",$763.0K,Sony Pictures Classics,Surround,0.763
state_and_main,State and Main,70,85,R,"['Language', 'Brief Sexual Images']",2001-01-12,2011-07-01,106,Comedy,English,David Mamet,David Mamet,$6.9M,"New Line Cinema, Fine Line Features","Surround, Dolby Stereo",6.9
star_wars_episode_i_the_phantom_menace,Star Wars: Episode I -- The Phantom Menace,59,51,PG,"['Sci-Fi Violence', 'Sci-Fi Action']",1999-05-19,2005-03-22,133,Sci-fi,English,George Lucas,George Lucas,$474.5M,20th Century Fox,"Dolby SR, Dolby Stereo, Surround, SDDS, DTS, Dolby EX, Dolby Digital",474.5
alita_battle_angel,Alita: Battle Angel,92,61,PG-13,"['Sequences of Sci-Fi Violence', 'Action', 'Some Language']",2019-02-14,2019-07-23,122,Sci-fi,English,Robert Rodriguez,"James Cameron,Laeta Kalogridis",$85.8M,20th Century Fox,Dolby Atmos,85.8
narc,Narc,79,83,R,"['Pervasive Language', 'Drug Content', 'Strong Brutal Violence']",2003-01-10,2003-06-17,105,Drama,English,Joe Carnahan,Joe Carnahan,$10.5M,Paramount Pictures,"Surround, Dolby SR, Dolby Digital, Dolby A, Dolby Stereo",10.5
three_to_tango,Three to Tango,49,28,PG-13,"['Sex-Related Situations', 'Language']",1999-10-22,2007-05-15,98,Comedy,English,Damon Santostefano,"Rodney Vaccaro,Rodney Vaccaro,Aline Brosh McKenna",$10.5M,Warner Bros. Pictures,"Dolby Stereo, Dolby A, SDDS, DTS, Surround, Dolby Digital, Dolby SR",10.5
adjustment_bureau,The Adjustment Bureau,67,71,PG-13,"['Brief Strong Language', 'A Violent Image', 'Some Sexuality']",2011-03-04,2011-06-21,105,Sci-fi,English,George Nolfi,George Nolfi,$62.5M,Universal Pictures,"Dolby Digital, DTS",62.5
zathura_a_space_adventure,Zathura,51,76,PG,"['Peril', 'Fantasy Action', 'Some Language']",2005-11-11,2006-02-14,101,Sci-fi,English,Jon Favreau,David Koepp,$28.0M,Sony Pictures Entertainment,Surround,28
collateral_beauty,Collateral Beauty,64,13,PG-13,"['Thematic Elements', 'Brief Strong Language']",2016-12-16,2017-03-14,97,Drama,English,David Frankel,Allan Loeb,$31.0M,Warner Bros. Pictures,Dolby Digital,31
all_the_pretty_horses,All the Pretty Horses,42,32,PG-13,"['Strong Language', 'Drug Use', 'Violence']",2000-12-11,2002-09-03,117,Drama,English,Billy Bob Thornton,Ted Tally,$15.5M,"Sony Pictures Entertainment, Miramax Films","Dolby Stereo, Dolby A, SDDS, Surround, Dolby Digital, Dolby SR",15.5
city_of_lies,City of Lies,80,51,R,"['Some Violence', 'Language Throughout', 'Drug Use']",2021-03-19,2021-04-09,114,Drama,English,Brad Furman,Christian Contreras,$565.7K,Saban Films,Dolby Digital,0.5657000000000001
shallow_hal,Shallow Hal,45,50,PG-13,"['Sexual Content', 'Language']",2001-11-09,2002-07-02,114,Comedy,English,"Robert Farrelly,Peter Farrelly","Robert Farrelly,Peter Farrelly,Sean Moynahan",$70.8M,20th Century Fox,"Dolby SR, DTS, Dolby Stereo, Surround, Dolby A, Dolby Digital",70.8
1093641-hurricane,The Hurricane,87,83,R,"['Violence', 'Language']",2000-01-14,2006-03-28,146,Drama,English,Norman Jewison,"Rubin ""Hurricane"" Carter,Sam Chaiton,Terry Swinton,Armyan Bernstein,Dan Gordon",$50.7M,Universal Pictures,"Surround, Dolby Digital, DTS, SDDS",50.7
jurassic_world_fallen_kingdom,Jurassic World: Fallen Kingdom,48,47,PG-13,"['Science-Fiction Violence', 'Peril']",2018-06-22,2018-09-18,128,Sci-fi,English,J. A. Bayona,"Colin Trevorrow,Derek Connolly",$416.7M,Universal Pictures,"DTS, Dolby Atmos, Dolby Digital",416.7
lucky_numbers,Lucky Numbers,19,22,R,"['Drug Use', 'Brief Violence', 'Language', 'Sexuality']",2000-10-27,2008-03-18,105,Comedy,English,Nora Ephron,Adam Resnick,$10.0M,"DreamWorks SKG, Paramount Pictures","Dolby Stereo, Dolby Digital, DTS, Surround, Dolby SR",10
the_darkest_minds,The Darkest Minds,72,15,PG-13,"['Thematic Elements', 'Disturbing Images', 'Violence']",2018-08-03,2018-10-30,104,Sci-fi,English,Jennifer Yuh Nelson,Chad Hodge,$12.7M,20th Century Fox,"Dolby Atmos, DTS",12.7
stage_beauty,Stage Beauty,78,64,R,"['Sexual Content', 'Language']",2004-10-08,2005-03-08,110,Drama,English,Richard Eyre,Jeffrey Hatcher,$776.7K,Lionsgate/Artisan,"Surround, Dolby SR",0.7767000000000001
a_kind_of_murder,A Kind of Murder,15,33,R,"['Some Violence', 'Language']",2016-12-16,2017-03-21,98,Drama,English,Andy Goddard,Susan Boyd,$2.0K,Magnolia Pictures,"SDDS, Dolby Digital, DTS",0.002
adam_sandlers_eight_crazy_nights,Adam Sandler's Eight Crazy Nights,49,13,PG-13,"['Drinking', 'Brief Drug References', 'Frequent Crude Humor', 'Frequent Crude Sexual Humor']",2002-11-27,2003-11-04,76,Comedy,English,Seth Kearsley,"Brooks Arthur,Allen Covert,Adam Sandler,Brad Isaacs",$23.4M,Columbia Pictures,"Dolby Stereo, Dolby A, SDDS, DTS, Surround, Dolby Digital, Dolby SR",23.4
chasing_liberty,Chasing Liberty,60,18,PG-13,"['Sexual Content', 'Brief Nudity']",2004-01-09,2007-05-15,110,Comedy,English,Andy Cadiff,"Derek Guiley,David Schneiderman",$12.2M,Warner Bros. Pictures,"Surround, Dolby SR, DTS, SDDS",12.2
eternal_sunshine_of_the_spotless_mind,Eternal Sunshine of the Spotless Mind,94,92,R,"['Some Drug Content', 'Language', 'Some Sexual Content']",2004-03-19,2004-09-28,108,Sci-fi,English,Michel Gondry,"Charlie Kaufman,Michel Gondry",$34.1M,Focus Features,"Dolby SRD, DTS, Surround",34.1
christopher_robin,Christopher Robin,83,72,PG,['Some Action'],2018-08-03,2018-11-06,104,Comedy,English,Marc Forster,"Alex Ross Perry,Tom McCarthy,Allison Schroeder,Greg Brooker,Mark Steven Johnson",$99.2M,Walt Disney,Dolby Digital,99.2
1141102-are_we_there_yet,Are We There Yet?,45,12,PG,"['Rude Humor', 'Language']",2005-01-21,2005-05-24,94,Comedy,English,Brian Levant,"Ice Cube,Steven Gary Banks,Claudia Grazioso",$82.3M,Sony Pictures Entertainment,"Surround, Dolby SRD, DTS, SDDS",82.3
the_girl_who_believes_in_miracles,The Girl Who Believes in Miracles,93,40,PG,"['Thematic Content', 'Brief Smoking', 'A Brief Fight']",2021-04-02,2021-05-17,100,Drama,English,Richard Correll,"Richard Correll,G.M. Mercier",$3.1M,Atlas Distribution Company,Dolby,3.1
debs,D.E.B.S.,56,42,PG-13,"['Sexual Content', 'Language']",2005-03-25,2005-06-07,91,Comedy,English,Angela Robinson,Angela Robinson,$96.8K,IDP Distribution,Surround,0.0968
terminator_dark_fate,Terminator: Dark Fate,82,70,R,"['Language', 'Brief Nudity', 'Violence Throughout']",2019-11-01,2019-11-01,128,Sci-fi,English,Tim Miller,"David S. Goyer,Justin Rhodes,Billy Ray",$62.2M,Paramount Pictures,Dolby Atmos,62.2
the_hunt_2019,The Hunt,66,57,R,"['Strong Bloody Violence', 'Language Throughout']",2020-03-13,2020-03-20,90,Comedy,English,Craig Zobel,"Nick Cuse,Damon Lindelof",$5.3M,Universal Pictures,Dolby Digital,5.3
the_star_2017,The Star,70,43,PG,['Some Thematic Elements'],2017-11-17,2018-02-20,86,Comedy,English,Timothy Reckart,Carlos Kotkin,$40.4M,Sony Pictures Entertainment,"DTS, Dolby Atmos, Dolby Digital",40.4
the_jimmy_show,The Jimmy Show,38,40,R,['Language'],2002-12-13,2003-05-27,96,Drama,English,Frank Whaley,Jonathan Marc Sherman,$703,First Look,"Dolby Stereo, Dolby Digital, Dolby A, Surround, Dolby SR",NA
goosebumps_2015,Goosebumps,62,78,PG,"['Some Rude Humor', 'Scary Intense Creature Action']",2015-10-16,2016-01-26,103,Comedy,English,Rob Letterman,Darren Lemke,$80.1M,Sony Pictures Entertainment,Dolby Atmos,80.1
wall_street_money_never_sleeps,Wall Street: Money Never Sleeps,44,55,PG-13,"['Thematic Elements', 'Brief Strong Language']",2010-09-24,2010-12-21,130,Drama,English,Oliver Stone,"Allan Loeb,Stephen Schiff",$52.5M,20th Century Fox,"Dolby, DTS",52.5
the_boxer,The Boxer,74,80,R,"['Some Violence', 'Language']",1997-12-19,2004-08-24,113,Drama,English,Jim Sheridan,"Jim Sheridan,Terry George",$5.8M,Universal Pictures,"SDDS, DTS, Surround",5.8
this_is_the_end,This Is the End,71,83,R,"['Crude and Sexual Content', 'Brief Graphic Nudity', 'Drug Use', 'Pervasive Language', 'Some Violence']",2013-06-12,2013-10-01,107,Comedy,English,"Seth Rogen,Evan Goldberg","Seth Rogen,Evan Goldberg",$101.5M,Sony Pictures Entertainment,"Datasat, SDDS, Dolby Digital",101.5
underwater_2020,Underwater,60,48,PG-13,"['Sci-Fi Action', 'Brief Strong Language', 'Terror']",2020-01-10,2020-04-14,95,Sci-fi,English,William Eubank,"Brian Duffield,Adam Cozad",$17.3M,20th Century Fox,Dolby Atmos,17.3
restless_2010,Restless,48,38,PG-13,"['Thematic Elements', 'Brief Sensuality']",2011-09-16,2012-01-24,93,Drama,English,Gus Van Sant,Jason Lew,$163.1K,Sony Pictures Classics,"SDDS, Dolby Digital, DTS",0.1631
hail_caesar_2016,"Hail, Caesar!",44,86,PG-13,"['Some Suggestive Content', 'Smoking']",2016-02-05,2016-06-07,106,Comedy,English,"Joel Coen,Ethan Coen","Joel Coen,Ethan Coen",$30.0M,Universal Pictures,"Datasat, Dolby Digital",30
the_spongebob_movie_sponge_out_of_water,The SpongeBob Movie: Sponge Out of Water,54,81,PG,"['Rude Humor', 'Mild Action']",2015-02-06,2015-06-02,92,Comedy,English,"Paul Tibbitt,Mike Mitchell","Glenn Berger,Jonathan Aibel,Paul Tibbitt",$163.4M,Paramount Pictures,"Datasat, Dolby Digital",163.4
orange_county,Orange County,61,47,PG-13,"['Language', 'Brief Drug References', 'Sexual Content', 'Violence']",2002-01-11,2002-06-18,81,Comedy,English,Jake Kasdan,Mike White,$41.0M,Paramount Pictures,"Dolby Stereo, Dolby Digital, Dolby A, Surround, Dolby SR",41
dot_the_i,Dot the I,76,25,R,"['Some Violence', 'Nudity', 'Language', 'Strong Sexuality']",2005-03-11,2005-10-18,92,Drama,English,Matthew Parkhill,"Matthew Parkhill,Matthew Parkhill",$306.2K,Innovation Film Group,Dolby Digital,0.30619999999999997
clerks,Clerks,89,90,R,"['Sexual Content', 'Language']",1994-10-19,2004-09-07,91,Comedy,English,Kevin Smith,Kevin Smith,$2.1M,Miramax Films,"Dolby, Mono",2.1
mudge_boy,The Mudge Boy,73,77,R,"['Rape', 'Language', 'Graphic Dialogue', 'Strong Sexual Content']",2003-01-17,2006-05-09,94,Drama,English,Michael Burke,Michael Burke,$62.5K,Strand Releasing,"Surround, Dolby Digital",0.0625
the_meg,The Meg,42,46,PG-13,"['Bloody Images', 'Action/Peril', 'Some Language']",2018-08-10,2018-11-13,113,Sci-fi,English,Jon Turteltaub,"Dean Georgaris,Jon Hoeber,Erich Hoeber",$142.8M,Warner Bros. Pictures,Dolby Atmos,142.8
10004288-running_scared,Running Scared,79,41,R,"['Language', 'Drug Content', 'Pervasive Brutal Violence', 'Sexuality']",2006-02-24,2006-06-06,121,Drama,English,Wayne Kramer,Wayne Kramer,$6.9M,New Line Cinema,"Dolby SRD, DTS, SDDS",6.9
prestige,The Prestige,92,76,PG-13,"['Violence', 'Disturbing Images']",2006-10-20,2007-02-13,130,Drama,English,Christopher Nolan,"Jonathan Nolan,Christopher Nolan",$53.1M,Buena Vista,"Dolby SRD, DTS, SDDS",53.1
king_richard,King Richard,98,90,PG-13,"['Brief Drug References', 'A Sexual Reference', 'Some Violence', 'Strong Language']",2021-11-19,2021-11-19,146,Drama,English,Reinaldo Marcus Green,Zach Baylin,$15.1M,Warner Bros. Pictures,Dolby Digital,15.1
127_hours,127 Hours,85,93,R,"['Disturbing Violent Content', 'Bloody Images', 'Language']",2011-01-28,2011-03-01,93,Drama,English,Danny Boyle,"Simon Beaufoy,Danny Boyle",$18.3M,Fox Searchlight,"SDDS, Dolby Digital, DTS",18.3
born_romantic,Born Romantic,55,58,R,"['Sexuality', 'Language']",2000-09-14,2002-05-21,97,Comedy,English,David Kane,David Kane,$14.6K,United Artists,"Dolby SR, Dolby Digital, Dolby A, Dolby Stereo",0.0146
summer_catch,Summer Catch,40,8,PG-13,"['Language', 'Drinking', 'Sexual Content']",2001-08-24,2001-12-04,108,Comedy,English,Michael Tollin,"Kevin Falls,John Gatins",$19.7M,Warner Bros. Pictures,"Dolby SR, DTS, Dolby Stereo, Surround, SDDS, Dolby A, Dolby Digital",19.7
flicka,Flicka,82,54,PG,['Some Mild Language'],2006-10-20,2007-02-06,95,Drama,English,Michael Mayer,"Mark Rosenthal,Lawrence Konner",$21.0M,20th Century Fox,"Dolby SRD, DTS, SDDS",21
i_am_david,I Am David,84,39,PG,"['Violence', 'Thematic Elements']",2004-12-03,2005-04-05,92,Drama,English,Paul Feig,Paul Feig,$284.0K,Lionsgate Films,Surround,0.284
10008502-christmas_carol,Disney's A Christmas Carol,58,53,PG,"['Scary Sequences', 'Scary Images']",2009-11-06,2010-08-17,95,Drama,English,Robert Zemeckis,Robert Zemeckis,$137.9M,Walt Disney,"Dolby Digital, SDDS, DTS",137.9
ticket_to_paradise_2022,Ticket to Paradise,87,56,PG-13,"['Some Strong Language', 'Brief Suggestive Material']",2022-10-21,2022-12-09,104,Comedy,English,Ol Parker,"Ol Parker,Daniel Pipski",$68.2M,Universal Pictures,"Dolby Atmos, Dolby Digital",68.2
the_young_and_prodigious_ts_spivet,The Young and Prodigious T.S. Spivet,70,78,PG,"['Some Reckless Behavior', 'Language', 'Thematic Elements']",2015-07-31,2015-11-03,105,Drama,English,Jean-Pierre Jeunet,"Jean-Pierre Jeunet,Guillaume Laurant",$176.1K,Weinstein Co.,Dolby Digital,0.1761
the_prophet_2014,Kahlil Gibran's The Prophet,75,65,PG,"['Thematic Elements', 'Some Violence', 'Sensual Images']",2015-08-07,2016-02-02,85,Drama,English,Roger Allers,Roger Allers,$298.4K,GKIDS,Dolby,0.2984
the_wolverine_2012,The Wolverine,69,71,PG-13,"['Language', 'Intense Sci-Fi Action', 'Some Sexuality', 'Violence']",2013-07-26,2013-12-03,126,Sci-fi,English,James Mangold,"Scott Frank,Mark Bomback,Christopher McQuarrie",$132.5M,20th Century Fox,"SDDS, Datasat, Dolby Atmos",132.5
claim,The Claim,49,62,R,"['Some Language', 'Sexuality', 'Violence']",2000-12-29,2001-12-26,120,Drama,English,Michael Winterbottom,"Thomas Hardy,Frank Cottrell Boyce,Frank Cottrell Boyce",$622.0K,"United Artists, Metro-Goldwyn-Mayer","Dolby SR, DTS, Dolby Stereo, Surround, Dolby A, Dolby Digital",0.622
we_were_soldiers,We Were Soldiers,84,64,R,"['Language', 'Graphic War Violence']",2002-03-01,2002-08-20,137,Drama,English,Randall Wallace,"Joe Galloway,Hal Moore,Randall Wallace",$78.1M,Paramount Pictures,"Dolby Digital, DTS, SDDS",78.1
dead_girl,The Dead Girl,65,76,R,"['Nudity', 'Language', 'Grisly Images', 'Sexuality']",2007-01-19,2007-05-15,94,Drama,English,Karen Moncrieff,Karen Moncrieff,$17.3K,First Look,"SDDS, Dolby Digital, DTS",0.0173
mr_3000,Mr. 3000,30,55,PG-13,"['Sexual Content', 'Language']",2004-09-08,2005-10-30,102,Comedy,English,Charles Stone III,"Eric Champnella,Keith Mitchell",$21.8M,Buena Vista Pictures,"Surround, Dolby SRD, DTS, SDDS",21.8
alien_vs_predator,Alien vs. Predator,39,22,PG-13,"['Language', 'Horror Images', 'Slime and Gore', 'Violence']",2004-08-12,2014-05-11,100,Sci-fi,English,Paul W.S. Anderson,"Dan O'Bannon,Ronald Shusett,Paul W.S. Anderson",$80.3M,20th Century Fox,"Surround, DTS, Dolby SR",80.3
captain_underpants_the_first_epic_movie,Captain Underpants: The First Epic Movie,62,87,PG,['Mild Rude Humor Throughout'],2017-06-02,2017-09-12,89,Comedy,English,David Soren,Nicholas Stoller,$73.9M,20th Century Fox,"DTS, Dolby Digital, Dolby Atmos",73.9
kingsman_the_golden_circle,Kingsman: The Golden Circle,64,50,R,"['Language Throughout', 'Drug Content', 'Sequences of Strong Violence', 'Some Sexual Material']",2017-09-22,2017-09-05,141,Comedy,English,Matthew Vaughn,"Jane Goldman,Matthew Vaughn",$100.2M,20th Century Fox,"Dolby Digital, Dolby Atmos",100.2
dark-shadows-2010,Dark Shadows,46,35,PG-13,"['Language', 'Comic Horror Violence', 'Sexual Content', 'Smoking', 'Some Drug Use']",2012-05-11,2012-10-02,112,Comedy,English,Tim Burton,Seth Grahame-Smith,$79.7M,Warner Bros. Pictures,"Dolby Digital, SDDS, Datasat",79.7
monsters_ball,Monster's Ball,67,85,R,"['Language', 'Violence', 'Strong Sexual Content']",2001-12-26,2002-06-11,111,Drama,English,Marc Forster,"Milo Addica,Will Rokos",$31.3M,Lionsgate Films,"Dolby A, Surround, Dolby Digital, Dolby Stereo, Dolby SR, SDDS",31.3
john_q,John Q,78,25,PG-13,"['Language', 'Intense Thematic Elements', 'Violence']",2002-02-15,2002-07-16,118,Drama,English,Nick Cassavetes,James Kearns,$71.0M,New Line Cinema,"Dolby SR, DTS, Dolby Stereo, SDDS, DTS-ES, Dolby A, Surround, Dolby Digital",71
tape,Tape,76,77,R,"['Language', 'Drug Content']",2001-11-02,2002-04-16,83,Drama,English,Richard Linklater,"Stephen Belber,Stephen Belber",$490.5K,Lionsgate Films,"Surround, Dolby Stereo",0.4905
scary_movie_3,Scary Movie 3,54,35,PG-13,"['Drug References', 'Comic Violence', 'Language', 'Pervasive Crude Humor', 'Sexual Humor']",2003-10-24,2004-05-11,84,Comedy,English,David Zucker,"Pat Proft,Craig Mazin",$110.0M,Miramax Films,"SDDS, DTS, Surround, Dolby Digital, Dolby Stereo",110
kings_ransom,King's Ransom,32,2,PG-13,"['Sexual Humor', 'Language', 'Crude Humor']",2005-04-22,2005-07-26,97,Comedy,English,Jeff Byrd,"Wayne Conley,Kevin Bisch",$4.0M,New Line Cinema,"SDDS, Dolby SRD, DTS, Surround",4
girlfight,Girlfight,75,87,R,['Language'],2000-09-29,2002-04-02,113,Drama,English,Karyn Kusama,Karyn Kusama,$1.5M,"Columbia TriStar Home Video, Screen Gems","SDDS, Dolby SR, Dolby Digital, Surround",1.5
inside_man,Inside Man,85,86,R,"['Some Violent Images', 'Language']",2006-03-24,2006-08-08,129,Drama,English,Spike Lee,Adam Erbacher,$88.5M,Universal Pictures,"SDDS, Dolby Digital, DTS, Dolby SRD",88.5
gaia_2021,Gaia,43,85,R,"['Language', 'Bloody Images', 'Nudity', 'Sexual Content', 'Some Violence']",2021-06-18,2021-06-25,97,Drama,English,Jaco Bouwer,Tertius Kapp,$126.1K,Decal,Dolby Digital,0.1261
a_better_life,A Better Life,79,85,PG-13,"['Language', 'Brief Drug Use', 'Some Violence']",2011-06-24,2011-10-18,98,Drama,English,Chris Weitz,"Eric Eason,Roger L. Simon",$1.8M,Summit Entertainment,"Dolby Digital, DTS",1.8
prometheus_2012,Prometheus,68,73,R,"['Sci-Fi Violence', 'Brief Language', 'Some Intense Images']",2012-06-08,2012-10-09,123,Sci-fi,English,Ridley Scott,"Jon Spaihts,Damon Lindelof",$126.5M,20th Century Fox,"Datasat, Dolby",126.5
30_years_to_life,30 Years to Life,67,67,R,"['Language', 'Some Sexuality']",2002-06-07,2010-03-02,103,Comedy,English,Vanessa Middleton,Vanessa Middleton,$12.7K,Keystone Entertainment,Mono,0.0127
kicking_and_screaming,Kicking & Screaming,43,41,PG,"['Some Crude Humor', 'Language', 'Thematic Elements']",2005-05-13,2005-10-11,94,Comedy,English,Jesse Dylan,"Leo Benvenuti,Steve Rudnick",$52.6M,Universal Pictures,"Surround, Dolby SRD, DTS, SDDS",52.6
big_trouble_2002,Big Trouble,54,48,PG-13,"['Language', 'Crude Humor', 'Sex-Related Material']",2002-04-05,2002-10-08,85,Comedy,English,Barry Sonnenfeld,"Robert Ramsey,Matthew Stone,Dave Barry",$7.3M,"Buena Vista Pictures, Touchstone Pictures","Dolby SR, DTS, Dolby Stereo, Surround, SDDS, Dolby A, Dolby Digital",7.3
ghost_in_the_shell_2017,Ghost in the Shell,51,43,PG-13,"['Some Disturbing Images', 'Intense Sci-Fi Violence', 'Suggestive Content']",2017-03-31,2017-07-25,107,Sci-fi,English,Rupert Sanders,"Jamie Moss,William Wheeler,Ehren Kruger",$40.5M,Paramount Pictures,"Dolby Digital, Dolby Atmos, DTS",40.5
bridget_jones_the_edge_of_reason,Bridget Jones: The Edge of Reason,60,27,R,"['Some Sexual Content', 'Language']",2004-11-19,2005-03-22,106,Comedy,English,Beeban Kidron,"Andrew Davies,Helen Fielding,Adam Brooks,Richard Curtis",$40.2M,Miramax Films,"Surround, Dolby SRD, DTS, SDDS",40.2
match_point,Match Point,81,77,R,['Some Sexuality'],2005-12-28,2009-05-05,124,Drama,English,Woody Allen,Woody Allen,$23.1M,DreamWorks SKG,Dolby SRD,23.1
chelsea_walls,Chelsea Walls,40,26,R,['Language'],2002-04-19,2002-08-06,109,Drama,English,Ethan Hawke,"Nicole Burdette,Nicole Burdette",$59.7K,Lionsgate Films,Surround,0.0597
reminiscence_2021,Reminiscence,37,36,PG-13,"['Sexual Content', 'Drug Material Throughout', 'Some Strong Language', 'Strong Violence']",2021-08-20,2021-08-20,116,Sci-fi,English,Lisa Joy,Lisa Joy,$3.9M,Warner Bros. Pictures,"Dolby Atmos, Dolby Digital",3.9
teenage_mutant_ninja_turtles_2013,Teenage Mutant Ninja Turtles,50,21,PG-13,['Sci-Fi Action Violence'],2014-08-08,2014-12-16,101,Comedy,English,Jonathan Liebesman,"Josh Appelbaum,Andre Nemec,Evan Daugherty",$191.2M,Paramount Pictures,"Datasat, Dolby Atmos",191.2
business_of_strangers,The Business of Strangers,51,81,R,"['Strong Language', 'Some Sexuality']",2001-12-07,2017-01-19,84,Drama,English,Patrick Stettner,Patrick Stettner,$1.0M,IFC Films,"Dolby Stereo, Dolby Digital, Dolby A, Surround, Dolby SR",1
signs,Signs,67,75,PG-13,['Some Frightening Moments'],2002-08-02,2003-08-19,106,Sci-fi,English,M. Night Shyamalan,M. Night Shyamalan,$228.0M,Touchstone Pictures,"Dolby SR, DTS, Dolby Stereo, Surround, SDDS, Dolby A, Dolby Digital",228
1917_2019,1917,88,89,R,"['Some Disturbing Images', 'Language', 'Violence']",2020-01-10,2019-12-25,119,Drama,English,Sam Mendes,"Sam Mendes,Krysty Wilson-Cairns",$159.2M,Universal Pictures,Dolby Atmos,159.2
cedar_rapids_2010,Cedar Rapids,59,86,R,"['Drug Use', 'Crude and Sexual Content', 'Language']",2011-02-11,2011-06-21,87,Comedy,English,Miguel Arteta,Phil Johnston,$6.9M,Fox Searchlight,"SDDS, Dolby Digital, DTS",6.9
libertine,The Libertine,58,33,R,"['Strong Sexuality Inc. Dialogue', 'Language', 'Violence']",2005-11-25,2006-07-04,114,Drama,English,Laurence Dunmore,Stephen Jeffreys,$4.8M,Weinstein Co.,"Dolby SRD, Dolby Digital",4.8
gods_and_generals,Gods and Generals,64,8,PG-13,['Sustained Battle Sequences'],2003-02-21,2004-08-31,223,Drama,English,Ronald F. Maxwell,"Ronald F. Maxwell,Jeff Shaara",$12.9M,Warner Bros. Pictures,"Dolby Digital, Dolby SR, SDDS, Dolby Stereo, DTS, Surround, Dolby A",12.9
witless_protection,Witless Protection,46,4,PG-13,['Crude and Sex-Related Humor'],2008-02-22,2008-06-10,97,Comedy,English,Charles Robert Carner,Charles Robert Carner,$4.1M,Lionsgate Films,Dolby SRD,4.1
wimbledon,Wimbledon,57,61,PG-13,"['Partial Nudity', 'Language', 'Sexuality']",2004-09-17,2004-12-28,97,Comedy,English,Richard Loncraine,"Adam Brooks,Jennifer Flackett,Mark Levin",$16.8M,Universal Pictures,"Surround, Dolby SRD, DTS, SDDS",16.8
dunkirk_2017,Dunkirk,81,92,PG-13,"['Some Language', 'Intense War Experience']",2017-07-21,2017-12-12,107,Drama,English,Christopher Nolan,Christopher Nolan,$188.0M,Warner Bros. Pictures,"Datasat, Dolby Atmos, Dolby Digital",188
beautiful_country,The Beautiful Country,79,78,R,"['Some Language', 'Crude Sexual Reference']",2005-05-13,2005-12-13,136,Drama,English,Hans Petter Moland,Sabina Murray,$442.6K,Sony Pictures Classics,Dolby SRD,0.44260000000000005
the_secret_life_of_walter_mitty_2013,The Secret Life of Walter Mitty,71,52,PG,"['Language', 'Action/Violence', 'Some Crude Comments']",2013-12-25,2014-04-15,114,Comedy,English,Ben Stiller,Steve Conrad,$58.2M,20th Century Fox,"Datasat, Dolby",58.2
dogma,Dogma,85,67,R,"['Some Drug Content', 'Sex-Related Dialogue', 'Crude Humor', 'Strong Language', 'Violence']",1999-11-12,2002-12-17,135,Comedy,English,Kevin Smith,Kevin Smith,$30.7M,Lionsgate Films,"Dolby SR, Dolby Digital",30.7
arthur_2011,Arthur,44,26,PG-13,"['Language', 'Alcohol Use Throughout', 'Sexual Content', 'Some Drug References']",2011-04-08,2011-07-15,110,Comedy,English,Jason Winer,Peter Baynham,$33.0M,Warner Bros. Pictures,"SDDS, Dolby Digital, DTS",33
the_matrix_resurrections,The Matrix Resurrections,63,63,R,['Violence and Some Language'],2021-12-22,2021-12-22,148,Sci-fi,English,Lana Wachowski,"Lana Wachowski,David Mitchell,Aleksandar Hemon",$37.7M,Warner Bros. Pictures,Dolby Atmos,37.7
jesus_son,Jesus' Son,83,79,R,"['Strong Language', 'Sexuality', 'Drug Use', 'Violence']",1999-09-05,2009-06-23,109,Drama,English,Alison Maclean,"Denis Johnson,Elizabeth Cuthrell,David Urrutia,Oren Moverman",$1.3M,Lionsgate Films,"Surround, Dolby Stereo",1.3
murder_on_the_orient_express_2017,Murder on the Orient Express,54,61,PG-13,['Violence and Thematic Elements'],2017-11-10,2018-02-27,114,Drama,English,Kenneth Branagh,Michael Green,$101.5M,20th Century Fox,Dolby Atmos,101.5
lets_go_to_prison,Let's Go to Prison,48,13,R,"['Language', 'Drug Material', 'Sexual Content', 'Some Violence']",2006-11-17,2008-09-23,89,Comedy,English,Bob Odenkirk,"Robert Ben Garant,Thomas Lennon,Michael Patrick Jann",$4.6M,Universal Pictures,"SDDS, DTS, Dolby SRD",4.6
black_mass_2015,Black Mass,68,73,R,"['Brutal Violence', 'Brief Drug Use', 'Language Throughout', 'Some Sexual References']",2015-09-18,2016-02-16,122,Drama,English,Scott Cooper,"Mark Mallouk,Jez Butterworth",$62.6M,Warner Bros.,Dolby Digital,62.6
the_missing_2003,The Missing,50,58,R,['Violence'],2003-11-26,2004-02-24,135,Drama,English,Ron Howard,Ken Kaufman,$26.9M,"Columbia Pictures, Sony Pictures Entertainment","Surround, Dolby SR, DTS, SDDS",26.9
jacket,The Jacket,73,44,R,"['Language', 'Brief Sexuality', 'Nudity', 'Violence']",2005-03-04,2007-09-04,102,Sci-fi,English,John Maybury,"Marc Rocco,Massy Tadjedin",$6.3M,Warner Independent,"SDDS, Dolby SRD, DTS, Surround",6.3
intolerable_cruelty,Intolerable Cruelty,48,75,PG-13,"['Language', 'Brief Violence', 'Sexual Content']",2003-10-10,2004-06-29,100,Comedy,English,Joel Coen,"Robert Ramsey,Matthew Stone,Joel Coen,Ethan Coen,Robert Ramsey,Matthew Stone,John Romano",$35.1M,Universal Pictures,Surround,35.1
the_switch_2010,The Switch,44,53,PG-13,"['Drug Use', 'Dialogue', 'Some Nudity', 'Language', 'Mature Thematic Content', 'Sexual Material']",2010-08-20,2010-12-21,101,Comedy,English,"Josh Gordon,Will Speck",Allan Loeb,$27.8M,Miramax Films,"SDDS, Dolby Digital, DTS",27.8
when_the_game_stands_tall,When the Game Stands Tall,72,20,PG,"['Brief Smoking', 'A Scene of Violence', 'Thematic Material']",2014-08-22,2014-12-09,115,Drama,English,Thomas Carter,Scott Marshall Smith,$30.1M,Sony Pictures Entertainment,"SDDS, Dolby Digital, DTS",30.1
chappie,Chappie,56,32,R,"['Language', 'Brief Nudity', 'Violence']",2015-03-06,2015-06-16,120,Sci-fi,English,Neill Blomkamp,"Neill Blomkamp,Terri Tatchell",$31.6M,Sony Pictures Entertainment,Dolby Digital,31.6
laurel_canyon,Laurel Canyon,52,69,R,"['Language', 'Drug Use', 'Sexuality']",2003-03-07,2003-07-15,101,Drama,English,Lisa Cholodenko,Lisa Cholodenko,$3.7M,Sony Pictures Classics,"Surround, Dolby SR, Dolby Digital, Dolby A, Dolby Stereo",3.7
the_last_black_man_in_san_francisco,The Last Black Man in San Francisco,84,92,R,"['Language', 'Drug Use', 'Brief Nudity']",2019-06-07,2019-08-13,121,Drama,English,Joe Talbot,"Joe Talbot,Rob Richert",$4.5M,A24,Dolby Digital,4.5
limey,The Limey,78,92,R,"['Violence', 'Language']",1999-10-08,2000-03-21,90,Drama,English,Steven Soderbergh,Lem Dobbs,$3.2M,Artisan Entertainment,"Dolby SR, DTS, SDDS, Surround, Dolby A, Dolby Digital",3.2
vera_drake,Vera Drake,84,92,R,['Strong Thematic Material'],2004-10-10,2005-03-29,125,Drama,English,Mike Leigh,Mike Leigh,$3.8M,Fine Line Features,"Surround, Dolby SRD, DTS, SDDS",3.8
lantana,Lantana,82,91,R,"['Sexuality', 'Language']",2002-01-25,2002-05-21,121,Drama,English,Ray Lawrence,Andrew Bovell,$4.5M,Lionsgate Films,"Dolby Stereo, Dolby Digital, Dolby A, Surround, Dolby SR",4.5
just_like_heaven,Just Like Heaven,75,54,PG-13,['Some Sexual Content'],2005-09-16,2006-05-22,95,Comedy,English,Mark Waters,"Peter Tolan,Leslie Dixon,Marc Levy",$48.3M,DreamWorks SKG,"Dolby SRD, DTS, SDDS",48.3
serenity,Serenity,91,82,PG-13,"['Sequences of Intense Violence', 'Action', 'Some Sexual References']",2005-09-30,2005-12-20,119,Sci-fi,English,Joss Whedon,Joss Whedon,$25.3M,Universal Pictures,"Surround, Dolby SRD, DTS, SDDS",25.3
garfield_2,Garfield: A Tail of Two Kitties,43,12,PG,['Some Off-Color Elements'],2006-06-16,2006-10-10,78,Comedy,English,Tim Hill,"Joel Cohen,Alec Sokolow",$28.4M,Fox,"DTS, Dolby Digital",28.4
wild_thornberrys_movie,The Wild Thornberrys Movie,51,80,PG,['Some Adventure Peril'],2002-12-20,2003-04-01,85,Comedy,English,"Cathy Malkasian,Jeff McGrath",Kate Boutilier,$39.9M,Paramount Pictures,Surround,39.9
pollock,Pollock,74,80,R,"['Language', 'Brief Sexuality']",2000-09-30,2001-07-24,118,Drama,English,Ed Harris,"Steven Naifeh,Gregory White Smith,Barbara Turner,Susan Emshwiller",$8.6M,Sony Pictures Classics,"Surround, Dolby Stereo",8.6
12_years_a_slave,12 Years a Slave,90,95,R,"['Some Nudity', 'Brief Sexuality', 'Violence/Cruelty']",2013-10-18,2014-03-04,134,Drama,English,Steve McQueen,John Ridley,$56.7M,Fox Searchlight,"Datasat, Dolby Digital",56.7
dont_mess_with_texas_2014,Hot Pursuit,35,8,PG-13,"['Sexual Contact', 'Language', 'Some Drug Material', 'Violence']",2015-05-08,2015-08-11,87,Comedy,English,Anne Fletcher,"David Feeney,John Quaintance",$34.6M,Warner Bros. Pictures,Dolby Digital,34.6
bratz_the_movie,Bratz,46,10,PG,['Thematic Elements'],2007-08-03,2007-11-27,110,Comedy,English,Sean McNamara,Susan Estelle Jansen,$10.0M,Lionsgate Films,"Dolby SRD, DTS",10
cotton_mary,Cotton Mary,43,36,R,['Sexuality'],1999-12-17,2004-06-01,122,Drama,English,Ismail Merchant,Alexandra Viets,$299.4K,"Universal Pictures, Artistic License","Dolby SR, Surround",0.2994
brainscan,Brainscan,60,13,R,"['Language', 'Strong Violence', 'Some Sexuality']",1994-04-22,2003-04-01,95,Sci-fi,English,John Flynn,"Brian Owens,Andrew Kevin Walker",$3.1M,"Columbia Tristar, Laurenfilm S.A.","Stereo, Dolby, Surround",3.1
leatherheads,Leatherheads,38,52,PG-13,['Brief Strong Language'],2008-04-04,2008-09-23,114,Comedy,English,George Clooney,"Duncan Brantley,Rick Reilly",$31.2M,Universal Pictures,"Dolby SRD, DTS, SDDS",31.2
lucky_number_slevin,Lucky Number Slevin,87,51,R,"['Sexuality', 'Language', 'Strong Violence']",2006-04-07,2006-09-12,110,Drama,English,Paul McGuigan,Jason Smilovic,$22.5M,Metro-Goldwyn-Mayer,Dolby SRD,22.5
zero_dark_thirty,Zero Dark Thirty,80,91,R,"['Language', 'Brutal Disturbing Images', 'Strong Violence']",2013-01-11,2013-03-19,157,Drama,English,Kathryn Bigelow,Mark Boal,$95.7M,Sony Pictures Entertainment,"Datasat, SDDS, Dolby Digital",95.7
smokin_aces,Smokin' Aces,62,30,R,"['Pervasive Language', 'Drug Use', 'Some Nudity', 'Strong Bloody Violence']",2007-01-26,2007-04-17,109,Comedy,English,Joe Carnahan,Joe Carnahan,$35.6M,Universal Pictures,"Dolby SRD, DTS, SDDS",35.6
10009598-surrogates,Surrogates,38,37,PG-13,"['Disturbing Images', 'A Drug-Related Scene', 'Intense Sequences of Violence', 'Language', 'Sexuality']",2009-09-25,2010-01-26,88,Sci-fi,English,Jonathan Mostow,"Michael Ferris,John D. Brancato",$38.5M,Walt Disney,"SDDS, Dolby Digital, DTS",38.5
ready_player_one,Ready Player One,77,72,PG-13,"['Language', 'Bloody Images', 'Partial Nudity', 'Sci-Fi Action Violence', 'Some Suggestive Material']",2018-03-29,2018-04-05,140,Sci-fi,English,Steven Spielberg,"Ernest Cline,Zak Penn",$137.0M,Warner Bros. Pictures,"Dolby Atmos, DTS, SDDS, Dolby Digital",137
august_rush,August Rush,82,37,PG,"['Mild Violence', 'Language', 'Some Thematic Elements']",2007-11-21,2008-03-11,113,Drama,English,Kirsten Sheridan,"Nick Castle,James V. Hart",$31.7M,Warner Bros.,"Dolby SRD, DTS, SDDS",31.7
1116774-swept_away,Swept Away,28,5,R,"['Some Nudity', 'Language', 'Some Sexuality']",2002-10-11,2003-02-11,89,Comedy,English,Guy Ritchie,Guy Ritchie,$598.6K,Columbia Pictures,Surround,0.5986
being_john_malkovich,Being John Malkovich,87,94,R,"['Sexuality', 'Language']",1999-10-29,2009-01-27,112,Comedy,English,Spike Jonze,Charlie Kaufman,$22.9M,USA Films,"Dolby Stereo, Dolby Digital, Dolby A, Surround, Dolby SR",22.9
deception_2008,Deception,31,11,R,"['Language', 'Brief Violence', 'Sexual Content', 'Some Drug Use']",2008-04-25,2008-09-23,107,Drama,English,Marcel Langenegger,Mark Bomback,$4.6M,20th Century Fox,"SDDS, Dolby SRD, DTS, Dolby Stereo",4.6
freaky_friday,Freaky Friday,57,88,PG,"['Some Language', 'Mild Thematic Elements']",2003-08-06,2004-12-21,96,Comedy,English,Mark Waters,"Heather Hach,Leslie Dixon,Mary Rodgers",$110.2M,Buena Vista Pictures,Surround,110.2
wonder,Wonder,88,85,PG,"['Some Mild Language', 'Bullying', 'Thematic Elements']",2017-11-17,2018-01-30,113,Drama,English,Stephen Chbosky,"Stephen Chbosky,Steve Conrad,Jack Thorne",$132.4M,Lionsgate Films,"Dolby Atmos, Dolby Digital",132.4
a_wrinkle_in_time_2018,A Wrinkle in Time,26,42,PG,"['Thematic Elements', 'Some Peril']",2018-03-09,2018-09-24,109,Sci-fi,English,Ava DuVernay,Jennifer Lee,$100.5M,Walt Disney,Dolby Atmos,100.5
star_trek_beyond,Star Trek Beyond,80,86,PG-13,"['Violence', 'Sequences of Sci-Fi Action']",2016-07-22,2016-11-01,122,Sci-fi,English,Justin Lin,"Simon Pegg,Doug Jung",$158.8M,Paramount Pictures,Dolby Atmos,158.8
dirty_shame,A Dirty Shame,51,53,NC-17,['Perverse Sexual Content'],2004-09-12,2005-06-14,89,Comedy,English,John Waters,John Waters,$1.3M,New Line Cinema,"Surround, DTS",1.3
juwanna_mann,Juwanna Mann,39,10,PG-13,"['Sex-Related Material', 'Language']",2002-06-21,2002-11-19,91,Comedy,English,Jesse Vaughan,Bradley Allenstein,$13.6M,Warner Bros. Pictures,"Dolby Stereo, Dolby A, SDDS, DTS, Surround, Dolby Digital, Dolby SR",13.6
no_such_thing,No Such Thing,59,31,R,"['Brief Violence', 'Language']",2001-10-12,2002-07-09,101,Comedy,English,Hal Hartley,Hal Hartley,$60.0K,"United Artists, MGM/UA Home Entertainment Inc.","Dolby Stereo, Dolby Digital, Dolby A, Dolby SR",0.06
faculty,The Faculty,56,55,R,"['Some Nudity', 'Drug Use', 'Strong Language', 'Violence/Gore']",1998-11-12,2007-09-18,102,Sci-fi,English,Robert Rodriguez,"David Wechter,Bruce Kimmel,Kevin Williamson",$40.1M,Miramax Films,"SDDS, Dolby Digital, DTS",40.1
teknolust,Teknolust,41,30,R,['Some Sexual Content'],2002-01-25,2003-12-16,84,Sci-fi,English,Lynn Hershman-Leeson,Lynn Hershman-Leeson,$28.8K,ThinkFilm,Surround,0.0288
eyes_wide_shut,Eyes Wide Shut,74,76,R,"['Nudity', 'Language', 'Some Drug Related Material', 'Strong Sexual Content']",1999-07-16,2005-10-11,159,Drama,English,Stanley Kubrick,"Stanley Kubrick,Frederic Raphael,Arthur Schnitzer",$55.7M,"Argentina Video Home, Warner Sogefilms S.A. [es], Warner Bros. Pictures","Dolby Stereo, Dolby A, SDDS, DTS, Surround, Dolby Digital, Dolby SR",55.7
stateside,Stateside,60,24,R,"['Sexuality', 'Drinking', 'Language', 'Drug Content']",2004-02-27,2004-10-12,97,Drama,English,Reverge Anselmo,Reverge Anselmo,$174.3K,First Look,Surround,0.1743
pride_and_prejudice_and_zombies,Pride and Prejudice and Zombies,45,46,PG-13,"['Zombie Violence and Action', 'Brief Suggestive Material']",2016-02-05,2016-05-31,108,Comedy,English,Burr Steers,Burr Steers,$10.9M,Sony Pictures Entertainment,Dolby Digital,10.9
southpaw_2015,Southpaw,75,60,R,"['Some Violence', 'Language Throughout']",2015-07-24,2015-10-27,123,Drama,English,Antoine Fuqua,Kurt Sutter,$52.4M,Weinstein Co.,Dolby Digital,52.4
mambo_italiano,Mambo Italiano,66,32,R,"['Sexual Situations', 'Language']",2003-09-19,2017-03-20,88,Comedy,English,Émile Gaudreault,"Émile Gaudreault,Steve Galluccio",$6.2M,Samuel Goldwyn Company,Surround,6.2
how_to_lose_a_guy_in_10_days,How to Lose a Guy in 10 Days,77,42,PG-13,['Some Sex-Related Material'],2003-02-07,2003-07-01,116,Comedy,English,Donald Petrie,"Kristen Buckley,Brian Regan,Burr Steers",$105.8M,Paramount Pictures,"Dolby SR, DTS, Dolby Stereo, Surround, Dolby A, Dolby Digital",105.8
interview_with_the_assassin,Interview With the Assassin,56,67,R,['Language'],2002-11-15,2006-07-11,88,Drama,English,Neil Burger,Neil Burger,$47.3K,Magnolia Films,"Dolby SR, Dolby Digital, Dolby A, Dolby Stereo",0.047299999999999995
violent_night,Violent Night,88,73,R,"['Some Sexual References', 'Language Throughout', 'Strong Bloody Violence']",2022-12-02,2022-12-20,112,Comedy,English,Tommy Wirkola,"Pat Casey,Worm Miller",$50.0M,Universal Pictures,"Dolby Atmos, Dolby Digital",50
the_powerpuff_girls_movie,The Powerpuff Girls Movie,60,64,PG,['Nonstop Animated Action'],2002-07-03,2003-04-22,74,Comedy,English,Craig McCracken,"Craig McCracken,Charlie Bean,Lauren Faust,Paul Rudish,Don Shank",$11.4M,Warner Bros. Pictures,"Surround, Dolby SR, Dolby Digital, Dolby A, Dolby Stereo",11.4
beautiful_mind,A Beautiful Mind,93,74,PG-13,"['Scene of Violence', 'Intense Thematic Material', 'Sexual Content']",2002-01-04,2002-06-25,135,Drama,English,Ron Howard,"Akiva Goldsman,Sylvia Nasar",$170.7M,Universal Pictures,"Dolby SR, DTS, Dolby Stereo, Surround, SDDS, Dolby A, Dolby Digital",170.7
midnight_in_paris,Midnight in Paris,83,93,PG-13,"['Some Sexual References', 'Smoking']",2011-06-10,2011-12-20,94,Comedy,English,Woody Allen,Woody Allen,$56.8M,Sony Pictures Classics,Dolby Digital,56.8
titus,Titus,86,69,R,"['Strong Violence', 'Sexual Images']",1999-12-25,2006-04-18,162,Drama,English,Julie Taymor,"William Shakespeare,Julie Taymor",$1.9M,Fox,"Surround, Dolby Digital, DTS, SDDS",1.9
the_post,The Post,73,88,PG-13,"['Language', 'Brief War Violence']",2018-01-12,2018-04-17,115,Drama,English,Steven Spielberg,"Liz Hannah,Josh Singer",$81.4M,20th Century Fox,Dolby Digital,81.4
1071769-cold_comfort_farm,Cold Comfort Farm,81,83,TVPG,"['D', 'S']",1996-05-10,2003-07-02,104,Comedy,English,John Schlesinger,"Stella Gibbons,Malcolm Bradbury",$5.6M,Gramercy Pictures,Stereo,5.6
waiting,Waiting ...,75,30,R,"['Pervasive Language', 'Crude Humor', 'Sexual Humor', 'Some Drug Use']",2005-10-07,2006-02-07,93,Comedy,English,Rob McKittrick,Rob McKittrick,$16.1M,Lionsgate Films,Surround,16.1
1079716-seven_years_in_tibet,Seven Years in Tibet,73,58,PG-13,['Some Violent Scenes'],1997-10-08,1999-08-31,136,Drama,English,Jean-Jacques Annaud,"Heinrich Harrer,Becky Johnston",$37.9M,"TriStar Pictures, Sony Pictures Entertainment","Surround, Dolby Digital, SDDS",37.9
mr_and_mrs_smith,Mr. & Mrs. Smith,58,59,PG-13,"['Intense Action', 'Brief Strong Language', 'Sequences of Violence', 'Sexual Content']",2005-06-10,2005-11-29,120,Comedy,English,Doug Liman,Simon Kinberg,$186.3M,20th Century Fox,"SDDS, DTS, Dolby SRD",186.3
blues_brothers_2000,Blues Brothers 2000,37,46,PG-13,"['Some Language', 'Exotic Dancing']",1998-02-06,2006-10-31,123,Comedy,English,John Landis,"Dan Aykroyd,John Landis",$14.0M,Universal Pictures,"Dolby SR, DTS, Dolby Stereo, Surround, SDDS, Dolby A, Dolby Digital",14
21_and_over,21 and Over,46,27,R,"['Drinking', 'Crude and Sexual Content', 'Drugs', 'Pervasive Language', 'Some Graphic Nudity']",2013-03-01,2013-06-18,93,Comedy,English,"Jon Lucas,Scott Moore","Jon Lucas,Scott Moore",$25.7M,Relativity Media,"Datasat, Dolby Digital",25.7
1124859-grind,Grind,79,8,PG-13,"['Sexual Content', 'Language', 'Crude Humor']",2003-08-22,2004-01-27,105,Comedy,English,Casey La Scala,Ralph Sall,$5.1M,Warner Bros. Pictures,Surround,5.1
dirty_dancing_havana_nights,Dirty Dancing: Havana Nights,73,23,PG-13,['Sensuality'],2004-02-27,2004-07-20,86,Drama,English,Guy Ferland,"Boaz Yakin,Victoria Arch",$14.1M,"Artisan Entertainment, Lionsgate Films, Miramax Films","Dolby SRD, DTS, Surround",14.1
holmes_and_watson_2018,Holmes & Watson,25,10,PG-13,"['Drug References', 'Crude Sexual Material', 'Language', 'Some Violence']",2018-12-25,2019-03-26,90,Comedy,English,Etan Cohen,Etan Cohen,$30.5M,"Sony Pictures Entertainment, Columbia Pictures","Dolby Atmos, Dolby Digital, DTS, Datasat",30.5
tears_of_the_sun,Tears of the Sun,69,34,R,"['Some Brutality', 'Language', 'Strong War Violence']",2003-03-07,2003-06-10,115,Drama,English,Antoine Fuqua,"Alex Lasker,Patrick Cirillo",$43.4M,Columbia Pictures,"Dolby Digital, Dolby SR, SDDS, Dolby Stereo, DTS, Surround, Dolby A",43.4
tammy_2014,Tammy,36,24,R,"['Sexual References', 'Language']",2014-07-02,2014-11-11,97,Comedy,English,Ben Falcone,"Melissa McCarthy,Ben Falcone",$84.5M,Warner Bros. Pictures,"Datasat, Dolby Digital",84.5
serendipity,Serendipity,79,59,PG-13,"['Scenes of Sexuality', 'Brief Language']",2001-10-05,2002-04-09,90,Comedy,English,Peter Chelsom,Marc Klein,$50.2M,Miramax Films,"Dolby Stereo, Dolby Digital, Dolby A, Surround, Dolby SR",50.2
head_in_the_clouds,Head in the Clouds,61,16,R,"['Sexuality', 'Nudity', 'Some Violence']",2004-09-12,2005-01-25,133,Drama,English,John Duigan,John Duigan,$398.2K,Sony Pictures Classics,Surround,0.3982
over_the_hedge,Over the Hedge,71,75,PG,"['Some Rude Humor', 'Mild Comic Action']",2006-05-19,2006-10-17,83,Comedy,English,"Tim Johnson,Karey Kirkpatrick","Len Blum,Lorne Cameron,David Hoselton,Karey Kirkpatrick",$155.0M,DreamWorks SKG,"Dolby SRD, DTS, SDDS",155
el_cantante,The Singer,63,25,R,"['Pervasive Language', 'Drug Use', 'Some Sexuality']",2007-08-03,2007-10-30,116,Drama,English,Leon Ichaso,"Leon Ichaso,David Darmstaeder,Todd Anthony Bello",$7.6M,Picturehouse,Dolby SRD,7.6
star_wars_episode_vi_return_of_the_jedi,Star Wars: Episode VI -- Return of the Jedi,94,83,PG,['Sci-Fi Action Violence'],1983-05-25,2004-09-21,133,Sci-fi,English,Richard Marquand,"George Lucas,Lawrence Kasdan,George Lucas",$309.3M,20th Century Fox,"Dolby A, Dolby Stereo, Surround, Magnetic Stereo 6 Track",309.3
enchanted,Enchanted,80,93,PG,"['Some Scary Images', 'Mild Innuendo']",2007-11-21,2008-03-18,108,Comedy,English,Kevin Lima,Bill Kelly,$127.7M,Buena Vista,"Dolby SRD, DTS, SDDS",127.7
spies_in_disguise,Spies in Disguise,92,77,PG,"['Rude Humor', 'Action', 'Violence']",2019-12-25,2019-12-27,102,Comedy,English,"Troy Quane,Nick Bruno","Brad Copeland,Lloyd Taylor",$66.7M,20th Century Fox,"DTS, Dolby Atmos, Dolby Digital",66.7
fun_with_dick_and_jane,Fun With Dick and Jane,49,29,PG-13,"['Some Sexual Humor', 'Brief Language']",2005-12-21,2006-04-11,90,Comedy,English,Dean Parisot,"Peter Tolan,Judd Apatow",$110.3M,Sony Pictures Entertainment,"Dolby SRD, DTS, SDDS",110.3
the_pirates_band_of_misfits,The Pirates! Band of Misfits,69,86,PG,"['Rude Humor', 'Mild Action', 'Some Language']",2012-04-27,2012-08-28,88,Comedy,English,Peter Lord,Gideon Defoe,$375.9K,Sony Pictures Entertainment,"SDDS, Datasat, Dolby Digital",0.37589999999999996
1065684-braveheart,Braveheart,85,75,R,['Brutal Medieval Warfare'],1995-05-24,2006-09-19,177,Drama,English,Mel Gibson,Randall Wallace,$75.5M,Paramount Pictures,"Dolby SR, Dolby A, DTS, Surround, Dolby Digital",75.5
anniversary_party,The Anniversary Party,58,61,R,"['Language', 'Drug Use', 'Nudity']",2001-06-24,2002-01-15,115,Comedy,English,"Jennifer Jason Leigh,Alan Cumming","Jennifer Jason Leigh,Alan Cumming",$4.1M,Fine Line Features,"Dolby SR, Dolby Digital, Dolby Stereo",4.1
hidalgo,Hidalgo,64,46,PG-13,"['Some Mild Innuendo', 'Adventure Violence']",2004-03-05,2005-10-30,135,Drama,English,Joe Johnston,John Fusco,$67.3M,Buena Vista Pictures,"Surround, Dolby SRD, DTS, SDDS",67.3
groundhog_day,Groundhog Day,88,94,PG,['Thematic Elements'],1993-02-12,2006-01-17,96,Comedy,English,Harold Ramis,"Danny Rubin,Danny Rubin,Harold Ramis",$162.6K,Columbia Pictures,"Dolby, Surround",0.1626
nope,Nope,69,83,R,"['Some Violence/Bloody Images', 'Language Throughout']",2022-07-22,2022-11-18,135,Sci-fi,English,Jordan Peele,Jordan Peele,$123.2M,Universal Pictures,"Dolby Digital, Dolby Atmos",123.2
the-safety-of-objects,The Safety of Objects,66,50,R,"['Language', 'Sexual Content']",2003-03-07,2017-03-13,121,Drama,English,Rose Troche,"Rose Troche,A.M. Homes",$319.1K,IFC Films,"Surround, Dolby SR, Dolby Digital, Dolby A, Dolby Stereo",0.31910000000000005
flight_of_the_phoenix,Flight of the Phoenix,40,30,PG-13,"['Some Language', 'Action', 'Violence']",2004-12-22,2005-03-01,112,Drama,English,John Moore,Scott Frank,$21.0M,20th Century Fox,"Dolby SRD, DTS, Surround",21
million_dollar_baby,Million Dollar Baby,90,90,PG-13,"['Some Disturbing Images', 'Language', 'Thematic Material', 'Violence']",2004-12-15,2005-07-12,132,Drama,English,Clint Eastwood,Paul Haggis,$100.4M,Warner Bros.,"Surround, Dolby SRD, DTS, SDDS",100.4
georgia_rule,Georgia Rule,52,19,R,"['Some Language', 'Sexual Content']",2007-05-11,2007-09-04,113,Drama,English,Garry Marshall,Mark Andrus,$18.9M,Universal Pictures,"Dolby SRD, DTS, SDDS",18.9
superbad,Superbad,87,88,R,"['All Involving Teens', 'A Fantasy/Comic Violent Image', 'Strong Language', 'Drinking', 'Pervasive Crude Sexual Content', 'Some Drug Use']",2007-08-17,2007-12-04,113,Comedy,English,Greg Mottola,"Seth Rogen,Evan Goldberg",$121.5M,Sony Pictures Entertainment,"SDDS, DTS, Dolby SRD",121.5
1106648-lie,L.I.E.,78,84,R,['Some Explicit Sexual Content'],2001-09-07,2016-12-05,107,Drama,English,Michael Cuesta,"Stephen M. Ryder,Michael Cuesta,Gerald Cuesta",$1.1M,Lot 47 Films,"Dolby Digital, Dolby SR, Surround, Dolby Stereo, Dolby A",1.1
saving_silverman,Saving Silverman,51,19,PG-13,"['Language', 'Crude Sexual Humor', 'Thematic Material']",2001-02-09,2001-07-17,90,Comedy,English,Dennis Dugan,"Hank Nelken,Greg DePaul",$19.4M,Columbia Pictures,"Dolby Digital, Dolby SR, Surround, Dolby Stereo, Dolby A",19.4
1174085-vitus,Vitus,80,66,PG,"['Mild Thematic Elements', 'Language']",2007-06-29,2007-11-27,120,Drama,English,Fredi M. Murer,"Fredi M. Murer,Peter Luisi",$186.5K,Sony Pictures Classics,Dolby SRD,0.1865
baadasssss,Baadasssss!,84,91,R,"['Some Strong Sexuality', 'Pervasive Language', 'Nudity']",2003-09-07,2004-09-14,108,Drama,English,Mario Van Peebles,"Mario Van Peebles,Mario Van Peebles",$365.2K,Sony Pictures Classics,Surround,0.36519999999999997
strange_wilderness,Strange Wilderness,35,2,R,"['Drug Use', 'Crude and Sexual Humor', 'Nonstop Language']",2008-02-01,2008-05-20,86,Comedy,English,Fred Wolf,"Peter Gaulke,Fred Wolf",$6.6M,Paramount Pictures,"Dolby SRD, DTS, SDDS",6.6
assassination_of_richard_nixon,The Assassination of Richard Nixon,69,67,R,"['Scene of Graphic Violence', 'Language']",2004-12-29,2005-04-26,105,Drama,English,Niels Mueller,"Kevin Kennedy,Niels Mueller",$697.8K,ThinkFilm,Surround,0.6978
12_strong,12 Strong,62,50,R,"['War Violence', 'Language Throughout']",2018-01-19,2018-05-01,130,Drama,English,Nicolai Fuglsig,"Ted Tally,Peter Craig",$44.3M,Warner Bros. Pictures,Dolby Atmos,44.3
1153228-the_ringer,The Ringer,68,40,PG-13,"['Language', 'Crude Humor', 'Sexual Humor', 'Some Drug References']",2005-12-23,2006-05-16,94,Comedy,English,Barry W. Blaustein,Rick Blitt,$35.4M,Fox,"Dolby SRD, DTS, Dolby Digital",35.4
bad_news_bears,Bad News Bears,46,48,PG-13,"['Rude Behavior', 'Language Throughout', 'Some Sexuality', 'Thematic Elements']",2005-07-22,2005-12-13,108,Comedy,English,Richard Linklater,"Glenn Ficarra,John Requa",$32.9M,Paramount Pictures,"Dolby SRD, DTS",32.9
bandits,Bandits,58,64,PG-13,"['Some Sexual Content', 'Language', 'Violence']",2001-10-12,2002-04-02,122,Comedy,English,Barry Levinson,Harley Peyton,$41.5M,Metro-Goldwyn-Mayer,"Dolby SR, DTS, Dolby Stereo, Surround, SDDS, Dolby A, Dolby Digital",41.5
charlotte_gray,Charlotte Gray,62,33,PG-13,"['Sensuality', 'Brief Strong Language', 'Some War Related Violence']",2001-12-28,2009-10-01,121,Drama,English,Gillian Armstrong,"Jeremy Brock,Sebastian Faulks",$668.1K,Warner Bros. Pictures,"Dolby Stereo, Dolby A, SDDS, DTS, Surround, Dolby Digital, Dolby SR",0.6681
secretary,Secretary,82,78,R,"['Language', 'Behavioral Disorders', 'Some Nudity', 'Strong Sexuality']",2002-09-20,2003-04-01,112,Drama,English,Steven Shainberg,"Mary Gaitskill,Steven Shainberg,Erin Cressida Wilson,Erin Cressida Wilson",$4.0M,Lionsgate Films,"Surround, Dolby Stereo",4
dish,The Dish,81,96,PG-13,['Brief Strong Language'],2001-04-27,2001-08-31,100,Comedy,English,Rob Sitch,"Santo Cilauro,Tom Gleisner,Jane Kennedy,Rob Sitch",$2.3M,Warner Bros. Pictures,"Dolby SR, DTS, Dolby Stereo, Surround, SDDS, Dolby A, Dolby Digital",2.3
runner_runner,Runner Runner,33,7,R,"['Some Sexual Content', 'Language']",2013-10-04,2014-01-07,91,Drama,English,Brad Furman,"Brian Koppelman,David Levien",$19.3M,20th Century Fox,Datasat,19.3
my_dog_skip,My Dog Skip,68,73,PG,"['Violent Content', 'Mild Language']",2000-03-03,2004-11-02,95,Drama,English,Jay Russell,"Willie Morris,Gail Gilchriest",$34.1M,Warner Bros. Pictures,"Surround, Dolby Digital, DTS, SDDS",34.1
perfect_score,The Perfect Score,44,16,PG-13,"['Sexual Content', 'Language', 'Some Drug References']",2004-01-27,2004-06-29,93,Comedy,English,Brian Robbins,"Mark Schwahn,Marc Hyman,Jon Zack",$10.4M,Paramount Pictures,"Dolby SRD, DTS, Surround",10.4
1097242-screwed,Screwed,48,10,PG-13,"['Violence', 'Language', 'Crude Humor', 'Brief Drug Content', 'Nudity', 'Sex-Related Humor']",2000-05-12,2006-05-23,81,Comedy,English,"Scott Alexander,Larry Karaszewski","Larry Karaszewski,Scott Alexander",$7.0M,Universal Pictures,"SDDS, Dolby SR, Dolby Digital, Surround, DTS, Dolby Stereo",7
how_do_you_know,How Do You Know,25,31,PG-13,"['Some Strong Language', 'Sexual Content']",2010-12-17,2011-03-22,121,Comedy,English,James L. Brooks,James L. Brooks,$30.2M,Sony Pictures,"SDDS, Dolby Digital, DTS",30.2
other_boleyn_girl,The Other Boleyn Girl,62,43,PG-13,"['Sexual Content', 'Mature Thematic Elements', 'Some Violent Images']",2008-02-29,2008-06-10,115,Drama,English,Justin Chadwick,Peter Morgan,$26.8M,Sony Pictures Entertainment,"SDDS, Dolby Digital, DTS, Dolby SRD",26.8
waist_deep,Waist Deep,76,28,R,"['Strong Violence', 'Pervasive Language']",2006-06-23,2006-01-17,97,Drama,English,Vondie Curtis Hall,Vondie Curtis Hall,$21.3M,"Rogue Arts, Focus Features","Dolby SR, DTS, Dolby SRD",21.3
endless_love_2014,Endless Love,58,16,PG-13,"['Sexual Content', 'Brief Partial Nudity', 'Some Language', 'Teen Partying']",2014-02-14,2014-04-15,105,Drama,English,Shana Feste,"Shana Feste,Joshua Safran",$23.4M,Universal Pictures,"Datasat, SDDS, Dolby Digital",23.4
the_mountain_between_us,The Mountain Between Us,48,39,PG-13,"['Brief Strong Language', 'A Scene of Sexuality', 'Injury Images', 'Peril']",2017-10-06,2017-12-26,104,Drama,English,Hany Abu-Assad,"Chris Weitz,J. Mills Goodloe",$30.3M,20th Century Fox,Dolby Digital,30.3
fifth_element,The Fifth Element,86,71,PG-13,"['Intense Sci-Fi Violence', 'Brief Nudity', 'Some Sexuality']",1997-05-09,2001-10-09,127,Sci-fi,English,Luc Besson,"Luc Besson,Robert Mark Kamen",$63.7M,Columbia Pictures,"Dolby SR, DTS, Dolby Stereo, Surround, SDDS, Dolby A, Dolby Digital",63.7
courageous,Courageous,86,36,PG-13,"['Some Violence', 'Drug Content']",2011-09-30,2012-01-17,130,Drama,English,Alex Kendrick,"Alex Kendrick,Stephen Kendrick",$461.7K,Sony Pictures Entertainment,"Datasat, Dolby Digital, SDDS",0.4617
minions_the_rise_of_gru,Minions: The Rise of Gru,89,70,PG,"['Some Action/Violence', 'Rude Humor']",2022-07-01,2022-09-23,87,Comedy,English,Kyle Balda,Matthew Fogel,$369.5M,Universal Pictures,"SDDS, Dolby Digital",369.5
1155109-hoodwinked,Hoodwinked!,56,46,PG,"['Thematic Elements', 'Some Mild Action']",2006-01-13,2006-05-02,81,Comedy,English,Cory Edwards,"Cory Edwards,Todd Edwards,Tony Leech",$51.2M,Weinstein Co.,"Dolby SRD, DTS, SDDS",51.2
1046049-fatal_instinct,Fatal Instinct,40,18,PG-13,['Off-Color Humor'],1993-10-29,2015-09-22,88,Comedy,English,Carl Reiner,David O'Malley,$7.6M,Metro-Goldwyn-Mayer,"Surround, Stereo",7.6
margaret_2010,Margaret,49,75,R,"['Sexuality', 'Disturbing Images', 'Some Drug Use', 'Strong Language']",2011-09-30,2011-10-18,149,Drama,English,Kenneth Lonergan,Kenneth Lonergan,$46.5K,Fox Searchlight,Dolby Digital,0.0465
larry_crowne,Larry Crowne,41,37,PG-13,"['Some Sexual Content', 'Brief Strong Language']",2011-07-01,2011-11-15,98,Comedy,English,Tom Hanks,"Tom Hanks,Nia Vardalos",$35.6M,Universal Pictures,"SDDS, Dolby SRD, DTS",35.6
freddy_got_fingered,Freddy Got Fingered,56,11,R,"['Crude Sexual Humor', 'Bizarre Humor', 'Strong Language']",2001-04-20,2001-10-23,87,Comedy,English,Tom Green,"Tom Green,Derek Harvie",$14.2M,20th Century Fox,"Dolby Stereo, Dolby A, SDDS, DTS, Surround, Dolby Digital, Dolby SR",14.2
jayne_mansfields_car,Jayne Mansfield's Car,40,35,R,"['Nudity', 'Language', 'Drug Use', 'Sexual Content', 'Some Bloody Images']",2013-09-13,2013-12-10,122,Drama,English,Billy Bob Thornton,"Billy Bob Thornton,Tom Epperson",$14.4K,Anchor Bay,"SDDS, Dolby Digital",0.0144
a_slipping_down_life,A Slipping-Down Life,44,26,R,"['Language', 'Sexual References']",1999-01-22,2004-10-19,111,Drama,English,Toni Kalem,"Toni Kalem,Anne Tyler",$95.4K,Lionsgate Films,Surround,0.09540000000000001
1198124-shutter_island,Shutter Island,77,68,R,"['Language', 'Disturbing Violent Content', 'Some Nudity']",2010-02-19,2010-06-08,138,Drama,English,Martin Scorsese,Laeta Kalogridis,$128.0M,Paramount Pictures,"Dolby Digital, DTS, SDDS",128
little_nicky,Little Nicky,55,21,PG-13,"['Drug Content', 'Crude Sexual Humor', 'Language', 'Thematic Elements']",2000-11-10,2007-07-03,90,Comedy,English,Steven Brill,"Tim Herlihy,Adam Sandler,Steven Brill",$39.4M,New Line Cinema,"SDDS, Dolby Digital, DTS, Surround, Dolby SR",39.4
the_heartbreak_kid,The Heartbreak Kid,37,29,R,"['Language', 'Crude Humor', 'Scene of Drug Use Inv. a Minor', 'Strong Sexual Content']",2007-10-05,2007-12-26,118,Comedy,English,"Peter Farrelly,Robert Farrelly","Scot Armstrong,Leslie Dixon,Robert Farrelly,Peter Farrelly,Kevin Barnett",$36.8M,"Paramount Pictures, DreamWorks SKG","Dolby SRD, DTS, SDDS",36.8
detroit_2017,Detroit,79,82,R,"['Strong Violence', 'Pervasive Language']",2017-08-04,2017-12-12,143,Drama,English,Kathryn Bigelow,Mark Boal,$16.8M,Annapurna Pictures,Dolby Digital,16.8
1104813-down_to_earth,Down to Earth,40,20,PG-13,"['Sexual Humor', 'Language', 'Drug References']",2001-02-16,2001-07-10,87,Comedy,English,"Chris Weitz,Paul Weitz","Chris Rock,Lance Crouther,Ali LeRoi,Louis C.K.",$64.2M,Paramount Pictures,"Dolby SR, DTS, Dolby Stereo, Surround, Dolby A, Dolby Digital",64.2
miss_potter,Miss Potter,68,68,PG,['Brief Mild Language'],2006-12-29,2007-06-19,92,Drama,English,Chris Noonan,Richard Maltby Jr.,$3.0M,Metro-Goldwyn-Mayer,"Dolby SRD, DTS, SDDS",3
1075777-private_parts,Private Parts,68,73,R,"['Strong Language', 'Nudity', 'Crude Sexual Humor']",1997-03-07,1998-12-15,109,Comedy,English,Betty Thomas,"Howard Stern,Len Blum,Michael Kalesniko",$41.2M,Paramount Pictures,"Surround, Dolby Digital",41.2
safe_haven,Safe Haven,67,14,PG-13,"['Thematic Material', 'Sexuality', 'Threatening Behavior', 'Violence']",2013-02-14,2013-05-07,115,Drama,English,Lasse Hallström,"Dana Stevens,Gage Lansky",$71.3M,Relativity Media,"Datasat, Dolby Digital",71.3
first_20_million_is_always_the_hardest,The First $20 Million Is Always the Hardest,49,11,PG-13,"['Language', 'Sexual Content']",2002-06-28,2004-09-07,105,Comedy,English,Mick Jackson,"Jon Favreau,Gary Tieche,Po Bronson",$5.5K,"20th Century Fox, Fox Home Entertainment [br], Gemini Film [ru]","Surround, Dolby SR, Dolby Digital, Dolby A, Dolby Stereo",0.0055
married_to_it,Married to It,43,30,R,"['Language', 'Scene of Sensuality']",1993-03-26,2003-04-01,110,Comedy,English,Arthur Hiller,Janet Kovalcik,$1.8M,Orion Pictures,Stereo,1.8
30_minutes_or_less,30 Minutes or Less,40,45,R,"['Nudity', 'Crude and Sexual Content', 'Pervasive Language', 'Some Violence']",2011-08-12,2011-11-29,83,Comedy,English,Ruben Fleischer,Michael Diliberti,$37.1M,Sony Pictures,"SDDS, Dolby Digital, DTS",37.1
family_man,The Family Man,67,53,PG-13,"['Strong Language', 'Sensuality']",2000-12-22,2001-07-17,125,Comedy,English,Brett Ratner,"David Diamond,David Weissman",$75.8M,"MCA/Universal Pictures [us], Universal Pictures","Dolby Stereo, DTS, SDDS, Surround, Dolby Digital, Dolby SR",75.8
stuart_little_2,Stuart Little 2,41,81,PG,['Brief Mild Language'],2002-07-19,2002-12-10,78,Comedy,English,Rob Minkoff,"Bruce Joel Rubin,E.B. White,Bruce Joel Rubin,Douglas Wick",$64.7M,Columbia Pictures,"Dolby SR, DTS, Dolby Stereo, Surround, SDDS, Dolby A, Dolby Digital",64.7
top_five,Top Five,64,86,R,"['Language Throughout', 'Crude Humor', 'Nudity', 'Some Drug Use', 'Strong Sexual Content']",2014-12-12,2015-03-17,101,Comedy,English,Chris Rock,Chris Rock,$25.3M,Paramount Pictures,Dolby Digital,25.3
tenet,Tenet,76,69,PG-13,"['Brief Strong Language', 'Action', 'Intense Sequences of Violence', 'Some Suggestive References']",2020-09-03,2020-12-15,150,Sci-fi,English,Christopher Nolan,Christopher Nolan,$58.1M,Warner Bros. Pictures,"Datasat, Dolby Digital",58.1
life_of_david_gale,The Life of David Gale,81,19,R,"['Nudity', 'Language', 'Sexuality', 'Violent Images']",2003-02-21,2005-01-18,130,Drama,English,Alan Parker,Charles Randolph,$19.6M,Universal Pictures,"Dolby SR, DTS, Dolby Stereo, Surround, SDDS, Dolby A, Dolby Digital",19.6
straight_outta_compton,Straight Outta Compton,91,88,R,"['Language Throughout', 'Drug Use', 'Strong Sexuality/Nudity', 'Violence']",2015-08-14,2016-01-19,147,Drama,English,F. Gary Gray,"Jonathan Herman,Andrea Berloff",$161.0M,Universal Pictures,"SDDS, Datasat, Dolby Digital",161
love_dont_cost_a_thing,Love Don't Cost a Thing,65,13,PG-13,"['Sexual Humor', 'Sexual Content']",2003-12-12,2004-04-27,101,Comedy,English,Troy Byer,Troy Byer,$21.9M,Warner Bros. Pictures,Surround,21.9
crime_and_punishment_in_suburbia,Crime and Punishment in Suburbia,58,21,R,"['Substance Abuse', 'Sexuality', 'Language', 'Violence']",2000-01-24,2001-08-14,100,Drama,English,Rob Schmidt,Larry Gross,$26.4K,"United Artists, Metro-Goldwyn-Mayer","Surround, Dolby SR, Dolby Digital, DTS, Dolby Stereo",0.0264
argo_2012,Argo,90,96,R,"['Some Violent Images', 'Language']",2012-10-12,2013-02-19,120,Drama,English,Ben Affleck,Chris Terrio,$136.0M,Warner Bros. Pictures,"Dolby Digital, SDDS, Datasat",136
surveillance,Surveillance,43,55,R,"['Some Drug Use', 'Scene of Aberrant Sexuality', 'Pervasive Language', 'Strong Bloody Violence']",2009-06-26,2009-08-18,97,Drama,English,Jennifer Chambers Lynch,"Jennifer Chambers Lynch,Kent Harper",$25.4K,Magnolia Pictures,Dolby Digital,0.0254
cinderella_man,Cinderella Man,91,80,PG-13,"['Some Language', 'Intense Boxing Violence']",2005-06-03,2005-12-06,144,Drama,English,Ron Howard,"Akiva Goldsman,Cliff Hollingsworth",$61.6M,Universal Pictures,"Dolby SRD, DTS, SDDS",61.6
wild_hogs,Wild Hogs,61,14,PG-13,"['Some Violence', 'Crude and Sexual Content']",2007-03-02,2007-08-14,99,Comedy,English,Walt Becker,Brad Copeland,$168.2M,Buena Vista,"Dolby SRD, DTS, SDDS",168.2
the_darkest_hour,The Darkest Hour,25,12,PG-13,"['Some Language', 'Sci-Fi Action Violence']",2011-12-25,2012-04-10,89,Sci-fi,English,Chris Gorak,Jon Spaihts,$21.4M,Summit Entertainment,Dolby,21.4
ripd,R.I.P.D.,38,12,PG-13,"['Sci-Fi/Fantasy Action', 'Language', 'Sex References', 'Some Sensuality', 'Violence']",2013-07-19,2013-10-29,98,Comedy,English,Robert Schwentke,"Phil Hay,Matt Manfredi",$33.6M,Universal Pictures,"SDDS, Datasat, Dolby Digital",33.6
flatliners_2017,Flatliners,32,4,PG-13,"['Sexual Content', 'Language', 'Some Drug References', 'Thematic Material', 'Violence and Terror']",2017-09-29,2017-12-19,108,Sci-fi,English,Niels Arden Oplev,Ben Ripley,$16.9M,Sony Pictures Entertainment,Dolby Atmos,16.9
10008621-run_fat_boy_run,Run Fat Boy Run,64,46,PG-13,"['Nudity', 'Language', 'Smoking', 'Some Rude and Sexual Humor']",2008-03-28,2008-09-23,100,Comedy,English,David Schwimmer,"Michael Ian Black,Simon Pegg",$6.0M,Picturehouse,"Dolby SRD, DTS, SDDS",6
feast_of_love,Feast of Love,55,39,R,"['Nudity', 'Language', 'Strong Sexual Content']",2007-09-28,2008-02-05,102,Drama,English,Robert Benton,Allison Burnett,$3.5M,Metro-Goldwyn-Mayer,"Dolby SRD, DTS, SDDS",3.5
40_year_old_virgin,The 40-Year-Old Virgin,84,85,R,"['Pervasive Sexual Content', 'Language', 'Some Drug Use']",2005-08-19,2005-12-13,116,Comedy,English,Judd Apatow,"Judd Apatow,Steve Carell",$109.2M,Universal Pictures,"Dolby SRD, SDDS, Surround, DTS",109.2
despicable_me_2,Despicable Me 2,85,75,PG,"['Rude Humor', 'Mild Action']",2013-07-03,2013-12-10,98,Comedy,English,"Chris Renaud,Pierre Coffin","Cinco Paul,Ken Daurio",$368.0M,Universal Pictures,"SDDS, Datasat, Dolby Digital",368
last_castle,The Last Castle,74,52,R,"['Violence', 'Language']",2001-10-19,2006-05-22,131,Drama,English,Rod Lurie,"Graham Yost,David Scarpa,David Scarpa",$18.2M,DreamWorks SKG,"Dolby SR, DTS, Dolby Stereo, Surround, SDDS, Dolby A, Dolby Digital",18.2
12_monkeys,12 Monkeys,88,88,R,"['Violence', 'Language']",1995-01-26,2008-03-11,131,Sci-fi,English,Terry Gilliam,"Chris Marker,David Webb Peoples,Janet Peoples",$57.1M,Universal Pictures,"Surround, DTS-ES, DTS, Stereo",57.1
planes,Planes,49,25,PG,"['Some Mild Action', 'Rude Humor']",2013-08-09,2013-11-19,92,Comedy,English,Klay Hall,Jeffrey M. Howard,$90.3M,Walt Disney,"Datasat, Dolby Atmos",90.3
miss_congeniality,Miss Congeniality,69,41,PG-13,"['Sexual References', 'Scene of Violence']",2000-12-22,2003-11-18,105,Comedy,English,Donald Petrie,"Katie Ford,Marc Lawrence,Caryn Lucas",$106.8M,Warner Bros. Pictures,"Dolby Stereo, DTS, SDDS, Surround, Dolby Digital, Dolby SR",106.8
beyond_borders,Beyond Borders,72,14,R,"['War-Related Violence', 'Language']",2003-10-24,2004-03-23,127,Drama,English,Martin Campbell,Caspian Tredwell-Owen,$4.4M,Paramount Pictures,"Dolby SR, DTS, Surround",4.4
office_space,Office Space,93,80,R,"['Language', 'Brief Sexuality']",1999-02-19,2003-06-30,89,Comedy,English,Mike Judge,"Mike Judge,Mike Judge",$10.8M,20th Century Fox,"Surround, Dolby Stereo",10.8
road_to_perdition,Road to Perdition,86,81,R,"['Violence', 'Language']",2002-07-12,2003-02-25,116,Drama,English,Sam Mendes,David Self,$104.1M,DreamWorks SKG,"Dolby Stereo, Dolby Digital, Dolby A, Surround, Dolby SR",104.1
the_believer,The Believer,82,83,R,"['Some Sexual Content', 'Language', 'Strong Violence']",2002-05-17,2004-01-01,98,Drama,English,Henry Bean,Henry Bean,$406.0K,IDP Distribution,"Surround, Dolby SR, Dolby Digital, Dolby A, Dolby Stereo",0.406
doom,Doom,34,18,R,"['Language', 'Gore', 'Strong Violence']",2005-10-21,2006-02-07,104,Sci-fi,English,Andrzej Bartkowiak,David Callaham,$28.0M,Universal Pictures,"Surround, Dolby SRD, DTS, SDDS",28
just_mercy,Just Mercy,99,85,PG-13,"['Thematic Content', 'Some Racial Epithets']",2020-01-10,2019-12-25,136,Drama,English,Destin Daniel Cretton,"Destin Daniel Cretton,Andrew Lanham",$36.0M,Warner Bros. Pictures,Dolby Atmos,36
prairie_home_companion,A Prairie Home Companion,59,81,PG-13,['Risque Humor'],2006-06-09,2006-04-25,105,Comedy,English,Robert Altman,Garrison Keillor,$20.3M,Picturehouse,"SDDS, Dolby Digital, DTS, Dolby SRD",20.3
winter_solstice,Winter Solstice,43,60,R,['Language'],2005-04-18,2010-10-12,93,Drama,English,Josh Sternfeld,Josh Sternfeld,$319.2K,Paramount Pictures,Dolby SRD,0.3192
reindeer_games,Reindeer Games,27,25,R,"['Sexuality', 'Language', 'Strong Violence']",2000-02-25,2001-03-27,104,Drama,English,John Frankenheimer,Ehren Kruger,$23.4M,Buena Vista Home Video (BVHV),"Dolby Digital, SDDS, Surround, DTS",23.4
epic_2013,Epic,65,64,PG,"['Mild Action', 'Brief Rude Language', 'Some Scary Images']",2013-05-24,2013-08-20,103,Comedy,English,Chris Wedge,"James V. Hart,William Joyce,Dan Shere,Tom J. Astle,Matt Ember",$107.5M,20th Century Fox,"Datasat, Dolby Atmos, SDDS",107.5
red_planet,Red Planet,28,14,PG-13,"['Language', 'Brief Nudity', 'Sci-Fi Violence']",2000-11-10,2001-03-27,106,Sci-fi,English,Antony Hoffman,"Chuck Pfarrer,Jonathan Lemkin,Channing Gibson",$17.5M,Warner Bros.,"SDDS, Dolby Digital, DTS, Surround, Dolby SR",17.5
prize_winner_of_defiance_ohio,"The Prize Winner of Defiance, Ohio",74,58,PG-13,"['Thematic Elements', 'Some Disturbing Images', 'Language']",2005-09-30,2017-03-20,99,Drama,English,Jane Anderson,"Terry Ryan,Jane Anderson",$626.3K,DreamWorks SKG,Surround,0.6263
creed_2015,Creed,89,95,PG-13,"['Some Sensuality', 'Language', 'Violence']",2015-11-25,2016-03-01,133,Drama,English,Ryan Coogler,"Ryan Coogler,Aaron Covington",$109.7M,Warner Bros. Pictures,"Datasat, Dolby Digital, Dolby Atmos",109.7
captain_marvel,Captain Marvel,45,79,PG-13,"['Brief Suggestive Language', 'Action', 'Sequences of Sci-Fi Violence']",2019-03-08,2019-05-28,124,Sci-fi,English,"Anna Boden,Ryan Fleck","Anna Boden,Ryan Fleck,Geneva Robertson-Dworet,Jac Schaeffer",$426.8M,Walt Disney,"Dolby Digital, DTS, Dolby Atmos",426.8
seraphim_falls,Seraphim Falls,53,55,R,"['Violence', 'Brief Language']",2007-01-26,2007-05-15,115,Drama,English,David Von Ancken,"David Von Ancken,Abby Everett Jaques",$413.9K,Samuel Goldwyn Company,Dolby Digital,0.4139
national_lampoons_van_wilder,National Lampoon's Van Wilder,73,18,R,"['Language', 'Gross Humor', 'Some Drug Content', 'Strong Sexual Content']",2002-03-29,2002-08-20,95,Comedy,English,Walt Becker,"Brent Goldberg,David Wagner",$21.0M,Artisan Entertainment,"Dolby Digital, Dolby SR, SDDS, Dolby Stereo, DTS, Surround, Dolby A",21
gray_matters,Gray Matters,45,8,PG-13,"['Some Mature Thematic Material', 'Sexual Content', 'Language']",2007-02-23,2007-06-19,96,Comedy,English,Sue Kramer,Sue Kramer,$59.6K,Yari Film Group,Dolby Digital,0.0596
finding_forrester,Finding Forrester,79,74,PG-13,"['Some Sexual References', 'Brief Strong Language']",2000-12-19,2004-05-04,133,Drama,English,Gus Van Sant,Mike Rich,$51.8M,Columbia Pictures,"Dolby Stereo, Dolby A, SDDS, DTS, Surround, Dolby Digital, Dolby SR",51.8
theres_something_about_mary,There's Something About Mary,61,84,R,"['Strong Comic Sexual Content', 'Language']",1998-07-15,2002-10-22,118,Comedy,English,"Robert Farrelly,Peter Farrelly","Ed Decter,John J. Strauss,Ed Decter,John J. Strauss,Peter Farrelly,Robert Farrelly",$176.5M,20th Century Fox,"Surround, Dolby Digital, Dolby A, Dolby SR",176.5
just_my_luck,Just My Luck,48,14,PG-13,['Brief Sexual References'],2006-05-12,2006-08-22,103,Comedy,English,Donald Petrie,"I. Marlene King,Amy B. Harris",$17.3M,20th Century Fox,"Dolby SRD, DTS",17.3
skins,Skins,85,59,R,"['Language', 'Violence']",2002-09-27,2003-03-25,87,Drama,English,Chris Eyre,"Adrian C. Louis,Jennifer D. Lyne",$239.0K,First Look,"Dolby Stereo, Surround",0.239
magnolia,Magnolia,89,83,R,"['Language', 'Drug Use', 'Sexuality', 'Violence']",2000-01-07,2007-05-08,188,Drama,English,Paul Thomas Anderson,Paul Thomas Anderson,$22.5M,New Line Cinema,"Surround, Dolby Digital, DTS, SDDS",22.5
bootmen,Bootmen,69,39,R,"['Some Violence', 'Scene of Sexuality', 'Language']",2000-10-05,2004-09-07,92,Drama,English,Dein Perry,"Steve Worland,Hilary Linstead,Dein Perry,Steve Worland",$21.2K,"20th Century Fox, Fox","Surround, Dolby SR, Dolby Digital, DTS, SDDS",0.0212
1062983-smoke,Smoke,89,88,R,['Language'],1995-06-09,2003-03-04,112,Drama,English,"Wayne Wang,John Landis",Paul Auster,$8.3M,Miramax Films,Surround,8.3
aladdin,Aladdin,94,57,PG,['Some Action/Peril'],2019-05-24,2019-08-27,128,Comedy,English,Guy Ritchie,"John August,Guy Ritchie",$355.6M,Walt Disney,"Dolby Atmos, Dolby Digital, DTS",355.6
small_time_crooks,Small Time Crooks,57,66,PG,['Language'],2000-05-19,2000-12-19,95,Comedy,English,Woody Allen,Woody Allen,$17.1M,DreamWorks SKG,"Dolby SR, Dolby Digital, DTS, Surround",17.1
veronica_mars,Veronica Mars,78,80,PG-13,"['Sexuality Including References', 'Drug Content', 'Some Strong Language', 'Violence']",2014-03-14,2014-05-06,107,Drama,English,Rob Thomas,"Rob Thomas,Diane Ruggiero",$3.3M,Warner Bros.,Dolby Digital,3.3
conviction_2010,Conviction,70,68,R,"['Some Violent Images', 'Language']",2010-10-29,2011-02-01,106,Drama,English,Tony Goldwyn,Pamela Gray,$6.8M,Fox Searchlight,Dolby Digital,6.8
very_harold_and_kumar_christmas,A Very Harold & Kumar Christmas,59,67,R,"['Graphic Nudity', 'Drug Use', 'Pervasive Language', 'Some Violence', 'Strong Crude & Sexual Content']",2011-11-04,2012-02-07,90,Comedy,English,Todd Strauss-Schulson,"Jon Hurwitz,Hayden Schlossberg",$35.0M,Warner Bros. Pictures,"Dolby Digital, SDDS",35
from_justin_to_kelly,From Justin to Kelly,39,8,PG,"['Thematic Elements', 'Sensuality', 'Brief Language']",2003-06-20,2004-02-03,81,Comedy,English,Robert Iscove,Kim Fuller,$4.9M,20th Century Fox,"Surround, Dolby A, Dolby Stereo, Dolby SR",4.9
maze_runner_the_death_cure,Maze Runner: The Death Cure,58,43,PG-13,"['Intense Sci-Fi Violence', 'Action', 'Language', 'Some Thematic Elements']",2018-01-26,2018-04-24,142,Sci-fi,English,Wes Ball,T.S. Nowlin,$57.4M,20th Century Fox,Dolby Atmos,57.4
break_up,The Break-Up,46,34,PG-13,"['Sexual Content', 'Language', 'Some Nudity']",2006-06-02,2006-10-17,107,Comedy,English,Peyton Reed,"Vince Vaughn,Jeremy Garelick,Jay Lavender",$118.7M,Universal Pictures,"Dolby SRD, DTS, SDDS",118.7
simpsons_movie,The Simpsons Movie,77,87,PG-13,['Irreverent Humor Throughout'],2007-07-27,2007-12-18,86,Comedy,English,David Silverman,"James L. Brooks,Matt Groening,Al Jean,Mike Scully,Ian Maxtone-Graham,George Meyer,David Mirkin,Mike Reiss,Matt Selman,John Swartzwelder,Jon Vitti",$183.1M,20th Century Fox,"Dolby SRD, DTS, SDDS",183.1
harold_and_kumar_2,Harold & Kumar Escape From Guantanamo Bay,60,52,R,"['Graphic Nudity', 'Drug Use', 'Pervasive Language', 'Strong Crude Content', 'Strong Sexual Content']",2008-04-25,2008-07-29,102,Comedy,English,"Jon Hurwitz,Hayden Schlossberg","Jon Hurwitz,Hayden Schlossberg",$38.1M,Warner Bros.,"Dolby SRD, DTS, SDDS",38.1
lucky_break,Lucky Break,48,48,PG-13,"['Some Sexual References', 'Brief Strong Language']",2002-04-05,2002-10-22,107,Comedy,English,Peter Cattaneo,Ronan Bennett,$54.6K,Paramount Pictures,"Dolby Stereo, Dolby Digital, Dolby A, Dolby SR",0.0546
1189344-lovely_bones,The Lovely Bones,52,31,PG-13,"['Disturbing Violent Images', 'Disturbing Violent Content', 'Mature Thematic Material', 'Some Language']",2010-01-15,2010-04-20,136,Drama,English,Peter Jackson,"Peter Jackson,Philippa Boyens,Fran Walsh",$44.0M,"DreamWorks SKG, Paramount Pictures","SDDS, Dolby Digital, DTS",44
peep-world,Peep World,22,25,R,"['Language', 'Sexual Content']",2011-03-25,2011-07-19,89,Comedy,English,Barry W. Blaustein,Peter Himmelstein,$10.9K,IFC Films,Dolby Digital,0.0109
open_range,Open Range,84,79,R,['Violence'],2003-08-15,2006-06-04,138,Drama,English,Kevin Costner,"Craig Storper,Lauran Paine",$58.3M,Touchstone Pictures,Surround,58.3
anna_karenina_2012,Anna Karenina,50,62,R,"['Violence', 'Some Sexuality']",2012-11-30,2013-02-19,129,Drama,English,Joe Wright,Tom Stoppard,$12.8M,Focus Features,"Datasat, Dolby Digital",12.8
heaven_is_for_real,Heaven Is for Real,66,51,PG,"['Thematic Material', 'Some Medical Situations']",2014-04-16,2014-07-22,100,Drama,English,Randall Wallace,"Randall Wallace,Chris Parker",$91.4M,Sony Pictures Entertainment,"Datasat, SDDS, Dolby Digital",91.4
1112357-scoobydoo,Scooby-Doo,39,32,PG,"['Some Rude Humor', 'Language', 'Some Scary Action']",2002-06-14,2002-10-11,86,Comedy,English,Raja Gosnell,"James Gunn,James Gunn,Craig Titley",$153.3M,Warner Bros. Pictures,"Dolby Stereo, Dolby Digital, Dolby A, Surround, Dolby SR",153.3
there_will_be_blood,There Will Be Blood,86,91,R,['Some Violence'],2008-01-25,2008-04-08,158,Drama,English,Paul Thomas Anderson,Paul Thomas Anderson,$40.2M,Paramount Pictures,"Dolby SRD, DTS, SDDS",40.2
legally_blonde_2_red_white_and_blonde,"Legally Blonde 2: Red, White & Blonde",29,36,PG-13,['Some Sex-Related Humor'],2003-07-02,2003-11-04,94,Comedy,English,Charles Herman-Wurmfeld,"Kate Kondell,Eve Ahlert,Dennis Drake,Kate Kondell,Amanda Brown",$89.8M,Metro-Goldwyn-Mayer,"Dolby SR, DTS, Dolby Stereo, Surround, Dolby A, Dolby Digital",89.8
shine_2018,Shine,89,50,R,['Language'],2018-10-05,2019-01-08,95,Drama,English,Anthony Nardolillo,"Anthony Nardolillo,Corey Deshon,Ahmadu Garba",$308.4K,"Forgiven Films, GVN Releasing",Dolby Digital,0.30839999999999995
hellboy_2_the_golden_army,Hellboy II: The Golden Army,71,86,PG-13,"['Some Language', 'Sci-Fi Action', 'Violence']",2008-07-11,2008-11-11,120,Sci-fi,English,Guillermo del Toro,Guillermo del Toro,$75.8M,Universal Pictures,"Dolby SRD, DTS, SDDS",75.8
neighbors_2_sorority_rising,Neighbors 2: Sorority Rising,44,64,R,"['Crude Sexual Content', 'Brief Graphic Nudity', 'Drug Use', 'Language Throughout', 'Teen Partying']",2016-05-20,2016-09-20,92,Comedy,English,Nicholas Stoller,"Andrew Jay Cohen,Brendan O'Brien,Evan Goldberg,Seth Rogen,Nicholas Stoller",$55.3M,Universal Pictures,Dolby Digital,55.3
the_1517_to_paris,The 15:17 to Paris,37,23,PG-13,"['Drug References', 'Bloody Images', 'Language', 'Some Suggestive Material', 'Violence']",2018-02-09,2018-05-22,94,Drama,English,Clint Eastwood,Dorothy Blyskal,$36.2M,Warner Bros. Pictures,Dolby Atmos,36.2
the_cabin_in_the_woods,The Cabin in the Woods,74,92,R,"['Gore', 'Drug Use', 'Strong Horror Violence', 'Language', 'Some Sexuality/Nudity', 'Strong Bloody Violence']",2012-04-13,2012-09-18,95,Comedy,English,Drew Goddard,"Joss Whedon,Drew Goddard",$42.0M,Lionsgate Films,"Datasat, SDDS, Dolby Digital",42
matrix,The Matrix,85,88,R,"['Sci-Fi Violence', 'Brief Language']",1999-03-31,2007-05-15,136,Sci-fi,English,"Lilly Wachowski,Lana Wachowski","Lilly Wachowski,Lana Wachowski",$171.4M,Warner Bros. Pictures,"Dolby SR, Dolby Stereo, Surround, SDDS, DTS, Dolby Digital",171.4
x_men_apocalypse,X-Men: Apocalypse,65,47,PG-13,"['Brief Strong Language', 'Action and Destruction', 'Sequences of Violence', 'Some Suggestive Images']",2016-05-27,2016-10-04,143,Sci-fi,English,Bryan Singer,Simon Kinberg,$155.0M,20th Century Fox,Dolby Atmos,155
fifty_shades_freed,Fifty Shades Freed,37,11,R,"['Nudity', 'Language', 'Strong Sexual Content']",2018-02-09,2018-05-08,105,Drama,English,James Foley,Niall Leonard,$100.4M,Universal Pictures,"Dolby Atmos, DTS, Dolby Digital",100.4
friday,Friday,91,76,R,"['Drug Use', 'A Brutal Fight', 'Pervasive Strong Language']",1995-04-26,1999-03-02,91,Comedy,English,F. Gary Gray,"Ice Cube,DJ Pooh",$27.4M,"New Line Cinema, New Line Home Video [us]","Surround, Stereo",27.4
tempest,The Tempest,28,30,PG-13,"['Some Nudity', 'Scary Images', 'Suggestive Content']",2010-12-10,2011-09-13,109,Drama,English,Julie Taymor,Julie Taymor,$263.4K,Miramax Films,Dolby Digital,0.26339999999999997
frozen_2013,Frozen,85,90,PG,"['Some Action', 'Mild Rude Humor']",2013-11-27,2014-03-18,102,Comedy,English,"Chris Buck,Jennifer Lee",Jennifer Lee,$401.0M,Walt Disney,Dolby Atmos,401
pacifier,The Pacifier,58,21,PG,"['Language', 'Action/Violence', 'Rude Humor']",2005-03-04,2005-06-28,95,Comedy,English,Adam Shankman,"Thomas Lennon,Robert Ben Garant",$113.0M,Buena Vista Pictures,"Surround, Dolby SRD, DTS, SDDS",113
the_secret_life_of_pets_2,The Secret Life of Pets 2,90,60,PG,['Some Action and Rude Humor'],2019-06-07,2019-08-13,86,Comedy,English,Chris Renaud,Brian Lynch,$158.2M,Universal Pictures,"Dolby Atmos, DTS, Dolby Digital, SDDS",158.2
bad_times_at_the_el_royale,Bad Times at the El Royale,74,74,R,"['Language', 'Brief Nudity', 'Some Drug Content', 'Strong Violence']",2018-10-12,2018-12-18,141,Drama,English,Drew Goddard,Drew Goddard,$17.8M,20th Century Fox,Dolby Atmos,17.8
kung_pow,Kung Pow: Enter the Fist,69,13,PG-13,"['Sexual Humor', 'Crude Humor', 'Comic Violence']",2002-01-25,2002-07-23,81,Comedy,English,Steve Oedekerk,Steve Oedekerk,$16.0M,20th Century Fox,"Dolby Stereo, Dolby Digital, Dolby A, Surround, DTS, Dolby SR",16
catch_a_fire,Catch a Fire,71,75,PG-13,"['Thematic Material', 'Brief Language', 'Violence']",2006-10-27,2007-01-30,102,Drama,English,Phillip Noyce,Shawn Slovo,$4.3M,Focus Features,"Dolby Digital, DTS, Dolby SRD",4.3
ladykillers,The Ladykillers,43,54,R,"['Sexual References', 'Language']",2004-03-26,2006-06-04,104,Comedy,English,Joel Coen,"Max D. Adams,Ethan Coen,Joel Coen",$39.7M,Buena Vista Pictures,"Surround, Dolby SRD, DTS, SDDS",39.7
hoodwinked_too_hood_vs_evil,Hoodwinked Too! Hood vs. Evil,35,11,PG,"['Language', 'Action', 'Some Mild Rude Humor']",2011-04-29,2011-08-16,86,Comedy,English,Michael D'Isa-Hogan,"Cory Edwards,Todd Edwards,Tony Leech",$10.1M,Weinstein Co.,Dolby Digital,10.1
love_in_the_time_of_cholera,Love in the Time of Cholera,45,27,R,"['Sexual Content/Nudity', 'Brief Language']",2007-11-16,2008-03-18,138,Drama,English,Mike Newell,Ronald Harwood,$4.6M,New Line Cinema,"Dolby SRD, DTS, SDDS",4.6
scott_pilgrims_vs_the_world,Scott Pilgrim vs. the World,84,82,PG-13,"['Language', 'Drug References', 'Sexual Content', 'Stylized Violence']",2010-08-13,2010-11-09,112,Comedy,English,Edgar Wright,"Michael Bacall,Edgar Wright",$32.8M,Universal Pictures,"SDDS, Dolby Digital, DTS",32.8
nanny_diaries,The Nanny Diaries,51,34,PG-13,['Language'],2007-08-24,2007-12-04,104,Comedy,English,"Shari Springer Berman,Robert Pulcini","Shari Springer Berman,Robert Pulcini",$25.9M,"Weinstein Co., Metro-Goldwyn-Mayer","Dolby SRD, DTS, SDDS",25.9
shattered_glass,Shattered Glass,79,92,PG-13,"['Sexual References', 'Language', 'Brief Drug Use']",2003-11-14,2004-03-23,95,Drama,English,Billy Ray,Billy Ray,$2.2M,Lionsgate Films,Surround,2.2
district_9,District 9,82,90,R,"['Pervasive Language', 'Bloody Violence']",2009-08-14,2009-12-22,111,Sci-fi,English,Neill Blomkamp,"Neill Blomkamp,Terri Tatchell",$115.6M,"Screen Gems, Sony Pictures Entertainment","SDDS, Dolby Digital, DTS",115.6
pay_it_forward,Pay It Forward,77,39,PG-13,"['Language', 'Brief Violence', 'Mature Themes', 'Sexual Situations']",2000-10-20,2001-05-15,122,Drama,English,Mimi Leder,"Catherine Ryan Hyde,Leslie Dixon",$33.5M,Warner Bros. Pictures,"Surround, Dolby SR, Dolby Digital, DTS, SDDS",33.5
shanghai,Shanghai,37,4,R,"['Strong Violence', 'Some Drug Use', 'Brief Language']",2015-10-02,2016-01-05,105,Drama,English,Mikael Håfström,Hossein Amini,$44.7K,Weinstein Co.,Dolby Digital,0.044700000000000004
red_dragon,Red Dragon,74,69,R,"['Language', 'Grisly Images', 'Sexuality', 'Some Nudity', 'Violence']",2002-10-04,2003-04-01,119,Drama,English,Brett Ratner,"Ted Tally,Thomas Harris",$92.9M,Universal Pictures,"Dolby SR, DTS, Dolby Stereo, Surround, SDDS, Dolby A, Dolby Digital",92.9
festival_in_cannes,Festival in Cannes,35,65,PG-13,['Brief Strong Language'],2002-03-08,2002-09-24,99,Comedy,English,Henry Jaglom,Henry Jaglom,$299.0K,Paramount Pictures,"Dolby Stereo, Dolby Digital, Dolby A, Stereo, Dolby SR",0.299
charlie_st_cloud,Charlie St. Cloud,60,28,PG-13,"['Language', 'An Intense Accident Scene', 'Some Sensuality', 'Some Sexual References']",2010-07-30,2010-11-09,99,Drama,English,Burr Steers,"Craig Pearce,Lewis Colick",$31.1M,Universal Pictures,"Dolby Digital, DTS, SDDS",31.1
friday_after_next,Friday After Next,75,26,R,"['Language', 'Drug Use', 'Sexual Content']",2002-11-22,2003-03-25,82,Comedy,English,Marcus Raboy,"Ice Cube,DJ Pooh,Ice Cube",$33.0M,New Line Cinema,"Dolby Stereo, Dolby Digital, Dolby A, Surround, Dolby SR",33
lost_skeleton_of_cadavra,The Lost Skeleton of Cadavra,85,54,PG,['Brief Mild Language'],2004-02-06,2004-06-22,94,Comedy,English,Larry Blamire,Larry Blamire,$110.5K,Sony Pictures Entertainment,Mono,0.1105
despicable_me,Despicable Me,83,80,PG,"['Rude Humor', 'Mild Action']",2010-07-09,2010-12-14,95,Comedy,English,"Chris Renaud,Pierre Coffin","Cinco Paul,Ken Daurio",$251.5M,Universal Pictures,"Dolby Digital, DTS, SDDS",251.5
tim_and_erics_billion_dollar_movie,Tim and Eric's Billion Dollar Movie,47,38,R,"['Drug Use', 'Comic Violence', 'Brief Graphic Nudity', 'Pervasive Language', 'Strong Crude & Sexual Content']",2012-03-02,2012-05-08,92,Comedy,English,"Tim Heidecker,Eric Wareheim","Tim Heidecker,Eric Wareheim",$200.8K,Magnet Releasing,Dolby Digital,0.2008
syriana,Syriana,67,73,R,"['Violence', 'Language']",2005-12-09,2006-06-20,128,Drama,English,Stephen Gaghan,"Robert Baer,Stephen Gaghan,John Bowker",$50.8M,Warner Bros.,"Dolby SRD, DTS, SDDS",50.8
rock_star,Rock Star,59,53,R,"['Sexuality', 'Language', 'Some Drug Content']",2001-09-07,2008-05-06,106,Drama,English,Stephen Herek,"Callie Khouri,John Stockwell",$17.0M,Warner Bros. Pictures,"Dolby SR, DTS, Dolby Stereo, Surround, SDDS, Dolby A, Dolby Digital",17
respect_2021,Respect,95,68,PG-13,"['Racial Epithets', 'Mature Thematic Content', 'Violence', 'Smoking', 'Strong Language', 'Suggestive Material']",2021-08-13,2021-09-28,145,Drama,English,Liesl Tommy,Tracey Scott Wilson,$24.3M,Metro-Goldwyn-Mayer,Dolby Digital,24.3
harold_and_kumar_go_to_white_castle,Harold & Kumar Go to White Castle,80,74,R,"['Sexual Content', 'Drug Use', 'Some Crude Humor', 'Strong Language']",2004-07-30,2005-01-04,88,Comedy,English,Danny Leiner,"Jon Hurwitz,Hayden Schlossberg",$18.2M,New Line Cinema,"Dolby SRD, SDDS, Surround, DTS",18.2
captain_corellis_mandolin,Captain Corelli's Mandolin,50,28,R,"['Sexuality', 'Language', 'Some Violence']",2001-08-17,2008-01-01,127,Drama,English,John Madden,"Shawn Slovo,Louis de Bernières",$25.5M,"Universal Pictures, Miramax Films","Dolby SR, DTS, Dolby Stereo, Surround, SDDS, Dolby A, Dolby Digital",25.5
cat_in_the_hat,Dr. Seuss' The Cat in the Hat,56,10,PG,"['Some Double-Entendres', 'Mild Crude Humor']",2003-11-21,2006-01-17,82,Comedy,English,Bo Welch,"Alec Berg,Jeff Schaffer,David Mandel,Dr. Seuss",$100.4M,"DreamWorks SKG, Universal Pictures, Universal Studios Inc.","Surround, Dolby SR, DTS, SDDS",100.4
loving_pablo,Loving Pablo,39,31,R,"['Language', 'Drug Use', 'Some Sexuality', 'Strong Violent Content']",2018-10-05,2018-10-05,128,Drama,English,Fernando León de Aranoa,Fernando León de Aranoa,$16.6K,Universal Pictures,Dolby Atmos,0.0166
ref,The Ref,73,73,R,['Language'],1994-03-09,2004-05-04,93,Comedy,English,Ted Demme,"Marie Weiss,Richard LaGravenese",$11.3M,Buena Vista Pictures,"Dolby, Surround",11.3
dangerous_lives_of_altar_boys,The Dangerous Lives of Altar Boys,79,76,R,"['Sexual Content', 'Language', 'Youth Substance Use']",2002-06-14,2002-11-05,105,Drama,English,Peter Care,Jeff Stockwell,$1.8M,ThinkFilm,"Dolby Stereo, Dolby Digital, Dolby A, Surround, Dolby SR",1.8
angelas_ashes,Angela's Ashes,81,52,R,"['Strong Language', 'Sexual Content']",2000-01-21,2016-04-05,145,Drama,English,Alan Parker,"Frank McCourt,Laura Jones,Alan Parker",$13.0M,Paramount Pictures,"Surround, Dolby Digital, DTS, SDDS",13
godzilla_vs_kong,Godzilla vs. Kong,91,75,PG-13,"['Destruction', 'Brief Language', 'Intense Creature Violence']",2021-03-31,2021-03-31,113,Sci-fi,English,Adam Wingard,"Eric Pearson,Max Borenstein",$100.4M,Warner Bros. Pictures,"Dolby Digital, Dolby Atmos, DTS",100.4
legend_2015,Legend,59,61,R,"['Some Sexual and Drug Material', 'Language Throughout', 'Strong Violence']",2015-11-20,2016-03-01,131,Drama,English,Brian Helgeland,Brian Helgeland,$1.9M,Universal Pictures,Dolby Atmos,1.9
first_kid,First Kid,32,20,PG,"['Some Violence', 'Language', 'Brief Partial Nudity']",1996-08-30,2004-07-06,101,Comedy,English,David M. Evans,Tim Kelleher,$26.5M,"Buena Vista Pictures, Buena Vista International [us]",Surround,26.5
inside_out_2015,Inside Out,89,98,PG,"['Some Action', 'Mild Thematic Elements']",2015-06-19,2015-11-03,95,Comedy,English,Pete Docter,"Pete Docter,Meg LeFauve,Josh Cooley",$2.0M,Walt Disney,"Dolby Atmos, Datasat",2
surviving_christmas,Surviving Christmas,30,8,PG-13,"['Language', 'Brief Drug References', 'Sexual Content']",2004-10-22,2004-12-21,90,Comedy,English,Mike Mitchell,"Deborah Kaplan,Harry Elfont",$11.2M,DreamWorks SKG,"Surround, Dolby SRD, DTS, SDDS",11.2
whole_nine_yards,The Whole Nine Yards,64,43,R,"['Sexuality', 'Nudity', 'Violence']",2000-02-18,2004-07-27,101,Comedy,English,Jonathan Lynn,Mitchell Kapner,$57.3M,Warner Bros. Pictures,"Surround, Dolby Digital, DTS, SDDS",57.3
krippendorfs_tribe,Krippendorf's Tribe,24,18,PG-13,['Sexual Humor'],1998-02-27,2003-10-14,94,Comedy,English,Todd Holland,"Frank Parkin,Charlie Peters",$7.6M,Touchstone Pictures,"Dolby Stereo, Dolby A, SDDS, Surround, Dolby Digital, Dolby SR",7.6
1130343-girl_next_door,The Girl Next Door,69,56,R,"['Language', 'Some Alcohol Use', 'Strong Sexual Content', 'Some Drug Use']",2004-02-18,2006-01-17,108,Comedy,English,Luke Greenfield,"Luke Greenfield,Stuart Blumberg,David Wagner,Brent Goldberg",$14.6M,20th Century Fox,"Surround, Dolby Digital",14.6
prisoners_2013,Prisoners,87,81,R,"['Language Throughout', 'Disturbing Violent Content', 'Torture']",2013-09-20,2013-12-17,153,Drama,English,Denis Villeneuve,Aaron Guzikowski,$61.0M,Warner Bros.,"Datasat, SDDS, Dolby Digital",61
ralph_breaks_the_internet,Ralph Breaks the Internet,64,88,PG,['Some Action and Rude Humor'],2018-11-21,2019-02-12,112,Comedy,English,"Phil Johnston,Rich Moore","Phil Johnston,Pamela Ribon",$201.1M,Walt Disney,"DTS, Dolby Digital, SDDS, Dolby Atmos, Dolby",201.1
1168378-broken_bridges,Broken Bridges,87,5,PG-13,"['Teen Drinking', 'Violent and Sexual Content']",2006-09-08,2007-01-09,104,Drama,English,Steven Goldmann,"Cherie Bennett,Jeff Gottesfeld",$251.8K,Paramount Pictures,Dolby Digital,0.2518
1164582-trade,Trade,74,33,R,"['Involving Minors', 'Disturbing Sexual Material', 'Language', 'Some Drug Content', 'Violence Including a Rape']",2007-09-28,2008-01-29,119,Drama,English,Marco Kreuzpaintner,Jose Rivera,$214.2K,Roadside Attractions,"Dolby SRD, DTS",0.2142
the_rover,The Rover,51,67,R,"['Some Bloody Violence', 'Language']",2014-06-20,2014-09-23,102,Drama,English,David Michôd,David Michôd,$1.1M,A24,Dolby Digital,1.1
mystic_masseur,The Mystic Masseur,25,51,PG,['Mild Language'],2002-05-03,2003-02-25,117,Drama,English,Ismail Merchant,"V.S. Naipaul,Caryl Phillips",$398.6K,ThinkFilm,"Dolby Stereo, Dolby A, Dolby SR, Dolby Digital, Surround",0.3986
first_sunday,First Sunday,56,12,PG-13,"['Language', 'Brief Drug References', 'Some Sexual Humor']",2008-01-11,2008-05-06,98,Comedy,English,David E. Talbert,David E. Talbert,$37.9M,"Screen Gems, Sony","Dolby SRD, DTS, SDDS",37.9
gridiron_gang,Gridiron Gang,81,42,PG-13,"['Mature Thematic Material', 'Language', 'Some Startling Scenes of Viole']",2006-09-15,2007-01-16,120,Drama,English,Phil Joanou,Jeff Maguire,$38.4M,Sony Pictures Entertainment,"Dolby SRD, DTS, SDDS",38.4
poolhall_junkies,Poolhall Junkies,87,33,R,"['Some Sexual Content', 'Language']",2003-02-28,2003-08-26,94,Drama,English,Mars Callahan,"Mars Callahan,Chris Corso",$562.1K,Samuel Goldwyn Company,"Dolby Stereo, Dolby A, Dolby SR, Dolby Digital, Surround",0.5621
vampires_suck,Vampires Suck,29,4,PG-13,"['Crude Sexual Content', 'Comic Violence', 'Language', 'Teen Partying']",2010-08-18,2010-11-30,82,Comedy,English,"Jason Friedberg,Aaron Seltzer","Jason Friedberg,Aaron Seltzer",$36.7M,20th Century Fox,"Dolby, DTS",36.7
the_big_lebowski,The Big Lebowski,93,79,R,"['Drug Content', 'Brief Violence', 'Pervasive Strong Language', 'Sexuality']",1998-03-06,2005-10-18,117,Comedy,English,Joel Coen,"Ethan Coen,Joel Coen",$17.4M,Gramercy Pictures,"Dolby SR, DTS, Dolby Stereo, Surround, SDDS, Dolby A, Dolby Digital",17.4
snow_falling_on_cedars,Snow Falling on Cedars,67,39,PG-13,"['Sensuality', 'Disturbing Images', 'Brief Strong Language']",1999-09-12,2007-05-22,126,Drama,English,Scott Hicks,"Scott Hicks,David Guterson,Ronald Bass",$14.4M,Universal Pictures,"Surround, Dolby Digital, DTS, SDDS",14.4
1162559-bobby,Bobby,72,47,R,"['Drug Content', 'A Scene of Violence', 'Language']",2006-11-23,2007-04-10,119,Drama,English,Emilio Estevez,Emilio Estevez,$11.2M,Metro-Goldwyn-Mayer,Dolby Digital,11.2
1153570-fateless,Fateless,83,94,R,"['Nudity', 'Disturbing Holocaust Images', 'Brief Strong Language']",2006-01-06,2019-12-02,136,Drama,English,Lajos Koltai,Imre Kertész,$195.9K,ThinkFilm,Dolby Digital,0.19590000000000002
once_in_the_life,Once in the Life,56,28,R,"['Strong Violence', 'Some Drug Content', 'Pervasive Language']",2000-10-27,2001-11-06,107,Drama,English,Laurence Fishburne,"Laurence Fishburne,Laurence Fishburne",$53.5K,Lionsgate Films,"Dolby SR, Dolby Digital, Dolby A, Surround",0.0535
the_deep_blue_sea,The Deep Blue Sea,52,81,R,"['Nudity', 'A Scene of Sexuality']",2012-03-23,2012-07-24,98,Drama,English,Terence Davies,Terence Davies,$1.1M,Music Box Films,Dolby Digital,1.1
the_fabelmans,The Fabelmans,83,92,PG-13,"['Drug Use', 'Brief Violence', 'Some Strong Language', 'Thematic Elements']",2022-11-23,2022-12-13,151,Drama,English,Steven Spielberg,"Steven Spielberg,Tony Kushner",$17.3M,Universal Pictures,Dolby Digital,17.3
black_hawk_down,Black Hawk Down,88,77,R,"['Intense Realistic War Violence', 'Intense Graphic War Violence', 'Language']",2002-01-18,2002-06-11,144,Drama,English,Ridley Scott,"Mark Bowden,Ken Nolan",$108.6M,"Columbia TriStar Home Video, Revolution Studios, Columbia Pictures, Columbia Tristar, Svensk Filmindustri (SF) AB, Cascade Film, Sony Pictures Entertainment","Dolby Digital, Dolby SR, SDDS, Dolby Stereo, DTS, Surround, Dolby A",108.6
ted_2,Ted 2,50,44,R,"['Pervasive Language', 'Crude and Sexual Content', 'Some Drug Use']",2015-06-26,2015-12-15,115,Comedy,English,Seth MacFarlane,"Seth MacFarlane,Alec Sulkin,Wellesley Wild",$81.3M,Universal Pictures,"Dolby Digital, Datasat",81.3
because_of_winndixie,Because of Winn-Dixie,63,55,PG,"['Thematic Elements', 'Brief Mild Language']",2005-02-18,2005-08-09,105,Drama,English,Wayne Wang,"Kate DiCamillo,Joan V. Singleton",$32.6M,20th Century Fox,"Dolby SRD, DTS, Surround",32.6
1119875-guru,The Guru,40,57,R,"['Strong Sexual Content', 'Language']",2003-01-31,2005-04-12,91,Comedy,English,Daisy von Scherler Mayer,Tracey Jackson,$3.0M,Universal Pictures,"Dolby SR, DTS, Dolby Stereo, SDDS, DTS-ES, Dolby A, Surround, Dolby Digital",3
batman_v_superman_dawn_of_justice,Batman v Superman: Dawn of Justice,63,29,PG-13,"['Intense Sequences of Violence', 'Action Throughout', 'Some Sensuality']",2016-03-25,2016-07-19,153,Sci-fi,English,Zack Snyder,"Chris Terrio,David S. Goyer",$330.2M,Warner Bros. Pictures,"Dolby Atmos, Datasat",330.2
head_over_heels_2001,Head Over Heels,56,10,PG-13,"['Language', 'Crude Humor', 'Sexual Content']",2001-02-02,2005-04-12,86,Comedy,English,Mark Waters,"John J. Strauss,Ed Decter,David Kidd,Ron Burch,Ron Burch,David Kidd",$10.4M,Universal Pictures,"Dolby SR, DTS, Dolby Stereo, Surround, SDDS, Dolby A, Dolby Digital",10.4
taxi,Taxi,43,9,PG-13,"['Language', 'Brief Violence', 'Sensuality']",2004-10-08,2005-02-15,97,Comedy,English,Tim Story,"Luc Besson,Tina Gordon Chism",$36.6M,20th Century Fox,"Dolby SRD, DTS, Surround",36.6
goods_the_don_ready_story,The Goods: Live Hard. Sell Hard.,37,27,R,"['Pervasive Language', 'Nudity', 'Sexual Content', 'Some Drug Material']",2009-08-14,2009-12-15,89,Comedy,English,Neal Brennan,"Andy Stock,Rick Stempson",$15.1M,Paramount Pictures,"SDDS, Dolby Digital, DTS",15.1
the_winter_guest,The Winter Guest,75,63,R,"['Language', 'Brief Sensuality']",1997-12-24,2005-08-30,106,Drama,English,Alan Rickman,"Sharman Macdonald,Alan Rickman",$849.3K,Fine Line Features,"Surround, Dolby Digital",0.8492999999999999
jackass_presents_bad_grandpa,Jackass Presents: Bad Grandpa,60,61,R,"['Language', 'Brief Drug Use', 'Some Graphic Nudity', 'Strong Crude & Sexual Content']",2013-10-25,2014-01-28,92,Comedy,English,Jeff Tremaine,"Johnny Knoxville,Spike Jonze,Jeff Tremaine",$102.0M,Paramount Pictures,"Dolby Digital, Datasat",102
hot_tub_time_machine_2,Hot Tub Time Machine 2,26,14,R,"['Drug Use', 'Crude Sexual Content', 'Graphic Nudity', 'Language Throughout', 'Some Violence']",2015-02-20,2015-05-19,93,Comedy,English,Steve Pink,Josh Heald,$12.3M,Paramount Pictures,"Datasat, Dolby Digital",12.3
basic,Basic,63,21,R,"['Violence', 'Language']",2003-04-18,2003-07-08,98,Drama,English,John McTiernan,James Vanderbilt,$26.5M,Columbia Pictures,"Dolby SR, DTS, Dolby Stereo, Surround, SDDS, Dolby A, Dolby Digital",26.5
cold_mountain,Cold Mountain,77,70,R,"['Violence', 'Sexuality']",2003-12-25,2004-06-29,155,Drama,English,Anthony Minghella,"Charles Frazier,Anthony Minghella",$95.6M,Miramax Films,"Surround, Dolby SR, DTS, SDDS",95.6
transformers_the_last_knight_2017,Transformers: The Last Knight,43,16,PG-13,"['Language', 'Intense Sci-Fi Action', 'Some Innuendo', 'Violence']",2017-06-21,2017-09-26,148,Sci-fi,English,Michael Bay,"Art Marcum,Matt Holloway,Ken Nolan",$130.1M,Paramount Pictures,"Dolby Digital, Datasat, Dolby Atmos",130.1
elvis,Elvis,94,77,PG-13,"['Strong Language', 'Smoking', 'Substance Abuse', 'Suggestive Material']",2022-06-24,2022-08-09,159,Drama,English,Baz Luhrmann,"Baz Luhrmann,Sam Bromell,Craig Pearce,Jeremy Doner",$151.0M,Warner Bros. Pictures,Dolby Digital,151
breathe_in,Breathe In,41,58,R,['Some Language'],2014-03-28,2014-08-12,97,Drama,English,Drake Doremus,"Drake Doremus,Ben York Jones",$88.1K,Cohen Media Group,"Datasat, SDDS, Dolby Digital",0.0881
vanity_fair,Vanity Fair,50,51,PG-13,"['Partial Nudity', 'Brief Violent Images', 'Some Sensuality']",2004-09-01,2005-02-01,140,Drama,English,Mira Nair,"Matthew Faulk,Mark Skeet,Julian Fellowes",$16.1M,"Focus Features, Gramercy Pictures","Surround, Dolby SRD, DTS, SDDS",16.1
the_suicide_squad,The Suicide Squad,82,90,R,"['Drug Use', 'Brief Graphic Nudity', 'Language Throughout', 'Some Sexual References', 'Strong Violence and Gore']",2021-08-06,2021-08-06,132,Comedy,English,James Gunn,James Gunn,$55.8M,Warner Bros. Pictures,"Dolby Digital, Dolby Atmos",55.8
the-tic-code,The Tic Code,84,75,R,['Language'],2000-08-04,2003-08-19,91,Drama,English,Gary Winick,Polly Draper,$203.8K,"Lionsgate Films, Avalanche Home Entertainment",Surround,0.2038
nightcrawler,Nightcrawler,86,95,R,"['Language', 'Graphic Images', 'Violence']",2014-10-31,2015-02-10,117,Drama,English,Dan Gilroy,Dan Gilroy,$32.4M,Open Road,"Datasat, Dolby Digital",32.4
happy_accidents,Happy Accidents,75,70,R,['Language'],2001-08-24,2008-01-08,110,Comedy,English,Brad Anderson,Brad Anderson,$688.5K,IFC Films,Stereo,0.6885
no_reservations,No Reservations,62,42,PG,"['Some Sensuality', 'Language']",2006-07-27,2008-02-12,104,Drama,English,Scott Hicks,Carol Fuchs,$43.1M,Warner Bros.,"Dolby SRD, DTS, SDDS",43.1
1110294-on_the_line,On the Line,47,19,PG,"['Some Crude Humor', 'Language']",2001-10-26,2002-03-26,85,Comedy,English,Eric Bross,"Eric Aronson,Paul Stanton",$4.4M,Miramax Films,"Dolby Stereo, Dolby A, SDDS, DTS, Surround, Dolby Digital, Dolby SR",4.4
10007415-amazing_grace,Amazing Grace,85,67,PG,"['Thematic Material', 'Mild Language']",2007-02-23,2007-11-13,116,Drama,English,Michael Apted,Steven Knight,$21.2M,Samuel Goldwyn Company,"SDDS, Dolby Digital, DTS",21.2
cavemans_valentine,The Caveman's Valentine,52,45,R,"['Language', 'Brief Sexuality', 'Some Violence']",2001-03-02,2004-08-24,105,Drama,English,Kasi Lemmons,"George Dawes Green,George Dawes Green",$687.1K,"Universal Focus, MCA/Universal Pictures [us]","Dolby SR, DTS, Dolby Stereo, Surround, SDDS, Dolby A, Dolby Digital",0.6871
shrek,Shrek,90,88,PG,"['Some Crude Humor', 'Mild Language']",2001-05-18,2003-08-19,89,Comedy,English,"Andrew Adamson,Vicky Jenson","Ted Elliott,Terry Rossio,Joe Stillman,Roger S.H. Schulman,William Steig",$267.7M,DreamWorks SKG,"Dolby SR, DTS, Dolby Stereo, Surround, SDDS, Dolby A, Dolby Digital",267.7
gone_fishin,Gone Fishin',37,4,PG,"['Mild Violence', 'Language']",1997-05-30,2003-03-04,94,Comedy,English,Christopher Cain,Jeffrey Abramson,$19.7M,"Touchstone Home Video, Buena Vista Pictures","Surround, SDDS, Dolby Digital",19.7
diary_of_a_wimpy_kid,Diary of a Wimpy Kid,49,54,PG,"['Some Rude Humor', 'Language']",2010-03-19,2010-08-03,92,Comedy,English,Thor Freudenthal,"Jeff Filgo,Jackie Filgo,Gabe Sachs,Jeff Judah",$64.0M,20th Century Fox,"Dolby Digital, DTS",64
all_the_little_animals,All the Little Animals,77,67,R,['Some Violence'],1998-09-09,2003-08-19,112,Drama,English,Jeremy Thomas,"Walker Hamilton,Eski Thomas",$23.3K,Lionsgate Films,"Surround, Dolby Stereo",0.0233
rumor_has_it,Rumor Has It ...,41,21,PG-13,"['Crude Humor', 'Action Sequences', 'Drug References', 'Mature Thematic Material', 'Sexual Content']",2005-12-25,2006-05-09,97,Comedy,English,Rob Reiner,Ted Griffin,$43.0M,Warner Bros. Pictures,"Dolby SRD, DTS, SDDS",43
down_with_love,Down With Love,62,60,PG-13,"['Sexual Humor', 'Sexual Dialogue']",2003-05-16,2003-10-07,94,Comedy,English,Peyton Reed,"Eve Ahlert,Dennis Drake",$20.3M,20th Century Fox,"Dolby SR, DTS, Dolby Stereo, Surround, Dolby A, Dolby Digital",20.3
danny_deckchair,Danny Deckchair,77,55,PG-13,['Sex-Related Situations'],2003-05-16,2004-12-21,101,Comedy,English,Jeff Balsmeyer,Jeff Balsmeyer,$159.3K,"Lionsgate Films, Crusader Entertainment LLC",Surround,0.15930000000000002
callas_forever,Callas Forever,54,41,PG-13,"['Sexual Content', 'Strong Language']",2004-11-05,2005-06-21,108,Drama,English,Franco Zeffirelli,"Martin Sherman,Franco Zeffirelli",$446.0K,Regent Releasing,Surround,0.446
1175076-fred_claus,Fred Claus,45,21,PG,"['Some Rude Humor', 'Mild Language']",2007-11-08,2008-11-25,116,Comedy,English,David Dobkin,Dan Fogelman,$72.0M,Warner Bros.,"Dolby SRD, DTS, SDDS",72
benchwarmers,The Benchwarmers,64,13,PG-13,"['Language', 'Crude and Suggestive Humor']",2006-04-07,2006-07-25,85,Comedy,English,Dennis Dugan,"Allen Covert,Nick Swardson",$57.7M,Sony Pictures Entertainment,"Dolby SRD, DTS, SDDS",57.7
all_is_lost_2013,All Is Lost,64,94,PG-13,['Brief Strong Language'],2013-10-18,2014-02-11,105,Drama,English,J.C. Chandor,J.C. Chandor,$6.3M,Roadside Attractions,Dolby Digital,6.3
the-social-network,The Social Network,87,96,PG-13,"['Language', 'Drug and Alcohol Use', 'Sexual Content']",2010-10-01,2011-01-11,120,Drama,English,David Fincher,Aaron Sorkin,$96.9M,Sony Pictures Entertainment,"SDDS, Dolby Digital, DTS",96.9
300,300,89,61,R,"['Nudity', 'Graphic Battle Sequences', 'Some Sexuality']",2007-03-09,2007-07-31,117,Drama,English,Zack Snyder,"Zack Snyder,Kurt Johnstad,Michael B. Gordon",$210.6M,Warner Bros.,"SDDS, DTS, Dolby SRD",210.6
hands_of_stone,Hands of Stone,52,44,R,"['Some Sexuality/Nudity', 'Language Throughout']",2016-08-26,2016-11-22,105,Drama,English,Jonathan Jakubowicz,Jonathan Jakubowicz,$4.7M,Weinstein Co.,Dolby Atmos,4.7
thomas_crown_affair_the,The Thomas Crown Affair,77,69,R,['Some Sexuality and Language'],1999-07-27,2004-02-02,113,Drama,English,John McTiernan,"Kurt Wimmer,Leslie Dixon",$69.3M,Metro-Goldwyn-Mayer,"SDDS, Dolby Digital, DTS, Surround",69.3
lost_world_jurassic_park,The Lost World: Jurassic Park,51,54,PG-13,"['Intense Sci-Fi Violence', 'Intense Sci-Fi Terror']",1997-05-23,2009-11-03,134,Sci-fi,English,Steven Spielberg,"Michael Crichton,David Koepp",$229.1M,Universal Pictures,"Dolby Stereo, DTS, DTS-ES, Surround, Stereo, Dolby Digital, Dolby SR",229.1
eastern_promises,Eastern Promises,83,89,R,"['Nudity', 'Language', 'Some Graphic Sexuality', 'Strong Bloody Violence', 'Strong Brutal Violence']",2007-09-14,2007-12-26,100,Drama,English,David Cronenberg,Steven Knight,$17.1M,Focus Features,"Dolby SR, DTS, Dolby SRD",17.1
possession,Possession,58,63,PG-13,"['Some Thematic Elements', 'Sexuality']",2002-08-16,2003-02-11,102,Drama,English,Neil LaBute,"A.S. Byatt,David Henry Hwang,Laura Jones,Neil LaBute",$10.1M,USA Films,"Dolby Stereo, Dolby Digital, Dolby A, Surround, Dolby SR",10.1
sixth_day,The 6th Day,32,40,PG-13,"['Some Sensuality', 'Brief Strong Language', 'Strong Action Violence']",2000-11-17,2001-03-27,124,Sci-fi,English,Roger Spottiswoode,Cormac Wibberley,$34.5M,"Columbia TriStar Home Video, Columbia Pictures, Sony Pictures Entertainment","SDDS, Dolby Digital, DTS, Surround, Dolby SR",34.5
grown_ups_2,Grown Ups 2,53,8,PG-13,"['Language', 'Crude and Suggestive Content', 'Some Male Rear Nudity']",2013-07-12,2013-11-05,100,Comedy,English,Dennis Dugan,"Fred Wolf,Adam Sandler,Tim Herlihy",$133.7M,Sony Pictures Entertainment,"Datasat, SDDS, Dolby Digital",133.7
be_kind_rewind,Be Kind Rewind,56,65,PG-13,['Some Sexual References'],2008-02-22,2008-06-17,101,Comedy,English,Michel Gondry,Michel Gondry,$11.2M,New Line Cinema,"Dolby SRD, DTS, SDDS",11.2
rabbit_hole,Rabbit Hole,72,87,PG-13,"['Mature Thematic Material', 'Language', 'Some Drug Use']",2010-01-14,2011-04-19,91,Drama,English,John Cameron Mitchell,David Lindsay-Abaire,$2.2M,Lionsgate Films,Dolby Digital,2.2
miss_sloane,Miss Sloane,72,76,R,['Language and Some Sexuality'],2016-12-09,2017-03-21,132,Drama,English,John Madden,Jonathan Perera,$3.5M,EuropaCorp,Dolby Digital,3.5
live_die_repeat_edge_of_tomorrow,Edge of Tomorrow,90,91,PG-13,"['Intense Seq. of Sci-Fi Action', 'Brief Suggestive Material', 'Intense Seq. of Sci-Fi Violenc', 'Language']",2014-06-06,2014-10-07,113,Sci-fi,English,Doug Liman,"Christopher McQuarrie,Jez Butterworth,John-Henry Butterworth",$100.2M,Warner Bros. Pictures,"Dolby Digital, Datasat",100.2
zombieland_double_tap,Zombieland: Double Tap,88,68,R,"['Language Throughout', 'Bloody Violence', 'Some Drug and Sexual Content']",2019-10-18,2019-10-18,99,Comedy,English,Ruben Fleischer,"Rhett Reese,Paul Wernick,David Callaham",$73.1M,"Sony Pictures Entertainment, Columbia Pictures","Dolby Atmos, Dolby Digital",73.1
norbit,Norbit,53,9,PG-13,"['Language', 'Crude and Sexual Humor', 'Some Nudity']",2007-02-09,2007-06-05,102,Comedy,English,Brian Robbins,"Eddie Murphy,Charlie Murphy,Jay Scherick,David Ronn",$95.3M,Paramount Pictures,"Dolby SRD, DTS, SDDS",95.3
chaos_walking,Chaos Walking,71,21,PG-13,['Violence and Language'],2021-03-05,2021-04-02,109,Sci-fi,English,Doug Liman,"Patrick Ness,Christopher Ford",$13.3M,Lionsgate Films,"Dolby Digital, DTS, Dolby Atmos",13.3
iron_man,Iron Man,91,94,PG-13,"['Intense Sci-Fi Action/Violence', 'Brief Suggestive Content']",2008-05-02,2008-09-30,126,Sci-fi,English,Jon Favreau,"Mark Fergus,Hawk Ostby,Art Marcum,Matt Holloway",$318.3M,Paramount Pictures,"SDDS, DTS, Dolby SRD",318.3
life_or_something_like_it,Life or Something Like It,44,27,PG-13,"['Language', 'Brief Violence', 'Sexual Content']",2002-04-26,2002-10-15,103,Comedy,English,Stephen Herek,"John Scott Shepherd,Dana Stevens,John Scott Shepherd",$14.4M,"20th Century Fox, Medusa Distribuzione, Gemini Film [ru], 20th Century Fox de Argentina [ar]","Dolby SR, DTS, Dolby Stereo, Surround, Dolby A, Dolby Digital",14.4
1108704-planet_of_the_apes,Planet of the Apes,27,44,PG-13,"['Sequences of Violence', 'Sequences of Action']",2001-07-27,2001-11-20,120,Sci-fi,English,Tim Burton,"William Broyles Jr.,Lawrence Konner,Mark Rosenthal,Pierre Boulle",$180.0M,20th Century Fox,"Dolby SR, DTS, Dolby Stereo, Surround, Dolby A, Dolby Digital",180
smurfs_the_lost_village,Smurfs: The Lost Village,55,40,PG,"['Some Mild Action', 'Rude Humor']",2017-04-07,2017-07-11,91,Comedy,English,Kelly Asbury,"Stacey Harman,Pamela Ribon",$45.0M,Sony Pictures Entertainment,Dolby Digital,45
dear_evan_hansen,Dear Evan Hansen,88,29,PG-13,"['Some Suggestive References', 'Brief Strong Language', 'Suicide', 'Thematic Material']",2021-09-24,2021-10-14,137,Drama,English,Stephen Chbosky,Steven Levenson,$15.0M,Universal Pictures,Dolby Digital,15
martian_child,Martian Child,72,35,PG,"['Thematic Elements', 'Mild Language']",2007-11-02,2008-02-12,106,Drama,English,Menno Meyjes,"Seth E. Bass,Jonathan Tolins",$7.5M,New Line Cinema,"Dolby SRD, DTS, SDDS",7.5
the_menu,The Menu,76,88,R,"['Some Sexual References', 'Language Throughout', 'Strong Violent Content']",2022-11-18,2023-01-03,107,Comedy,English,Mark Mylod,"Seth Reiss,Will Tracy",$38.5M,Searchlight Pictures,"Dolby Digital, Dolby Atmos",38.5
bad_moms,Bad Moms,63,58,R,"['Full Frontal Nudity', 'Drug and Alcohol Content', 'Language Throughout', 'Sexual Material']",2016-07-29,2016-11-01,101,Comedy,English,"Jon Lucas,Scott Moore","Jon Lucas,Scott Moore",$113.2M,STX Entertainment,Dolby Digital,113.2
bride_of_the_wind,Bride of the Wind,38,11,R,"['Sexuality', 'Nudity']",2001-06-08,2001-11-13,99,Drama,English,Bruce Beresford,Marilyn Levy,$419.4K,Paramount Pictures,"Dolby Stereo, Dolby Digital, Dolby A, Surround, Dolby SR",0.4194
i_am_sam,I Am Sam,86,36,PG-13,['Language'],2002-01-25,2005-01-18,132,Drama,English,Jessie Nelson,"Kristine Johnson,Jessie Nelson",$40.3M,New Line Cinema,"Dolby Stereo, Dolby Digital, Dolby A, Surround, Dolby SR",40.3
invasion,The Invasion,40,20,PG-13,"['Terror', 'Disturbing Images', 'Violence']",2007-08-17,2008-01-29,99,Sci-fi,English,Oliver Hirschbiegel,David Kajganich,$15.1M,Warner Bros.,"Dolby SRD, DTS, SDDS",15.1
crush_2002,Crush,58,36,R,"['Sexuality', 'Language']",2002-04-05,2014-01-28,111,Comedy,English,John McKay,John McKay,$1.1M,Sony Pictures Classics,"Dolby Stereo, Dolby Digital, Dolby A, Surround, Dolby SR",1.1
yours_mine_and_ours,"Yours, Mine & Ours",51,6,PG,['Some Mild Crude Humor'],2005-11-23,2006-02-28,88,Comedy,English,Raja Gosnell,"Ron Burch,Helen Eileen Beardsley",$53.4M,Paramount Pictures,Surround,53.4
all_the_kings_men,All the King's Men,40,11,PG-13,"['Partial Nudity', 'Intense Sequence of Violence', 'Sexual Content']",2006-09-22,2006-12-19,128,Drama,English,Steven Zaillian,Steven Zaillian,$7.2M,Sony Pictures,"Dolby SRD, DTS, SDDS",7.2
lord_of_war,Lord of War,84,61,R,"['Language', 'Drug Use', 'Sexuality', 'Strong Violence']",2005-09-16,2006-01-17,122,Drama,English,Andrew Niccol,Andrew Niccol,$24.1M,Lions Gate Entertainment,"Surround, Dolby SRD",24.1
star_trek_insurrection,Star Trek: Insurrection,44,55,PG,"['Sci-Fi Action Violence', 'Mild Language', 'Sensuality']",1998-12-11,1999-05-11,98,Sci-fi,English,Jonathan Frakes,"Gene Roddenberry,Rick Berman,Michael Alan Spiller,Michael Alan Spiller",$70.2M,Paramount Pictures,"Dolby SR, DTS, Dolby Stereo, Surround, SDDS, Dolby A, Dolby Digital",70.2
view_from_the_top,View From the Top,34,14,PG-13,"['Sexual References', 'Language']",2003-03-21,2003-09-09,87,Comedy,English,Bruno Barreto,Eric Wald,$15.6M,Miramax Films,"Dolby Stereo, Dolby Digital, Dolby A, Surround, Dolby SR",15.6
kick_ass_2_2013,Kick-Ass 2,57,32,R,"['Crude and Sexual Content', 'Brief Nudity', 'Pervasive Language', 'Strong Violence']",2013-08-16,2013-12-17,103,Comedy,English,Jeff Wadlow,Jeff Wadlow,$28.8M,Universal Pictures,"Datasat, Dolby Digital",28.8
girls_trip,Girls Trip,78,92,R,"['Crude and Sexual Content', 'Brief Graphic Nudity', 'Drug Material', 'Pervasive Language']",2017-07-21,2017-09-28,122,Comedy,English,Malcolm D. Lee,"Kenya Barris,Tracy Oliver",$115.1M,Universal Pictures,Dolby Digital,115.1
suffragette,Suffragette,68,73,PG-13,"['Partial Nudity', 'Brief Strong Language', 'Some Intense Violence', 'Thematic Elements']",2015-11-13,2016-02-02,106,Drama,English,Sarah Gavron,Abi Morgan,$4.7M,Focus Features,Dolby Digital,4.7
1110925-invincible,Invincible,51,55,PG-13,"['Sexual Content', 'Thematic Elements']",2002-09-20,2003-06-03,131,Drama,English,Werner Herzog,Werner Herzog,$80.6K,Fine Line Features,Surround,0.08059999999999999
annie_2012,Annie,59,28,PG,"['Rude Humor', 'Mild Language']",2014-12-19,2015-03-17,118,Comedy,English,Will Gluck,"Will Gluck,Aline Brosh McKenna",$85.9M,Sony Pictures Entertainment,"Datasat, SDDS, Dolby Digital",85.9
larry_the_cable_guy_health_inspector,Larry the Cable Guy: Health Inspector,52,5,PG-13,"['Language', 'Crude and Sexual Content']",2006-03-24,2006-08-08,89,Comedy,English,Trent Cooper,"Jonathan Bernstein,James Greer",$15.7M,Lionsgate Films,"SDDS, Dolby SRD, DTS",15.7
black_or_white,Black or White,65,38,PG-13,"['Brief Strong Language', 'A Fight', 'Drug Use and Drinking', 'Thematic Material']",2015-01-30,2015-05-05,121,Drama,English,Mike Binder,Mike Binder,$21.6M,Relativity Media,"Datasat, Dolby Digital",21.6
american_underdog,American Underdog,98,75,PG,"['Thematic Elements', 'Some Language']",2021-12-25,2022-05-20,112,Drama,English,"Andrew Erwin,Jon Erwin","David Aaron Cohen,Jon Erwin,Jon Gunn",$26.5M,Lionsgate,Dolby Digital,26.5
gods_not_dead_2,God's Not Dead 2,62,10,PG,['Some Thematic Elements'],2016-04-01,2016-08-09,121,Drama,English,Harold Cronk,"Chuck Konzelman,Cary Solomon",$20.8M,Pure Flix Entertainment,"Dolby Digital, DTS, SDDS",20.8
mollys_game,Molly's Game,84,82,R,"['Language', 'Drug Content', 'Some Violence']",2018-01-05,2018-04-10,141,Drama,English,Aaron Sorkin,Aaron Sorkin,$28.7M,STX Films,Dolby Digital,28.7
bread_and_roses,Bread and Roses,79,67,R,"['Strong Language', 'Brief Nudity']",2000-09-14,2001-11-27,110,Drama,English,Ken Loach,Paul Laverty,$536.5K,Lionsgate Films,"Dolby Stereo, Dolby A, Dolby SR, Dolby Digital, Surround",0.5365
sky_captain,Sky Captain and the World of Tomorrow,46,70,PG,['Stylized Sci-Fi Violence'],2004-09-17,2005-01-25,107,Sci-fi,English,Kerry Conran,Kerry Conran,$37.8M,Paramount Pictures,"Dolby SRD, DTS, Surround",37.8
big_fat_liar,Big Fat Liar,44,45,PG,['Some Language'],2002-02-08,2007-05-22,88,Comedy,English,Shawn Levy,"Dan Schneider,Dan Schneider,Brian Robbins",$47.8M,Universal Pictures,"Surround, Dolby SR, Dolby Digital, Dolby A, Dolby Stereo",47.8
baby_mama,Baby Mama,55,63,PG-13,"['Crude and Sexual Humor', 'A Drug Reference', 'Language']",2008-04-25,2009-04-14,99,Comedy,English,Michael McCullers,Michael McCullers,$60.3M,Universal Pictures,"Dolby SRD, DTS, SDDS",60.3
monte_carlo_2011,Monte Carlo,50,40,PG,['Brief Mild Language'],2011-07-01,2011-10-18,108,Comedy,English,Thomas Bezucha,"Thomas Bezucha,April Blair,Maria Maggenti",$23.2M,20th Century Fox,Dolby,23.2
breaking_and_entering,Breaking and Entering,52,34,R,"['Sexuality', 'Language']",2006-12-15,2007-05-08,119,Drama,English,Anthony Minghella,Anthony Minghella,$929.0K,Weinstein Co.,"SDDS, Dolby Digital, DTS, Dolby SRD",0.929
are_we_done_yet,Are We Done Yet?,29,8,PG,"['Some Innuendos', 'Brief Language']",2007-04-04,2007-08-07,92,Comedy,English,Steve Carr,Hank Nelken,$49.6M,Sony Pictures Entertainment,"Dolby SRD, DTS, SDDS",49.6
kissing_a_fool,Kissing a Fool,45,29,R,['Strong Language'],1998-02-20,2003-04-01,93,Comedy,English,Doug Ellin,"James Frey,James Frey,Doug Ellin",$4.0M,Universal Pictures,"Dolby SR, DTS, Dolby Stereo, Surround, SDDS, Dolby A, Dolby Digital",4
the_bad_guys_2022,The Bad Guys,93,88,PG,['Action and Rude Humor'],2022-04-22,2022-07-01,99,Comedy,English,Pierre Perifel,"Etan Cohen,Hilary Winston",$97.2M,Universal Pictures,Dolby Atmos,97.2
american_pie,American Pie,61,61,R,"['Language', 'Strong Sexuality', 'Drinking', 'Crude Sexual Dialogue']",1999-07-09,2003-07-29,95,Comedy,English,Paul Weitz,Adam Herz,$101.7M,Universal Pictures,"Dolby SR, DTS, SDDS, Surround, Dolby A, Dolby Digital",101.7
peeples,Peeples,49,38,PG-13,"['Sexual Content', 'Language', 'Drug Material']",2013-05-10,2013-09-10,95,Comedy,English,Tina Gordon Chism,Tina Gordon Chism,$9.1M,Lionsgate Films,"SDDS, Dolby Digital, Datasat",9.1
coach_carter,Coach Carter,85,64,PG-13,"['Sexual Content', 'Language', 'Some Drug Material', 'Teen Partying', 'Violence']",2005-01-14,2005-06-21,136,Drama,English,Thomas Carter,Mark Schwahn,$67.3M,Paramount Pictures,"Dolby SRD, DTS, Surround",67.3
water_for_elephants,Water for Elephants,70,60,PG-13,"['Sexual Content', 'Moments of Intense Violence']",2011-04-22,2011-11-01,121,Drama,English,Francis Lawrence,"Richard LaGravenese,Sara Gruen",$58.7M,20th Century Fox,"SDDS, Dolby Digital, Datasat",58.7
how_to_be_single_2016,How to Be Single,47,46,R,"['Strong Language Throughout', 'Sexual Content']",2016-02-12,2016-05-24,110,Comedy,English,Christian Ditter,"Abby Kohn,Marc Silverstein,Dana Fox",$46.8M,Warner Bros. Pictures,"Dolby Digital, DTS, SDDS",46.8
sing_2016,Sing,72,71,PG,"['Some Rude Humor', 'Mild Peril']",2016-12-21,2017-04-18,108,Comedy,English,Garth Jennings,Garth Jennings,$270.4M,Universal Pictures,"Dolby Digital, SDDS, Dolby Atmos, Datasat",270.4
frida,Frida,85,76,R,"['Nudity', 'Language', 'Sexuality']",2002-10-25,2003-06-10,123,Drama,English,Julie Taymor,"Hayden Herrera,Clancy Sigal,Diane Lake,Gregory Nava,Anna Thomas",$25.8M,Miramax Films,"Dolby SR, DTS, Dolby Stereo, Surround, Dolby A, Dolby Digital",25.8
baywatch_2017,Baywatch,61,17,R,"['Graphic Nudity', 'Crude Sexual Content', 'Language Throughout']",2017-05-25,2017-08-22,116,Comedy,English,Seth Gordon,"Damian Shannon,Mark Swift",$58.0M,Paramount Pictures,"Dolby Atmos, Dolby Digital",58
wiener_dog,Wiener-Dog,41,74,R,"['Some Disturbing Content', 'Language']",2016-06-24,2016-10-11,87,Comedy,English,Todd Solondz,Todd Solondz,$445.4K,"IFC Films, Amazon Studios",Dolby Digital,0.44539999999999996
10009055-rocker,The Rocker,46,41,PG-13,"['Language', 'Drug References', 'Nudity', 'Sexual References']",2008-08-20,2008-10-14,102,Comedy,English,Peter Cattaneo,"Maya Forbes,Wallace Wolodarsky",$6.4M,20th Century Fox,"Dolby SRD, DTS, SDDS",6.4
ghostbusters_afterlife,Ghostbusters: Afterlife,94,63,PG-13,"['Supernatural Action', 'Some Suggestive References']",2021-11-19,2022-01-10,124,Comedy,English,Jason Reitman,"Gil Kenan,Jason Reitman",$128.8M,Columbia Pictures,Dolby Atmos,128.8
secretariat,Secretariat,76,64,PG,['Brief Mild Language'],2010-10-08,2011-01-25,123,Drama,English,Randall Wallace,Mike Rich,$59.7M,Walt Disney,"SDDS, Dolby Digital, DTS",59.7
stillwater_2020,Stillwater,72,75,R,['Language'],2021-07-30,2021-08-19,140,Drama,English,Tom McCarthy,"Tom McCarthy,Marcus Hinchey,Thomas Bidegain,Noé Debré",$14.4M,Focus Features,Dolby Atmos,14.4
stop_loss,Stop-Loss,26,65,R,"['Pervasive Language', 'Graphic Violence']",2008-03-28,2008-07-08,113,Drama,English,Kimberly Peirce,"Mark Richard,Kimberly Peirce",$10.9M,Paramount Pictures,"Dolby SRD, DTS, SDDS",10.9
thing_called_love,The Thing Called Love,62,57,PG-13,['Some Language'],1993-07-16,2012-05-01,116,Drama,English,Peter Bogdanovich,Carol Heikkinen,$872.4K,Paramount Pictures,"Surround, Stereo",0.8724
hell_baby_2013,Hell Baby,27,33,R,"['Language', 'Graphic Nudity', 'Bloody Violence', 'Sexual Content', 'Some Drug Use']",2013-09-06,2013-12-31,93,Comedy,English,"Robert Ben Garant,Thomas Lennon","Robert Ben Garant,Thomas Lennon",$5.0K,Millennium Entertainment,Dolby Digital,0.005
true_grit_2010,True Grit,85,95,PG-13,"['Int. Seq. of Western Violence', 'Disturbing Images']",2010-12-22,2011-06-07,110,Drama,English,"Joel Coen,Ethan Coen","Joel Coen,Ethan Coen",$171.0M,Paramount Pictures,"SDDS, Dolby Digital, DTS",171
10008954-untraceable,Untraceable,52,16,R,"['Strong Gruesome Violence', 'Language']",2008-01-25,2008-05-13,101,Drama,English,Gregory Hoblit,"Robert Fyvolent,Mark R. Brinker,Allison Burnett",$28.7M,Sony Pictures Entertainment,"Dolby SRD, DTS, SDDS",28.7
1040322-of_mice_and_men,Of Mice and Men,82,97,PG-13,['Some Scenes of Violence'],1992-10-02,2016-01-19,110,Drama,English,Gary Sinise,"John Steinbeck,Horton Foote",$5.0M,Metro-Goldwyn-Mayer,"Surround, Stereo",5
fantastic_four_rise_of_the_silver_surfer,Fantastic Four: Rise of the Silver Surfer,51,37,PG,"['Sequences of Action Violence', 'Innuendo', 'Some Mild Language']",2007-06-15,2007-10-02,92,Sci-fi,English,Tim Story,"Don Payne,Mark Frost",$131.9M,20th Century Fox,"Dolby SRD, DTS, SDDS",131.9
step_up_revolution,Step Up Revolution,68,41,PG-13,"['Some Suggestive Dancing', 'Language']",2012-07-27,2012-11-27,98,Drama,English,Scott Speer,Amanda Brody,$35.1M,Summit Entertainment,"Datasat, Dolby Digital",35.1
incredibles,The Incredibles,75,97,PG,['Action/Violence'],2004-11-05,2005-03-15,115,Comedy,English,Brad Bird,Brad Bird,$261.4M,Walt Disney Pictures,"Surround, Dolby SRD, DTS, SDDS",261.4
knock_at_the_cabin,Knock at the Cabin,64,67,R,['Violence and Language'],2023-02-03,2023-02-21,100,Drama,English,M. Night Shyamalan,"M. Night Shyamalan,Steve Desmond,Michael Sherman",$35.4M,Universal Pictures,"Dolby Atmos, Dolby Digital",35.4
how_to_train_your_dragon_2,How to Train Your Dragon 2,90,92,PG,"['Some Mild Rude Humor', 'Adventure Action']",2014-06-13,2014-11-11,102,Comedy,English,"Dean DeBlois,Tom Owens",Dean DeBlois,$177.0M,20th Century Fox,"Dolby Atmos, SDDS, Datasat",177
perfume_the_story_of_a_murderer,Perfume: The Story of a Murderer,74,59,R,"['Disturbing Images', 'Aberrant Behavior', 'Nudity', 'Sexuality', 'Violence']",2006-12-27,2007-07-24,145,Drama,English,Tom Tykwer,"Tom Tykwer,Bernd Eichinger,Andrew Birkin",$2.2M,Paramount Pictures,"SDDS, Dolby Digital, DTS",2.2
minions,Minions,49,55,PG,"['Rude Humor', 'Action']",2015-07-10,2015-12-08,91,Comedy,English,"Pierre Coffin,Kyle Balda",Brian Lynch,$336.0M,Universal Pictures,"Dolby Atmos, Datasat",336
wild_2014,Wild,75,88,R,"['Language', 'Drug Use', 'Nudity', 'Sexual Content']",2014-12-03,2015-03-31,115,Drama,English,Jean-Marc Vallée,Nick Hornby,$37.7M,Fox Searchlight,Dolby Digital,37.7
i_heart_huckabees,I Heart Huckabees,75,63,R,"['Sex Scene', 'Language']",2004-09-10,2005-06-28,106,Comedy,English,David O. Russell,"David O. Russell,Jeff Baena",$12.8M,20th Century Fox,"Surround, Dolby SRD",12.8
magdalene_sisters,The Magdalene Sisters,89,91,R,"['Language', 'Cruelty', 'Nudity', 'Sexual Content', 'Violence']",2003-08-15,2004-03-23,119,Drama,English,Peter Mullan,Peter Mullan,$4.9M,Miramax Films,Surround,4.9
whiplash_2014,Whiplash,94,94,R,"['Strong Language', 'Some Sexual References']",2014-10-10,2014-12-02,106,Drama,English,Damien Chazelle,Damien Chazelle,$13.2M,Sony Pictures Classics,"Datasat, SDDS, Dolby Digital",13.2
labor_day_2013,Labor Day,54,34,PG-13,"['Sexuality', 'Brief Violence', 'Thematic Material']",2014-01-31,2014-04-29,111,Drama,English,Jason Reitman,Jason Reitman,$13.4M,Paramount Pictures,"SDDS, Dolby Digital",13.4
rules_of_engagement,Rules of Engagement,55,37,R,"['Violence', 'Language']",2000-03-31,2000-10-10,128,Drama,English,William Friedkin,"James Webb,Stephen Gaghan",$61.3M,Paramount Pictures,"Dolby Stereo, Dolby Digital, DTS, Surround, Dolby SR",61.3
fear_and_loathing_in_las_vegas,Fear and Loathing in Las Vegas,89,50,R,"['Pervasive Extreme Drug Use', 'Brief Nudity', 'Strong Language']",1998-05-22,2003-02-18,119,Comedy,English,Terry Gilliam,"Hunter S. Thompson,Terry Gilliam,Tony Grisoni,Tod Davies,Alex Cox",$10.6M,Universal Pictures,"Dolby SR, DTS, SDDS, Surround, Dolby A, Dolby Digital",10.6
glass_2019,Glass,67,37,PG-13,"['Some Bloody Images', 'Language', 'Thematic Elements', 'Violence']",2019-01-18,2019-04-16,129,Drama,English,M. Night Shyamalan,M. Night Shyamalan,$111.0M,Universal Pictures,"Dolby Digital, Dolby Atmos",111
army_of_darkness,Army of Darkness,87,77,R,"['Violence', 'Horror']",1992-02-19,2010-09-07,81,Comedy,English,Sam Raimi,"Sam Raimi,Ivan Raimi",$10.5M,Universal Pictures,"Dolby A, Dolby SR, Surround, Dolby Stereo",10.5
deep_end,The Deep End,59,82,R,"['Some Violence', 'Language', 'Strong Sex Scene']",2001-08-01,2003-02-04,99,Drama,English,"Scott McGehee,David Siegel","Scott McGehee,David Siegel",$8.8M,Fox,"Surround, Dolby SR, Dolby Digital, Dolby A, Dolby Stereo",8.8
source_code,Source Code,82,92,PG-13,"['Language', 'Disturbing Images', 'Some Violence']",2011-04-01,2011-07-26,89,Sci-fi,English,Duncan Jones,Ben Ripley,$54.7M,Summit Entertainment,Dolby Digital,54.7
austin_powers_international_man_of_mystery,Austin Powers: International Man of Mystery,77,73,PG-13,"['Sex-Related Humor', 'Sex-Related Dialogue', 'Nudity']",1997-05-02,2000-09-05,89,Comedy,English,Jay Roach,Mike Myers,$53.9M,New Line Cinema,"Dolby Stereo, Dolby A, SDDS, Surround, Dolby Digital, Dolby SR",53.9
annapolis,Annapolis,60,10,PG-13,"['Sexual Content', 'Language', 'Some Violence']",2006-01-27,2006-06-27,98,Drama,English,Justin Lin,David Collard,$17.1M,Walt Disney Pictures,"Dolby SRD, DTS, SDDS",17.1
finding_neverland,Finding Neverland,87,83,PG,"['Mild Thematic Elements', 'Brief Language']",2004-11-24,2005-03-22,106,Drama,English,Marc Forster,"David Magee,Allan Knee",$51.7M,Miramax Films,"Surround, Dolby SRD, DTS, SDDS",51.7
history_of_violence,A History of Violence,76,87,R,"['Language', 'Graphic Sexuality', 'Nudity', 'Some Drug Use', 'Strong Brutal Violence']",2005-09-30,2006-03-14,96,Drama,English,David Cronenberg,Josh Olson,$31.5M,New Line Cinema,Surround,31.5
two_can_play_that_game,Two Can Play That Game,83,40,R,"['Sexual Dialogue', 'Language']",2001-09-07,2001-12-26,90,Comedy,English,Mark Brown,Mark Brown,$22.2M,Screen Gems,"Dolby Stereo, Dolby A, SDDS, DTS, Surround, Dolby Digital, Dolby SR",22.2
without_a_paddle,Without a Paddle,68,14,PG-13,"['Drug Content', 'Crude Humor', 'Language', 'Sexual Material', 'Violence']",2004-08-20,2005-01-11,99,Comedy,English,Steven Brill,"Harris Goldberg,Jay Leggett",$58.2M,Paramount Pictures,"Dolby SRD, DTS, Surround",58.2
the_little_things_2021,The Little Things,67,44,R,"['Language', 'Full Nudity', 'Violent/Disturbing Images']",2021-01-29,2021-01-29,127,Drama,English,John Lee Hancock,John Lee Hancock,$14.7M,Warner Bros. Pictures,"Dolby Atmos, Dolby Digital",14.7
comebacks,The Comebacks,33,9,PG-13,"['Some Drug Material', 'Crude and Sexual Content']",2007-10-19,2008-01-29,88,Comedy,English,Tom Brady,"Ed Yeager,Joey Gutierrez",$13.3M,Fox,"SDDS, DTS, Dolby SRD",13.3
my_little_pony_the_movie_2017,My Little Pony: The Movie,76,47,PG,['Mild Action'],2017-10-06,2018-01-09,99,Comedy,English,Jayson Thiessen,"Meghan McCarthy,Rita Hsiao,Michael Vogel",$21.8M,Lionsgate Films,"Dolby Digital, Dolby Atmos",21.8
garden_state,Garden State,88,86,R,"['Language', 'Drug Use', 'Scenes of Sexuality']",2004-01-16,2005-05-24,109,Comedy,English,Zach Braff,Zach Braff,$26.8M,Fox,"Surround, Dolby Digital",26.8
american_sniper,American Sniper,84,72,R,"['Some Sexual References', 'Language Throughout', 'Strong Disturbing War Violence']",2015-01-16,2015-05-19,132,Drama,English,Clint Eastwood,Jason Hall,$350.1M,Warner Bros. Pictures,"Dolby Digital, Datasat, Dolby Atmos",350.1
mighty_wind,A Mighty Wind,75,87,PG-13,['Sex-Related Humor'],2003-04-16,2003-09-23,90,Comedy,English,Christopher Guest,"Christopher Guest,Eugene Levy",$17.5M,Warner Bros. Pictures,"Dolby Stereo, Dolby A, SDDS, DTS, Surround, Dolby Digital, Dolby SR",17.5
united_states_of_leland,The United States of Leland,81,34,R,"['Some Drug Content', 'Language']",2003-01-18,2013-07-01,108,Drama,English,Matthew Ryan Hoge,Matthew Ryan Hoge,$343.8K,"Paramount Pictures, Leland Productions Inc., MDP Worldwide","Surround, Dolby SRD",0.3438
the_judge_2014,The Judge,72,49,R,"['Some Sexual References', 'Language']",2014-10-10,2015-01-27,141,Drama,English,David Dobkin,"Nick Schenk,Bill Dubuque",$2.7M,Warner Bros. Pictures,"Datasat, Dolby Digital",2.7
american_reunion_2012,American Reunion,63,45,R,"['Crude and Sexual Content', 'Brief Drug Use', 'Language', 'Nudity', 'Teen Drinking']",2012-04-06,2012-07-10,112,Comedy,English,"Jon Hurwitz,Hayden Schlossberg","Jon Hurwitz,Hayden Schlossberg",$3.1M,Universal Pictures,"SDDS, Dolby Digital, Datasat",3.1
departed,The Departed,94,91,R,"['Pervasive Language', 'Drug Material', 'Some Strong Sexual Content', 'Strong Brutal Violence']",2006-10-06,2007-02-13,152,Drama,English,Martin Scorsese,William Monahan,$132.4M,Warner Bros.,"Dolby SRD, DTS, SDDS",132.4
crossover,Crossover,59,2,PG-13,"['Sexual Content', 'Some Language']",2006-09-01,2007-02-20,95,Drama,English,Preston A. Whitmore II,Preston A. Whitmore II,$7.0M,Sony Pictures Entertainment,"Dolby SRD, DTS, SDDS",7
22_jump_street,22 Jump Street,77,84,R,"['Drug Material', 'Brief Nudity', 'Language Throughout', 'Sexual Content', 'Some Violence']",2014-06-13,2014-11-18,112,Comedy,English,"Phil Lord,Chris Miller","Michael Bacall,Oren Uziel,Rodney Rothman",$191.7M,Sony Pictures Entertainment,"Datasat, SDDS, Dolby Digital",191.7
little_man,Little Man,55,12,PG-13,"['Crude and Sexual Humor', 'Brief Drug References', 'Language']",2006-07-14,2006-11-07,98,Comedy,English,Keenen Ivory Wayans,"Marlon Wayans,Keenen Ivory Wayans,Shawn Wayans",$58.3M,Sony Pictures Entertainment,"Dolby SRD, DTS, SDDS",58.3
just_a_kiss,Just a Kiss,28,18,R,"['Strong Sexual Images', 'Language']",2002-09-27,2008-04-08,89,Comedy,English,Fisher Stevens,Patrick Breen,$63.8K,Paramount Pictures,"Dolby Stereo, Dolby Digital, Dolby A, Surround, Dolby SR",0.0638
confessions_of_a_teenage_drama_queen,Confessions of a Teenage Drama Queen,35,14,PG,"['Mild Thematic Elements', 'Brief Language']",2004-02-17,2006-02-05,89,Comedy,English,Sara Sugarman,Gail Parent,$29.3M,Buena Vista Pictures,"Surround, Dolby SRD, DTS, SDDS",29.3
1104038-double_take,Double Take,50,12,PG-13,"['Violence', 'Language']",2001-01-12,2004-01-13,88,Comedy,English,George Gallo,George Gallo,$29.8M,Walt Disney Pictures,"Dolby SR, DTS, SDDS, Surround, Dolby A, Dolby Digital",29.8
american_pie_2,American Pie 2,68,52,R,"['Drinking', 'Crude Humor', 'Language', 'Strong Sexual Content']",2001-08-10,2002-01-15,105,Comedy,English,James B. Rogers,"Adam Herz,David H. Steinberg,Adam Herz",$145.1M,Universal Pictures,"Dolby A, Surround, Dolby Digital, Dolby Stereo, Dolby SR, SDDS, DTS",145.1
clerks_2,Clerks II,84,63,R,"['Pervasive Sexual Content', 'Aberrant Sexuality', 'Some Drug Material', 'Strong Language']",2006-07-21,2006-11-28,92,Comedy,English,Kevin Smith,Kevin Smith,$24.1M,Metro-Goldwyn-Mayer,"Dolby SRD, DTS, SDDS",24.1
the_dilemma,The Dilemma,29,24,PG-13,"['Sexual Content', 'Mature Thematic Elements']",2011-01-14,2011-05-03,111,Comedy,English,Ron Howard,Allan Loeb,$48.4M,Universal Pictures,"SDDS, Dolby SRD, DTS",48.4
the_great_gatsby_2013,The Great Gatsby,67,48,PG-13,"['Partying', 'Brief Language', 'Sexual Content', 'Smoking', 'Some Violent Images']",2013-05-10,2013-08-27,142,Drama,English,Baz Luhrmann,"Baz Luhrmann,Craig Pearce",$144.8M,Warner Bros. Pictures,"Datasat, Dolby Digital, SDDS",144.8
into_the_wild,Into the Wild,89,83,R,"['Some Nudity', 'Language']",2007-09-21,2008-03-04,147,Drama,English,Sean Penn,Sean Penn,$18.4M,Paramount Pictures,"SDDS, Dolby Digital, DTS",18.4
sparkle_2012,Sparkle,45,56,PG-13,"['Drug Material', 'Domestic Abuse', 'Some Violence', 'Language', 'Mature Thematic Content', 'Smoking']",2012-08-17,2012-11-30,112,Drama,English,Salim Akil,Mara Brock Akil,$24.4M,Sony Pictures Entertainment,"Datasat, SDDS, Dolby Digital",24.4
wreck_it_ralph,Wreck-It Ralph,86,87,PG,"['Some Rude Humor', 'Mild Action/Violence']",2012-11-02,2013-03-05,101,Comedy,English,Rich Moore,"Phil Johnston,Jennifer Lee",$189.4M,Walt Disney,"Dolby Digital, Datasat",189.4
bombshell_2019,Bombshell,84,68,R,"['Sexual Material', 'Language Throughout']",2019-12-20,2019-12-13,108,Drama,English,Jay Roach,Charles Randolph,$31.7M,Lionsgate Films,Dolby Digital,31.7
42_2013,42,85,81,PG-13,"['Thematic Elements', 'Language']",2013-04-12,2013-07-16,128,Drama,English,Brian Helgeland,Brian Helgeland,$95.1M,Warner Bros. Pictures,"Datasat, SDDS, Dolby Digital",95.1
room_2015,Room,93,93,R,['Language'],2016-01-22,2016-03-01,118,Drama,English,Lenny Abrahamson,Emma Donoghue,$14.7M,A24,Dolby Digital,14.7
brick_mansions,Brick Mansions,47,26,PG-13,"['Frenetic Gunplay', 'Drug Material', 'Language', 'Sexual Menace', 'Violence and Action Throughout']",2014-04-25,2014-08-26,90,Drama,English,Camille Delamarre,Luc Besson,$20.4M,Relativity Media,"Dolby Digital, DTS, SDDS",20.4
pride,Pride,72,47,PG,"['Thematic Material', 'Some Racial Epithets', 'Language', 'Violence']",2007-03-23,2007-06-26,104,Drama,English,Sunu Gonera,"J. Mills Goodloe,Michael Gozzard,Kevin M. Smith",$7.0M,Lionsgate Films,"Dolby SRD, DTS, SDDS",7
tuxedo,The Tuxedo,30,21,PG-13,"['Language', 'Action/Violence', 'Sexual Content']",2002-09-27,2003-02-25,98,Comedy,English,Kevin Donovan,"Phil Hay,Matt Manfredi,Michael J. Wilson,Michael J. Wilson,Michael Leeson",$50.2M,DreamWorks SKG,"Dolby Stereo, Dolby Digital, Dolby A, Surround, Dolby SR",50.2
black_nativity,Black Nativity,51,50,PG,"['Language', 'A Menacing Situation', 'Thematic Material']",2013-11-27,2014-04-15,93,Drama,English,Kasi Lemmons,Kasi Lemmons,$7.0M,20th Century Fox,"Datasat, SDDS, Dolby Digital",7
28_days_later,28 Days Later,85,87,R,"['Nudity', 'Language', 'Strong Gore', 'Strong Violence']",2003-06-27,2004-10-12,112,Sci-fi,English,Danny Boyle,Alex Garland,$45.1M,Fox,"Dolby Stereo, Dolby Digital, Dolby A, Surround, Dolby SR",45.1
baggage_claim,Baggage Claim,48,15,PG-13,"['Some Language', 'Sexual Content']",2013-09-27,2014-02-04,96,Comedy,English,David E. Talbert,David E. Talbert,$21.6M,Fox Searchlight,"Datasat, Dolby, SDDS",21.6
call_me_by_your_name,Call Me by Your Name,86,94,R,"['Sexual Content', 'Nudity', 'Some Language']",2018-01-19,2018-03-13,132,Drama,English,Luca Guadagnino,"James Ivory,Luca Guadagnino,Walter Fasano",$18.0M,Sony Pictures Classics,Dolby Digital,18
reno_911_miami,RENO 911!: Miami,51,34,R,"['Drug Use', 'Crude Humor', 'Language', 'Nudity', 'Sexual Content']",2007-02-23,2007-06-19,84,Comedy,English,Robert Ben Garant,"Robert Ben Garant,Thomas Lennon,Kerri Kenney",$20.3M,20th Century Fox,"Dolby SRD, DTS, SDDS",20.3
triple_9,Triple 9,41,54,R,"['Language Throughout', 'Drug Use', 'Some Nudity', 'Strong Violence']",2016-02-26,2016-05-31,115,Drama,English,John Hillcoat,Matthew Cook,$12.6M,Open Road,Dolby Digital,12.6
the_accountant_2016,The Accountant,76,52,R,"['Strong Violence', 'Language Throughout']",2016-10-14,2017-01-10,128,Drama,English,Gavin O'Connor,Bill Dubuque,$86.2M,Warner Bros. Pictures,Dolby Digital,86.2
the_last_duel_2021,The Last Duel,81,85,R,"['Sexual Assault', 'Language', 'Sexual Content', 'Some Graphic Nudity', 'Strong Violence']",2021-10-15,2021-11-30,153,Drama,English,Ridley Scott,"Nicole Holofcener,Ben Affleck,Matt Damon",$10.8M,20th Century Studios,Dolby Atmos,10.8
must_love_dogs,Must Love Dogs,50,37,PG-13,['Sexual Content'],2005-07-29,2005-12-20,98,Comedy,English,Gary David Goldberg,"Clairre Cook,Gary David Goldberg",$43.9M,Warner Bros. Pictures,"Surround, Dolby SRD, DTS, SDDS",43.9
yards,The Yards,51,64,R,"['Scene of Sexuality', 'Language', 'Violence']",2000-04-27,2002-07-02,115,Drama,English,James Gray,"James Gray,Matt Reeves",$882.7K,Miramax Films,"Dolby SR, SDDS, Surround, DTS, Dolby Digital",0.8827
armageddon,Armageddon,73,38,PG-13,"['Sci-Fi Disaster Action', 'Brief Language', 'Sensuality']",1998-07-01,1999-04-20,150,Sci-fi,English,Michael Bay,"Robert Roy Pool,Tony Gilroy,Shane Salerno,Jonathan Hensleigh,J.J. Abrams",$201.6M,"Buena Vista Pictures, Touchstone Home Video, Touchstone Pictures, Criterion Collection","DTS, Dolby Digital, Surround, SDDS",201.6
talk_to_me,Talk to Me,77,83,R,"['Some Sexual Content', 'Pervasive Language']",2007-07-13,2007-10-30,118,Drama,English,Kasi Lemmons,"Michael Genet,Rick Famuyiwa",$4.5M,Focus Features,"Dolby SRD, DTS",4.5
first_man,First Man,67,87,PG-13,"['Peril', 'Brief Strong Language', 'Some Thematic Content']",2018-10-12,2019-01-08,141,Drama,English,Damien Chazelle,Josh Singer,$44.8M,Universal Pictures,"DTS, Dolby Atmos",44.8
american_gangster,American Gangster,89,81,R,"['Nudity', 'Language', 'Pervasive Drug Content', 'Sexuality', 'Violence']",2007-11-02,2006-01-10,157,Drama,English,Ridley Scott,Steven Zaillian,$130.1M,Universal Pictures,"Dolby Digital, Dolby SRD, Dolby Atmos, SDDS, DTS",130.1
dreamcatcher,Dreamcatcher,35,28,R,"['Language', 'Gore', 'Violence']",2003-03-21,2003-09-30,131,Sci-fi,English,Lawrence Kasdan,"Stephen King,William Goldman,Lawrence Kasdan",$33.7M,Warner Bros. Pictures,"Dolby SR, DTS, Dolby Stereo, Surround, SDDS, Dolby A, Dolby Digital",33.7
food_of_love,Food of Love,38,46,R,"['Brief Language', 'Violence']",2002-10-25,2003-06-10,112,Drama,English,Ventura Pons,Ventura Pons,$3.7K,Trimark Pictures,Surround,0.0037
spice_world,Spice World,45,35,PG,"['Some Vulgarity', 'Language', 'Brief Nudity']",1998-01-23,2001-03-06,92,Comedy,English,Bob Spiers,"Kim Fuller,Jamie Curtis",$29.6M,Columbia Pictures,"Dolby Stereo, Dolby A, SDDS, Surround, Dolby Digital, Dolby SR",29.6
shall_we_dance,Shall We Dance?,57,47,PG-13,"['Some Sexual References', 'Brief Language']",2004-10-15,2005-02-01,106,Comedy,English,Peter Chelsom,"Masayuko Suo,Audrey Wells",$57.9M,Miramax Films,"Surround, Dolby SRD, DTS, SDDS",57.9
last_man,The Last Man,29,33,R,"['Drug Use', 'Some Sexual Content', 'Language']",2002-02-15,2002-07-09,95,Sci-fi,English,Harry Ralston,Harry Ralston,$3.9K,Castle Hill,"Dolby SR, Dolby Digital, Dolby A, Dolby Stereo",0.0039
nightmare_alley_2021,Nightmare Alley,68,81,R,"['Nudity', 'Language', 'Some Sexual Content', 'Strong/Bloody Violence']",2021-12-17,2022-03-08,150,Drama,English,Guillermo del Toro,"Guillermo del Toro,Kim Morgan",$11.3M,Searchlight Pictures,"Dolby Digital, Dolby Atmos",11.3
fast_and_furious_presents_hobbs_and_shaw,Fast & Furious Presents: Hobbs & Shaw,88,68,PG-13,"['Some Strong Language', 'Prolonged Sequences of Action', 'Suggestive Material', 'Violence']",2019-08-02,2019-08-27,138,Comedy,English,David Leitch,"Chris Morgan,Drew Pearce",$173.8M,Universal Pictures,"DTS, Dolby Atmos",173.8
the_grey_zone,The Grey Zone,74,69,R,"['Strong Holocaust Violence', 'Nudity', 'Language']",2002-10-18,2003-03-18,108,Drama,English,Tim Blake Nelson,"Tim Blake Nelson,Tim Blake Nelson,Miklos Nyiszli",$507.4K,Lionsgate Films,"Surround, Dolby SR, Dolby Digital, Dolby A, Dolby Stereo",0.5074
lake_house,The Lake House,73,35,PG,"['Some Language', 'A Disturbing Image']",2006-06-16,2006-09-26,99,Drama,English,Alejandro Agresti,David Auburn,$52.3M,Warner Bros.,"Dolby SRD, DTS, SDDS",52.3
the_house_with_a_clock_in_its_walls,The House With a Clock in Its Walls,45,65,PG,"['Rude Humor', 'Language', 'Thematic Elements', 'Scary Images', 'Some Action', 'Sorcery']",2018-09-21,2018-11-27,105,Comedy,English,Eli Roth,Eric Kripke,$68.5M,Universal Pictures,"DTS, Dolby Atmos, Dolby Digital",68.5
loves_labours_lost,Love's Labour's Lost,40,50,PG,"['Sensuality', 'Brief Drug Content']",2000-02-14,2000-12-19,93,Comedy,English,Kenneth Branagh,"Kenneth Branagh,William Shakespeare",$284.3K,Miramax Films,"Dolby SR, Dolby Digital, Surround",0.2843
shanghai_noon,Shanghai Noon,65,80,PG-13,"['Sensuality', 'Drug Content', 'Violence']",2000-05-26,2005-01-25,110,Comedy,English,Tom Dey,"Miles Millar,Alfred Gough",$56.9M,"Buena Vista Pictures, Touchstone Pictures","Dolby Stereo, DTS, SDDS, Surround, Dolby Digital, Dolby SR",56.9
the_big_year,The Big Year,41,42,PG,"['Some Sensuality', 'Language']",2011-10-14,2012-01-31,100,Comedy,English,David Frankel,Howard Franklin,$7.2M,20th Century Fox,"Dolby, SDDS",7.2
1107809-brother,Brother,79,47,R,"['Pervasive Strong Language', 'Language', 'Brief Nudity']",2000-07-20,2002-01-02,112,Drama,English,Takeshi Kitano,Takeshi Kitano,$447.8K,Sony Pictures Classics,"Dolby Stereo, Dolby Digital, Dolby A, Dolby SR",0.44780000000000003
station_agent,The Station Agent,89,94,R,"['Some Drug Content', 'Language']",2003-10-10,2004-06-15,88,Drama,English,Tom McCarthy,Tom McCarthy,$5.7M,Miramax Films,"SDDS, Dolby Digital, DTS, Surround",5.7
the_secret_life_of_pets,The Secret Life of Pets,62,72,PG,['Action and Some Rude Humor'],2016-07-08,2016-12-06,91,Comedy,English,Chris Renaud,"Cinco Paul,Ken Daurio,Brian Lynch",$368.3M,Universal Pictures,"Dolby Atmos, Dolby Digital, SDDS, Datasat",368.3
back_up_plan,The Back-up Plan,46,17,PG-13,"['Sexual Content', 'Language', 'Sexual References', 'Some Crude Material']",2010-04-23,2010-08-17,104,Comedy,English,Alan Poul,Kate Angelo,$37.5M,CBS Films,"SDDS, Dolby Digital, DTS",37.5
the_book_of_henry,The Book of Henry,63,22,PG-13,"['Thematic Elements', 'Brief Strong Language']",2017-06-16,2017-07-10,100,Drama,English,Colin Trevorrow,Gregg Hurwitz,$4.2M,Focus Features,"Datasat, SDDS, Dolby Digital",4.2
diary_of_a_wimpy_kid_2_rodrick_rules,Diary of a Wimpy Kid: Rodrick Rules,62,47,PG,"['Some Mild Rude Humor', 'Mischief']",2011-03-25,2011-06-11,95,Comedy,English,David Bowers,"Gabe Sachs,Jeff Judah",$52.7M,20th Century Fox,"SDDS, Dolby Digital",52.7
gemini_man_2019,Gemini Man,83,26,PG-13,"['Violence and Action Throughout', 'Brief Strong Language']",2019-10-11,2019-10-11,117,Sci-fi,English,Ang Lee,"David Benioff,Billy Ray,Darren Lemke",$48.5M,Paramount Pictures,Dolby Atmos,48.5
wonder_wheel,Wonder Wheel,42,31,PG-13,"['Smoking', 'Language', 'Some Sexuality', 'Thematic Content']",2017-12-15,2018-02-20,101,Drama,English,Woody Allen,Woody Allen,$1.2M,Amazon Studios,"SDDS, Dolby Digital, DTS",1.2
pacific_rim_uprising,Pacific Rim Uprising,37,42,PG-13,"['Sequences of Sci-Fi Violence', 'Action', 'Some Language']",2018-03-23,2018-06-19,111,Sci-fi,English,Steven S. DeKnight,"Steven S. DeKnight,Emily Carmichael,Kira Snyder,T.S. Nowlin",$59.2M,Universal Pictures,"Dolby Atmos, Dolby Digital, DTS",59.2
vanilla_sky,Vanilla Sky,72,43,R,"['Strong Language', 'Sexuality']",2001-12-14,2002-05-21,134,Drama,English,Cameron Crowe,"Alejandro Amenábar,Cameron Crowe,Mateo Gil",$100.6M,Paramount Pictures,"Dolby SR, DTS, Dolby Stereo, Surround, Dolby A, Dolby Digital",100.6
shawshank_redemption,The Shawshank Redemption,98,91,R,"['Prison Violence', 'Language']",1994-09-01,1999-12-21,142,Drama,English,Frank Darabont,Frank Darabont,$27.3M,Columbia Pictures,"SDDS, Dolby A, Stereo, Surround, Dolby Digital, Dolby SR",27.3
the_five_year_engagement,The Five-Year Engagement,51,64,R,"['Sexual Content', 'Language Throughout']",2012-04-27,2012-08-28,119,Comedy,English,Nicholas Stoller,"Jason Segel,Nicholas Stoller",$28.6M,Universal Pictures,"Datasat, Dolby Digital, SDDS",28.6
foxcatcher,Foxcatcher,66,87,R,"['Some Drug Use', 'A Scene of Violence']",2014-11-14,2015-03-03,134,Drama,English,Bennett Miller,"E. Max Frye,Dan Futterman",$12.1M,Sony Pictures Classics,"Datasat, Dolby Digital",12.1
thirteen_days,Thirteen Days,80,83,PG-13,['Brief Strong Language'],2000-12-16,2017-02-28,145,Drama,English,Roger Donaldson,"Ernest R. May,Philip D. Zelikow,David Self",$34.6M,"New Line Cinema, New Line Home Video [us]","Dolby SR, DTS, Dolby Stereo, Surround, SDDS, Dolby A, Dolby Digital",34.6
lady_in_the_water,Lady in the Water,49,25,PG-13,['Some Frightening Sequences'],2006-07-21,2006-12-19,110,Drama,English,M. Night Shyamalan,M. Night Shyamalan,$42.3M,Warner Bros.,"Dolby SRD, DTS, SDDS",42.3
no_looking_back,No Looking Back,64,36,R,['Language'],1998-03-27,2001-10-16,96,Drama,English,Edward Burns,Edward Burns,$221.8K,Gramercy Pictures,"Dolby Stereo, Dolby Digital, Dolby A, Surround, Dolby SR",0.22180000000000002
wedding_crashers,Wedding Crashers,70,75,R,"['Nudity', 'Language', 'Sexual Content']",2005-07-15,2006-01-03,119,Comedy,English,David Dobkin,"Steve Faber,Bob Fisher",$209.2M,New Line Cinema,"SDDS, DTS, Surround, Dolby SRD",209.2
team_america_world_police,Team America: World Police,80,77,R,"['Graphic, Crude & Sexual Humor', 'All Involving Puppets', 'Strong Language', 'Violent Images']",2004-10-15,2005-05-17,98,Comedy,English,"Trey Parker,Matt Stone","Trey Parker,Matt Stone,Pam Brady",$32.8M,Paramount Pictures,"Dolby SRD, SDDS, Surround, DTS",32.8
songcatcher,Songcatcher,77,74,PG-13,"['Sexual Content', 'Intense Scene of Childbirth']",2001-06-15,2001-10-23,112,Drama,English,Maggie Greenwald,Maggie Greenwald,$3.1M,"Songcather Films LLC, Lionsgate Films","Surround, Dolby SR, Dolby Digital, Dolby A, Dolby Stereo",3.1
spider_man_into_the_spider_verse,Spider-Man: Into the Spider-Verse,93,97,PG,"['Mild Language', 'Frenetic Action Violence', 'Thematic Elements']",2018-12-14,2019-03-19,117,Comedy,English,"Bob Persichetti,Peter Ramsey,Rodney Rothman","Phil Lord,Rodney Rothman",$190.2M,"Columbia Pictures, Sony Pictures Entertainment","SDDS, Dolby Atmos, Dolby Digital, DTS",190.2
310_to_yuma,3:10 to Yuma,86,89,R,"['Violence', 'Some Language']",2007-09-07,2008-01-08,120,Drama,English,James Mangold,"Michael Brandt,Derek Haas,Halsted Welles",$53.6M,Lionsgate Films,"Dolby SRD, DTS, SDDS",53.6
run_all_night,Run All Night,56,59,R,"['Sexual References', 'Language', 'Some Drug Use', 'Strong Violence']",2015-03-13,2015-06-16,114,Drama,English,Jaume Collet-Serra,Brad Ingelsby,$26.5M,Warner Bros. Pictures,Dolby Digital,26.5
shanghai_knights,Shanghai Knights,54,65,PG-13,"['Sexual Content', 'Action/Violence']",2003-02-07,2005-01-25,114,Comedy,English,David Dobkin,"Alfred Gough,Miles Millar",$60.5M,Touchstone Pictures,"Dolby SR, DTS, Dolby Stereo, Surround, SDDS, Dolby A, Dolby Digital",60.5
rabbitproof_fence,Rabbit-Proof Fence,86,88,PG,['Emotional Thematic Material'],2002-11-29,2003-04-15,94,Drama,English,Phillip Noyce,Christine Olsen,$6.2M,Miramax Films,"Dolby SR, DTS, Dolby Stereo, Surround, SDDS, Dolby A, Dolby Digital",6.2
tom_and_jerry,Tom & Jerry,82,30,PG,"['Cartoon Violence', 'Brief Language', 'Rude Humor']",2021-02-26,2021-02-26,101,Comedy,English,Tim Story,Kevin Costello,$46.0M,Warner Bros. Pictures,"Dolby Digital, DTS",46
brave_one,The Brave One,64,43,R,"['Some Sexuality', 'Language', 'Strong Violence']",2007-09-14,2008-02-05,122,Drama,English,Neil Jordan,"Roderick Taylor,Bruce A. Taylor,Cynthia Mort",$36.8M,Warner Bros.,"Dolby SRD, DTS, SDDS",36.8
that_awkward_moment,That Awkward Moment,46,22,R,"['Sexual Content', 'Language Throughout']",2014-01-31,2014-05-13,94,Comedy,English,Tom Gormican,Tom Gormican,$26.0M,FilmDistrict,Dolby Digital,26
light_it_up,Light It Up,75,39,R,"['Violent Content', 'Language']",1999-11-10,2000-06-13,99,Drama,English,Craig Bolotin,Craig Bolotin,$5.9M,20th Century Fox,"Surround, Dolby SR, Dolby Digital, Dolby A, Dolby Stereo",5.9
smallfoot,Smallfoot,62,76,PG,"['Some Action', 'Rude Humor', 'Thematic Elements']",2018-09-28,2018-12-04,96,Comedy,English,Karey Kirkpatrick,"Karey Kirkpatrick,Clare Sera",$83.2M,Warner Bros. Pictures,"DTS, Dolby Digital, Dolby Atmos",83.2
zoolander,Zoolander,80,64,PG-13,"['Sexual Content', 'Drug References']",2001-09-28,2002-03-12,89,Comedy,English,Ben Stiller,"John Hamburg,Drake Sather,Ben Stiller",$45.2M,Paramount Pictures,"Dolby Stereo, Dolby Digital, Dolby A, Surround, Dolby SR",45.2
this_is_40,This Is 40,50,51,R,"['Pervasive Language', 'Crude Humor', 'Sexual Content', 'Some Drug Material']",2012-12-21,2013-03-22,134,Comedy,English,Judd Apatow,Judd Apatow,$67.5M,Universal Pictures,"Dolby SRD, DTS, SDDS",67.5
cowboys_and_aliens,Cowboys & Aliens,43,44,PG-13,"['Some Partial Nudity', 'A Brief Crude Reference', 'Western and Sci-Fi Action', 'Western and Sci-Fi Violence']",2011-07-29,2011-12-06,118,Sci-fi,English,Jon Favreau,"Roberto Orci,Alex Kurtzman,Damon Lindelof,Mark Fergus,Hawk Ostby",$100.2M,Universal Pictures,"DTS, Dolby SRD, SDDS",100.2
hollywood_homicide,Hollywood Homicide,27,30,PG-13,"['Sexual Situations', 'Language', 'Violence']",2003-06-13,2003-10-07,115,Comedy,English,Ron Shelton,"Robert Souza,Ron Shelton",$30.0M,Columbia Pictures,Surround,30
merci_docteur_rey,Merci Docteur Rey,65,0,R,"['Language', 'Some Drug Use', 'Sexual References']",2002-10-13,2005-08-16,91,Comedy,English,Andrew Litvack,Andrew Litvack,$19.6K,here! Films,Dolby SR,0.019600000000000003
fair-game-2010,Fair Game,65,79,PG-13,['Some Language'],2010-11-19,2011-03-29,107,Drama,English,Doug Liman,"Jez Butterworth,John-Henry Butterworth",$9.5M,Summit Entertainment,"SDDS, DTS, Dolby Digital",9.5
1107902-angel_eyes,Angel Eyes,46,32,R,"['Scene of Sexuality', 'Language', 'Violence']",2001-05-18,2001-10-16,104,Drama,English,Luis Mandoki,Gerald Di Pego,$24.0M,Warner Bros. Pictures,"Dolby SR, DTS, Dolby Stereo, Surround, SDDS, Dolby A, Dolby Digital",24
analyze_this,Analyze This,62,69,R,"['Scene of Sexuality', 'Language', 'Some Violence']",1999-03-05,1999-08-17,103,Comedy,English,Harold Ramis,"Kenneth Lonergan,Peter Tolan,Peter Tolan,Harold Ramis,Kenneth Lonergan",$106.8M,Warner Bros. Pictures,"Dolby SR, DTS, Dolby Stereo, Surround, SDDS, Dolby A, Dolby Digital",106.8
spider_man_far_from_home,Spider-Man: Far From Home,95,90,PG-13,"['Sci-Fi Action Violence', 'Brief Suggestive Comments', 'Some Language']",2019-07-02,2019-08-27,129,Comedy,English,Jon Watts,"Chris McKenna,Erik Sommers",$390.7M,"Sony Pictures Entertainment, Columbia Pictures","Dolby Atmos, Dolby Digital",390.7
agent_cody_banks_2_destination_london,Agent Cody Banks 2: Destination London,31,14,PG,"['Some Crude Humor', 'Action/Violence']",2004-03-12,2004-07-13,100,Comedy,English,Kevin Allen,Don Rhymer,$23.2M,Metro-Goldwyn-Mayer,"Dolby SRD, DTS, Surround",23.2
in_the_heart_of_the_sea,In the Heart of the Sea,53,42,PG-13,"['Intense Sequences of Action', 'Brief Startling Violence', 'Intense Sequences of Peril', 'Thematic Material']",2015-12-11,2016-03-08,116,Drama,English,Ron Howard,Charles Leavitt,$23.1M,Warner Bros. Pictures,"Datasat, Dolby Atmos",23.1
wont_back_down_2012,Won't Back Down,61,35,PG,"['Thematic Elements', 'Language']",2012-09-28,2013-01-15,121,Drama,English,Daniel Barnz,"Brin Hill,Daniel Barnz",$5.2M,20th Century Fox,"SDDS, Dolby Digital, Datasat",5.2
captive_2015,Captive,43,27,PG-13,"['Substance Abuse', 'Mature Thematic Elements', 'Violence']",2015-09-18,2016-01-05,97,Drama,English,Jerry Jameson,Brian Bird,$2.6M,Paramount Pictures,Dolby Digital,2.6
rugrats_go_wild,Rugrats Go Wild,39,39,PG,['Mild Crude Humor'],2003-06-13,2003-12-16,80,Comedy,English,"Norton Virgien,John Eng",Kate Boutilier,$39.4M,Paramount Pictures,Surround,39.4
crazy_rich_asians,Crazy Rich Asians,76,91,PG-13,"['Some Suggestive Content', 'Language']",2018-08-15,2018-11-20,120,Comedy,English,Jon M. Chu,"Peter Chiarelli,Adele Lim",$174.5M,Warner Bros. Pictures,"Dolby Digital, DTS, SDDS",174.5
breach,Breach,67,84,PG-13,"['Sexual Content', 'Language', 'Violence']",2007-02-16,2007-06-12,110,Drama,English,Billy Ray,"Adam Mazer,William Rotko,Billy Ray",$33.0M,Universal,"Dolby SRD, DTS, SDDS",33
odd_couple_ii,Neil Simon's The Odd Couple II,56,27,PG-13,['Brief Strong Language'],1998-04-10,2013-06-04,107,Comedy,English,Howard Deutch,Neil Simon,$18.9M,Paramount Pictures,"Dolby Stereo, Dolby Digital, Dolby A, Surround, Dolby SR",18.9
snitch_2013,Snitch,61,57,PG-13,"['Sequences of Violence', 'Drug Content']",2013-02-22,2013-06-11,112,Drama,English,Ric Roman Waugh,"Justin Haythe,Ric Roman Waugh",$42.9M,Summit Entertainment,"Datasat, Dolby Digital",42.9
family_stone,The Family Stone,63,52,PG-13,"['Some Sexual Content', 'Drug References']",2005-12-16,2006-05-02,104,Comedy,English,Thomas Bezucha,Thomas Bezucha,$60.1M,20th Century Fox,Dolby SRD,60.1
biker_boyz,Biker Boyz,54,22,PG-13,"['Sexual Content', 'Language', 'Violence']",2003-01-31,2003-06-10,110,Drama,English,Reggie Rock Bythewood,"Reggie Rock Bythewood,Michael Gougis",$21.7M,DreamWorks SKG,"Dolby SR, DTS, Dolby Stereo, Surround, SDDS, Dolby A, Dolby Digital",21.7
nutty_professor_ii_the_klumps,Nutty Professor II: The Klumps,33,27,PG-13,"['Sex-Related Material', 'Crude Humor']",2000-07-28,2006-01-17,106,Comedy,English,Peter Segal,"Steve Oedekerk,Barry W. Blaustein,David Sheffield,Barry W. Blaustein,David Sheffield,Paul Weitz,Chris Weitz",$123.3M,"Universal Pictures, MCA/Universal Pictures [us]","Surround, Dolby Digital, DTS, SDDS",123.3
be_cool,Be Cool,42,30,PG-13,"['Sensuality', 'Language', 'Sexual References', 'Violence']",2005-03-04,2005-06-07,119,Comedy,English,F. Gary Gray,"Peter Steinfeld,Elmore Leonard",$55.8M,Metro-Goldwyn-Mayer,"Surround, Dolby SRD, DTS, SDDS",55.8
1126165-good_boy,Good Boy!,40,44,PG,['Some Mild Crude Humor'],2003-10-10,2004-03-02,89,Comedy,English,John Hoffman,"John Hoffman,Zeke Richardson,Zeke Richardson",$37.6M,Metro-Goldwyn-Mayer,"Dolby SR, DTS, Dolby Stereo, Surround, SDDS, Dolby A, Dolby Digital",37.6
hacksaw_ridge,Hacksaw Ridge,91,84,R,"['Grisly Bloody Images', 'Graphic War Violence']",2016-11-04,2017-02-21,139,Drama,English,Mel Gibson,"Andrew Knight,Robert Schenkkan",$67.0M,Lionsgate Films,"SDDS, Dolby Digital, Dolby Atmos",67
clifford_the_big_red_dog,Clifford the Big Red Dog,94,58,PG,"['Mild Action', 'Impolite Humor', 'Thematic Elements']",2021-11-10,2021-11-10,97,Comedy,English,Walt Becker,"Jay Scherick,David Ronn,Blaise Hemingway",$48.9M,Paramount Pictures,Dolby Digital,48.9
1156246-casanova,Casanova,58,44,R,['Some Sexual Content'],2006-01-06,2006-04-25,111,Comedy,English,Lasse Hallström,"Kimberly Simi,Michael Cristofer",$11.3M,Buena Vista Pictures,Dolby Digital,11.3
wet_hot_american_summer,Wet Hot American Summer,75,38,R,"['Language', 'Drug Sequence', 'Strong Sexual Content']",2001-07-27,2002-08-13,97,Comedy,English,David Wain,"Michael Showalter,David Wain",$292.1K,USA Films,"Surround, Dolby Stereo",0.2921
steal_this_movie,Steal This Movie,71,51,R,"['Nudity', 'Language', 'Drug Content']",2000-03-04,2001-11-06,111,Drama,English,Robert Greenwald,"Anita Hoffman,Abbie Hoffman,Marty Jezer,Bruce Graham",$76.1K,"Trimark Pictures, Lionsgate Films","Dolby Digital, Surround, Dolby SR",0.0761
fight_club,Fight Club,96,79,R,"['Disturbing Behavior', 'Anti-Social Behavior', 'Violent Behavior', 'Graphic Behavior', 'Language', 'Sexuality']",1999-10-15,2003-10-14,139,Drama,English,David Fincher,"Chuck Palahniuk,Jim Uhls",$37.0M,20th Century Fox,"Dolby SR, Dolby EX, DTS, Dolby Stereo, SDDS, DTS-ES, Dolby A, Surround, Dolby Digital",37
casa_de_los_babys,Casa de los Babys,51,58,R,"['Some Language', 'Brief Drug Use']",2003-09-19,2004-04-13,95,Drama,English,John Sayles,John Sayles,$475.9K,IFC Films,"Surround, Dolby SR, Dolby Digital, Dolby A, Dolby Stereo",0.4759
knocked_up,Knocked Up,83,89,R,"['Language', 'Drug Use', 'Sexual Content']",2007-06-01,2007-09-25,129,Comedy,English,Judd Apatow,Judd Apatow,$148.7M,Universal Pictures,"SDDS, DTS, Dolby SRD",148.7
i_now_pronounce_you_chuck_and_larry,I Now Pronounce You Chuck and Larry,69,14,PG-13,"['Drug References', 'Crude Sexual Content', 'Language', 'Nudity']",2007-07-20,2007-11-06,115,Comedy,English,Dennis Dugan,"Barry Fanaro,Alexander Payne,Jim Taylor",$119.7M,Universal Pictures,"SDDS, Dolby Digital, DTS, Dolby SRD",119.7
wedding_date,The Wedding Date,67,11,PG-13,['Sexual Content/Dialogue'],2005-02-04,2005-08-16,88,Comedy,English,Clare Kilner,Dana Fox,$31.6M,Universal Pictures,"Surround, Dolby SRD, DTS, SDDS",31.6
hitchcock,Hitchcock,60,60,PG-13,"['Some Violent Images', 'Sexual Content', 'Thematic Material']",2012-12-14,2013-03-12,98,Drama,English,Sacha Gervasi,John J. McLaughlin,$6.0M,Fox Searchlight,"Datasat, Dolby",6
battle_of_shaker_heights,The Battle of Shaker Heights,48,39,PG-13,"['Language', 'Some Drug References']",2003-08-15,2003-12-09,78,Drama,English,"Kyle Rankin,Efram Potelle",Erica Beeney,$279.3K,Miramax Films,Surround,0.2793
borat,Borat: Cultural Learnings of America for Make Benefit Glorious Nation of Kazakhstan,79,90,R,"['Language', 'Graphic Nudity', 'Strong Crude Sexual Content']",2006-11-03,2007-03-06,84,Comedy,English,Larry Charles,"Sacha Baron Cohen,Anthony Hines,Peter Baynham,Dan Mazer",$128.5M,20th Century Fox,"SDDS, Dolby Digital, DTS, Dolby SRD",128.5
collateral,Collateral,84,86,R,"['Violence', 'Language']",2004-08-05,2010-03-30,120,Drama,English,Michael Mann,"Stuart Beattie,Stuart Beattie,Frank Darabont,Michael Mann",$100.0M,DreamWorks SKG,"SDDS, DTS, Stereo, Surround, Dolby Digital, Dolby SRD",100
1158528-goal,Goal! The Dream Begins,77,42,PG,"['Partying', 'Language', 'Sexual Situations', 'Some Thematic Material']",2006-05-12,2006-09-12,121,Drama,English,Danny Cannon,"Mike Jefferies,Adrian Butchart",$4.3M,Buena Vista,Dolby Digital,4.3
quills,Quills,83,75,R,"['Strong Sexual Content', 'Language', 'Violence']",2000-12-15,2001-05-08,123,Drama,English,Philip Kaufman,"Doug Wright,Doug Wright",$7.1M,Fox,"Dolby SR, Dolby Digital, Surround",7.1
parkland,Parkland,47,50,PG-13,"['Seq. of ER Trauma Procedures', 'Language', 'Smoking Throughout', 'Some Violent Images']",2013-10-04,2013-11-05,94,Drama,English,Peter Landesman,Peter Landesman,$652.4K,Millennium Entertainment,"SDDS, Dolby Digital",0.6524
kingdom_come,Kingdom Come,72,27,PG,"['Sensuality', 'Language', 'Thematic Elements']",2001-04-11,2001-09-25,94,Comedy,English,Doug McHenry,"David Dean Bottrell,Jessie Jones,David Dean Bottrell,Jessie Jones",$23.2M,Fox,"Surround, Dolby SR, Dolby Digital, Dolby A, Dolby Stereo",23.2
bee_movie,Bee Movie,53,49,PG,['Mild Suggestive Humor'],2007-11-02,2008-03-11,91,Comedy,English,"Simon J. Smith,Steve Hickner","Jerry Seinfeld,Spike Feresten,Barry Marder,Andy Robin",$126.6M,Paramount Pictures,"Dolby SRD, DTS, SDDS",126.6
99_homes,99 Homes,78,93,R,"['Language', 'A Brief Violent Image', 'Some Sexual References']",2015-10-09,2016-02-09,110,Drama,English,Ramin Bahrani,"Ramin Bahrani,Amir Naderi",$1.4M,Broad Green Pictures,Dolby Digital,1.4
bridge_of_spies,Bridge of Spies,87,91,PG-13,"['Some Violence', 'Brief Strong Language']",2015-10-16,2016-02-02,141,Drama,English,Steven Spielberg,"Matt Charman,Ethan Coen,Joel Coen",$72.3M,Walt Disney,Dolby Digital,72.3
agent_cody_banks,Agent Cody Banks,32,38,PG,"['Mild Language', 'Action/Violence', 'Some Sensual Content']",2003-03-14,2004-06-08,102,Comedy,English,Harald Zwart,"Scott Alexander,Larry Karaszewski,Ashley Miller,Zack Stentz,Jeffrey Charles Jurgensen",$47.3M,Metro-Goldwyn-Mayer,"Dolby SR, DTS, Dolby Stereo, Surround, SDDS, Dolby A, Dolby Digital",47.3
shorts_the_adventures_of_the_wishing_rock,Shorts,32,47,PG,"['Some Rude Humor', 'Mild Action']",2009-08-21,2009-11-24,89,Comedy,English,Robert Rodriguez,Robert Rodriguez,$20.9M,Warner Bros.,"SDDS, Dolby Digital, DTS",20.9
drillbit_taylor,Drillbit Taylor,44,26,PG-13,"['Drug References', 'Crude Sexual References', 'Language', 'Partial Nudity', 'Strong Bullying']",2008-03-21,2008-07-01,102,Comedy,English,Steven Brill,"Seth Rogen,Kristofor Brown",$32.9M,Paramount Pictures,"SDDS, DTS, Dolby SRD",32.9
walk_the_line,Walk the Line,90,82,PG-13,"['Some Language', 'Depiction of Drug Dependency', 'Thematic Material']",2005-11-18,2006-02-28,136,Drama,English,James Mangold,"James Mangold,Gill Dennis",$119.5M,20th Century Fox,Surround,119.5
horrible_bosses_2,Horrible Bosses 2,47,35,R,"['Strong Crude Sexual Content', 'Language Throughout']",2014-11-26,2015-02-24,108,Comedy,English,Sean Anders,"Sean Anders,John Morris",$54.4M,Warner Bros. Pictures,"Datasat, Dolby Digital",54.4
bridget_jones_diary,Bridget Jones's Diary,81,80,R,"['Some Strong Sexuality', 'Language']",2001-04-13,2004-11-09,92,Comedy,English,Sharon Maguire,"Richard Curtis,Andrew Davies,Helen Fielding",$71.5M,"Miramax Films, Universal Pictures","Dolby SR, DTS, Dolby Stereo, Surround, SDDS, Dolby A, Dolby Digital",71.5
sleuth,Sleuth,51,35,R,['Strong Language'],2007-10-12,2008-03-11,88,Drama,English,Kenneth Branagh,Harold Pinter,$342.8K,Sony Pictures Classics,"SDDS, Dolby Digital",0.3428
liam,Liam,73,70,R,"['Nudity', 'Language']",2001-09-21,2002-03-12,91,Drama,English,Stephen Frears,Jimmy McGovern,$1.0M,Lionsgate Films,"Dolby Stereo, Dolby Digital, Dolby A, Surround, Dolby SR",1
dodgeball_a_true_underdog_story,Dodgeball: A True Underdog Story,76,71,PG-13,"['Rude Humor', 'Language', 'Sexual Humor']",2004-06-18,2004-12-28,92,Comedy,English,Rawson Marshall Thurber,Rawson Marshall Thurber,$114.3M,20th Century Fox,"Dolby SRD, SDDS, Surround, DTS",114.3
10005409-dirty_deeds,Dirty Deeds,44,7,PG-13,"['Teen Partying', 'Sexual Content', 'Crude Humor', 'Language', 'Drug References', 'Some Violence']",2005-08-26,2007-04-03,87,Comedy,English,David Kendall,"Jon Land,Jonathan Thies",$145.4K,Freestyle Releasing,Surround,0.1454
bobby_jones_stroke_of_genius,Bobby Jones: Stroke of Genius,62,26,PG,['Language'],2004-04-30,2004-11-30,126,Drama,English,Rowdy Herrington,Rowdy Herrington,$2.7M,Film Foundry Releasing,"Surround, Dolby SRD",2.7
american_rhapsody,An American Rhapsody,66,56,PG-13,"['Thematic Material', 'Some Violent Content']",2001-06-20,2008-03-18,102,Drama,English,Éva Gárdos,Éva Gárdos,$850.0K,Paramount Pictures,"Dolby Stereo, Dolby Digital, Dolby A, Surround, Dolby SR",0.85
dolphin_tale,Dolphin Tale,80,82,PG,['Some Mild Thematic Elements'],2011-09-23,2011-12-20,113,Drama,English,Charles Martin Smith,"Karen Janszen,Noam Dromi",$72.3M,Warner Bros. Pictures,"SDDS, Dolby Digital",72.3
the_book_of_life_2014,The Book of Life,77,83,PG,"['Mild Action', 'Brief Scary Images', 'Rude Humor', 'Some Thematic Elements']",2014-10-17,2015-01-27,95,Comedy,English,Jorge R. Gutierrez,"Jorge R. Gutierrez,Doug Langdale",$50.1M,20th Century Fox,"Dolby Digital, Dolby Atmos",50.1
johnson_family_vacation,Johnson Family Vacation,44,6,PG-13,"['Crude Humor', 'Brief Drug Material', 'Some Sexual References']",2004-03-31,2005-12-13,97,Comedy,English,Christopher Erskin,"Earl Richey Jones,Todd R. Jones",$31.2M,20th Century Fox,"Surround, Dolby SRD, Dolby SR",31.2
in_america,In America,91,89,PG-13,"['Sexuality', 'Brief Language']",2003-11-26,2004-10-12,103,Drama,English,Jim Sheridan,Jim Sheridan,$15.5M,"20th Century Fox, Fox",Dolby SR,15.5
snow_dogs,Snow Dogs,40,25,PG,['Mild Crude Humor'],2002-01-18,2005-07-31,99,Comedy,English,Brian Levant,"Jim Kouf,Tommy Swerdlow,Michael Goldberg,Mark Gibson,Philip Halprin",$81.2M,Walt Disney Pictures,"Dolby SR, DTS, Dolby Stereo, Surround, SDDS, Dolby A, Dolby Digital",81.2
joker_2019,Joker,88,69,R,"['Disturbing Behavior', 'Brief Sexual Images', 'Language', 'Strong Bloody Violence']",2019-10-04,2019-10-03,122,Drama,English,Todd Phillips,"Todd Phillips,Scott Silver",$335.4M,Warner Bros. Pictures,"Dolby Atmos, Dolby Digital, SDDS, Datasat",335.4
red_2,Red 2,63,44,PG-13,"['Frenetic Gunplay', 'Drug Material', 'Pervasive Action Violence', 'Some Language']",2013-07-19,2013-11-26,116,Comedy,English,Dean Parisot,"Jon Hoeber,Erich Hoeber",$53.2M,Summit Entertainment,"Datasat, Dolby Digital",53.2
10012044-life_as_we_know_it,Life as We Know It,61,30,PG-13,"['Sexual Material', 'Language', 'Some Drug Content']",2010-10-08,2011-02-08,113,Comedy,English,Greg Berlanti,"Ian Deitchman,Kristin Rusk Robinson",$53.4M,Warner Bros. Pictures,"SDDS, Dolby Digital, DTS",53.4
haunted_mansion,The Haunted Mansion,31,14,PG,"['Language', 'Frightening Images', 'Thematic Elements']",2003-11-26,2005-07-31,88,Comedy,English,Rob Minkoff,"David Berenbaum,David Berenbaum",$75.8M,Buena Vista Pictures,"Surround, Dolby SR, DTS, SDDS",75.8
sonic_the_hedgehog_2020,Sonic the Hedgehog,93,64,PG,"['Brief Mild Language', 'Action', 'Rude Humor', 'Some Violence']",2020-02-14,2020-03-31,100,Comedy,English,Jeff Fowler,"Pat Casey,Worm Miller",$146.7M,Paramount Pictures,"DTS, Dolby Digital, Dolby Atmos",146.7
1144992-crash,Crash,88,74,R,"['Sexual Content', 'Language', 'Some Violence']",2005-05-06,2005-09-06,112,Drama,English,Paul Haggis,"Paul Haggis,Bobby Moresco",$54.6M,Lionsgate Films,Surround,54.6
glitter,Glitter,48,6,PG-13,"['Language', 'Brief Violence', 'Some Sensuality']",2001-09-21,2002-01-15,104,Drama,English,Vondie Curtis Hall,"Kate Lanier,Cheryl L. West",$4.3M,20th Century Fox,"Dolby SR, DTS, Dolby Stereo, Surround, SDDS, Dolby A, Dolby Digital",4.3
sonny,Sonny,42,22,R,"['Violence', 'Language', 'Strong Sexuality', 'Some Drug Use']",2002-12-27,2003-08-19,110,Drama,English,Nicolas Cage,John Carlen,$17.6K,IDP Distribution,Surround,0.0176
moonlight_2016,Moonlight,79,98,R,"['Drug Use', 'Brief Violence', 'Language Throughout', 'Some Sexuality']",2016-11-18,2017-02-28,111,Drama,English,Barry Jenkins,Barry Jenkins,$27.9M,A24,Dolby Digital,27.9
knockaround_guys,Knockaround Guys,51,21,R,"['Language', 'Drug Use', 'Violence']",2002-10-11,2003-02-25,87,Drama,English,"Brian Koppelman,David Levien","Brian Koppelman,David Levien",$11.6M,New Line Cinema,"Dolby SR, DTS, Dolby Stereo, Surround, SDDS, Dolby A, Dolby Digital",11.6
hidden_figures,Hidden Figures,93,93,PG,"['Thematic Elements', 'Some Language']",2017-01-06,2017-04-11,127,Drama,English,Theodore Melfi,"Allison Schroeder,Theodore Melfi",$169.3M,20th Century Fox,Dolby Digital,169.3
the_emoji_movie,The Emoji Movie,37,6,PG,['Rude Humor'],2017-07-28,2017-10-24,86,Comedy,English,Anthony Leondis,"Anthony Leondis,Eric Siegel,Mike White",$86.1M,Sony Pictures Entertainment,"DTS, Dolby Digital, Dolby Atmos",86.1
the_guys,The Guys,60,73,PG,"['Brief Language', 'Thematic Elements']",2003-03-28,2003-09-09,85,Drama,English,Jim Simpson,"Anne Nelson,Jim Simpson",$16.1K,Focus Features,"Dolby Digital, Dolby SR, Surround, Dolby Stereo, Dolby A",0.0161
the_hangover_2,The Hangover Part II,52,34,R,"['Drug Use', 'Brief Violent Images', 'Graphic Nudity', 'Pervasive Language', 'Strong Sexual Content']",2011-05-26,2011-12-06,102,Comedy,English,Todd Phillips,"Craig Mazin,Scot Armstrong,Todd Phillips",$254.5M,Warner Bros. Pictures,"SDDS, Dolby Digital",254.5
peter_rabbit_2018,Peter Rabbit,56,63,PG,['Some Rude Humor and Action'],2018-02-09,2018-05-01,95,Comedy,English,Will Gluck,"Rob Lieber,Will Gluck",$115.2M,Sony Pictures Entertainment,"Dolby Atmos, Dolby Digital, DTS, SDDS",115.2
reign_of_fire,Reign of Fire,49,42,PG-13,['Intense Action Violence'],2002-07-12,2005-01-25,101,Sci-fi,English,Rob Bowman,"Gregg Chabot,Gregg Chabot,Kevin Peterka,Kevin Peterka,Matt Greenberg",$43.1M,Touchstone Pictures,"Dolby SR, DTS, Dolby Stereo, Surround, SDDS, Dolby A, Dolby Digital",43.1
analyze_that,Analyze That,39,27,R,"['Some Sexual Content', 'Language']",2002-12-06,2003-05-13,95,Comedy,English,Harold Ramis,"Peter Steinfeld,Harold Ramis,Peter Tolan",$32.1M,Warner Bros. Pictures,"Dolby SR, DTS, Dolby Stereo, Surround, SDDS, Dolby A, Dolby Digital",32.1
man_of_the_house,Man of the House,46,9,PG-13,"['Drug Reference', 'Crude Humor', 'Sexual Content', 'Violence']",2005-02-25,2005-07-19,100,Comedy,English,Stephen Herek,"Robert Ramsey,Matthew Stone,John J. McLaughlin",$19.1M,Sony Pictures Entertainment,"Dolby SRD, DTS, SDDS",19.1
ready_to_rumble,Ready to Rumble,52,22,PG-13,"['Crude Humor', 'Brief Nudity', 'Language', 'Sexual Content', 'Violence']",2000-04-07,2001-10-02,107,Comedy,English,Brian Robbins,Steven Brill,$12.4M,Warner Bros. Pictures,"Dolby Stereo, DTS, SDDS, Surround, Dolby Digital, Dolby SR",12.4
leap,Leap!,62,41,PG,"['Some Impolite Humor', 'Action']",2017-08-25,2017-11-07,89,Comedy,English,"Eric Summer,Éric Warin","Carol Noble,Eric Summer,Laurent Zeitoun",$21.8M,Weinstein Co.,"Dolby Digital, SDDS, Dolby Stereo, Stereo",21.8
underclassman,Underclassman,34,6,PG-13,"['Some Teen Drinking', 'Sexual References', 'Drug Material', 'Violence']",2005-09-02,2006-01-17,94,Comedy,English,Marcos Siega,"Brent Goldberg,David Wagner",$5.7M,Miramax Films,"Surround, Dolby SRD, DTS, SDDS",5.7
machine_gun_preacher,Machine Gun Preacher,62,28,R,"['Disturbing Images', 'A Scene of Sexuality', 'Language', 'Some Drug Use', 'Violent Content']",2011-09-23,2012-06-05,127,Drama,English,Marc Forster,Jason Keller,$537.6K,Relativity Media,Dolby Digital,0.5376000000000001
drowning_mona,Drowning Mona,46,29,PG-13,"['Mature Themes', 'Language', 'Brief Sexuality']",2000-03-03,2000-07-25,95,Comedy,English,Nick Gomez,Peter Steinfeld,$15.4M,"Destination Films, Columbia Tristar","SDDS, Dolby Digital, DTS, Surround",15.4
forgotten,The Forgotten,36,31,PG-13,"['Intense Thematic Elements', 'Brief Language', 'Some Violence']",2004-09-24,2005-01-18,91,Drama,English,Joseph Ruben,Gerald Di Pego,$66.6M,"Sony Pictures Entertainment, Columbia Pictures","SDDS, Dolby SRD, DTS, Surround",66.6
closer,Closer,81,68,R,"['Language', 'Graphic Sexual Dialogue', 'Nudity', 'Sexuality']",2004-12-03,2005-03-29,101,Drama,English,Mike Nichols,Patrick Marber,$34.0M,Sony Pictures Entertainment,"Surround, Dolby SRD, DTS, SDDS",34
the_outfit_2022,The Outfit,92,85,R,"['Some Bloody Violence', 'Language Throughout']",2022-03-18,2022-05-03,105,Drama,English,Graham Moore,"Graham Moore,Johnathan McClain",$3.3M,Focus Features,"Dolby Digital, Stereo",3.3
soul_plane,Soul Plane,51,18,R,"['Some Drug Use', 'Language', 'Strong Sexual Content']",2004-05-28,2004-09-07,86,Comedy,English,Jessy Terrero,"Bo Zenga,Chuck Wilson,Kevin Bisch,Freddie Gutierrez,Wesley Johnson",$13.9M,Metro-Goldwyn-Mayer,"Dolby SRD, SDDS, Surround, DTS",13.9
preachers_kid,Preacher's Kid,63,57,PG-13,"['Thematic Material', 'Some Sexual Content', 'Brief Drug Use', 'Violence']",2010-01-29,2010-05-04,110,Drama,English,Stan Foster,Stan Foster,$514.5K,Gener8xion,Dolby,0.5145
jurassic_park,Jurassic Park,91,91,PG-13,['Intense Science Fiction Terror'],1993-06-11,2003-10-28,126,Sci-fi,English,Steven Spielberg,"Michael Crichton,Michael Crichton,David Koepp,Malia Scotch Marmo",$401.8M,Universal Pictures,"Dolby Digital, Dolby SR, DTS-ES, Dolby Stereo, Surround, DTS",401.8
a_hidden_life_2019,A Hidden Life,72,82,PG-13,"['Violent Images', 'Thematic Material']",2019-12-13,2020-01-03,174,Drama,English,Terrence Malick,Terrence Malick,$1.7M,Fox Searchlight,"Dolby Atmos, SDDS, Dolby Digital",1.7
13_hours_the_secret_soldiers_of_benghazi,13 Hours: The Secret Soldiers of Benghazi,82,51,R,"['Language', 'Bloody Images', 'Strong Combat Violence']",2016-01-15,2016-06-07,144,Drama,English,Michael Bay,Chuck Hogan,$52.8M,Paramount Pictures,"Datasat, Dolby Digital, Dolby Atmos",52.8
charlies_angels,Charlie's Angels,45,68,PG-13,"['Innuendo', 'Action/Violence', 'Nudity', 'Sensuality']",2000-11-03,2003-05-27,98,Comedy,English,McG,"John August,Ryan Rowe",$125.3M,"Columbia TriStar Home Video, Columbia Pictures, Sony Pictures Entertainment","SDDS, Dolby Digital, DTS, Surround, Dolby SR",125.3
suspect_zero,Suspect Zero,38,18,R,"['Some Nudity', 'Language', 'Violent Content']",2004-08-27,2005-04-12,99,Drama,English,E. Elias Merhige,"Zak Penn,Billy Ray",$8.7M,Paramount Pictures,"Dolby SRD, DTS, Surround",8.7
1153077-1153077-pride_and_prejudice,Pride & Prejudice,89,87,PG,['Some Mild Thematic Elements'],2005-11-23,2006-02-28,128,Drama,English,Joe Wright,"Jane Austen,Lee Hall,Deborah Moggach",$38.4M,Focus Features,"Dolby Digital, DTS, Dolby SRD",38.4
employee_of_the_month,Employee of the Month,53,20,PG-13,"['Language', 'Crude and Sexual Humor']",2006-10-06,2007-01-16,103,Comedy,English,Greg Coolidge,Greg Coolidge,$28.4M,Lionsgate Films,"Dolby SRD, DTS, SDDS",28.4
war_horse,War Horse,74,75,PG-13,['Intense Seq. of War Violence'],2011-12-25,2012-04-03,146,Drama,English,Steven Spielberg,"Lee Hall,Richard Curtis",$79.9M,DreamWorks SKG,"SDDS, Dolby Digital",79.9
jurassic_world,Jurassic World,78,71,PG-13,"['Peril', 'Intense Sci-Fi Violence']",2015-06-12,2015-10-20,124,Sci-fi,English,Colin Trevorrow,"Rick Jaffa,Amanda Silver,Derek Connolly,Colin Trevorrow",$652.6M,Universal Pictures,"Datasat, Dolby Digital",652.6
three_thousand_years_of_longing,Three Thousand Years of Longing,73,71,R,"['Graphic Nudity', 'Brief Violence', 'Some Sexual Content']",2022-08-26,2022-11-01,108,Drama,English,George Miller,"George Miller,Augusta Gore",$8.3M,United Artists Releasing,Dolby Digital,8.3
1118347-quiet_american,The Quiet American,72,87,R,"['Some Language', 'Images of Violence']",2002-11-22,2003-07-29,101,Drama,English,Phillip Noyce,"Graham Greene,Christopher Hampton,Robert Schenkkan",$13.0M,Miramax Films,"Surround, Dolby Digital, DTS, SDDS",13
tao_of_steve,The Tao of Steve,69,80,R,"['Language', 'Drug Use']",2000-01-26,2001-03-20,88,Comedy,English,Jenniphr Goodman,"Greer Goodman,Jenniphr Goodman,Duncan North",$4.3M,Sony Pictures Classics,"Dolby Stereo, Dolby Digital, Surround",4.3
7_days_in_entebbe,7 Days in Entebbe,37,24,PG-13,"['Drug Use', 'Brief Strong Language', 'Smoking', 'Some Thematic Material', 'Violence']",2018-03-16,2018-07-03,107,Drama,English,José Padilha,Gregory Burke,$2.9M,Focus Features,Dolby Digital,2.9
man_on_fire,Man on Fire,89,38,R,['Strong Violence'],2004-04-21,2004-12-26,145,Drama,English,Tony Scott,Brian Helgeland,$77.9M,20th Century Fox,"Dolby SR, DTS, Surround",77.9
cats_and_dogs_the_revenge_of_kitty_galore,Cats & Dogs: The Revenge of Kitty Galore,38,13,PG,"['Animal Humor', 'Animal Action']",2010-07-30,2010-09-03,82,Comedy,English,Brad Peyton,"Ron J. Friedman,Steve Bencich",$43.6M,Warner Bros. Pictures,"SDDS, Dolby Digital, DTS",43.6
hop_2011,Hop,53,24,PG,['Some Mild Rude Humor'],2011-04-01,2012-03-23,95,Comedy,English,Tim Hill,"Cinco Paul,Ken Daurio,Brian Lynch",$108.0M,Universal Pictures,"SDDS, Dolby SRD, DTS",108
love_song_for_bobby_long,A Love Song for Bobby Long,80,43,R,"['Some Sexual References', 'Language']",2004-12-29,2005-04-19,119,Drama,English,Shainee Gabel,Shainee Gabel,$159.2K,Lionsgate Films,Surround,0.15919999999999998
hugo,Hugo,78,93,PG,"['Smoking', 'Mild Thematic Material', 'Some Action/Peril']",2011-11-23,2012-02-28,126,Drama,English,Martin Scorsese,John Logan,$73.8M,Paramount Pictures,"Dolby Digital, SDDS",73.8
pokemon_detective_pikachu,Pokémon Detective Pikachu,79,68,PG,"['Some Rude and Suggestive Humor', 'Action/Peril', 'Thematic Elements']",2019-05-10,2019-07-23,104,Comedy,English,Rob Letterman,"Dan Hernandez,Benji Samit,Rob Letterman,Derek Connolly",$144.1M,Warner Bros. Pictures,"DTS, SDDS, Dolby Atmos",144.1
ant_man_and_the_wasp,Ant-Man and The Wasp,80,87,PG-13,['Sci-Fi Action Violence'],2018-07-06,2015-12-08,118,Comedy,English,Peyton Reed,"Chris McKenna,Erik Sommers,Paul Rudd,Andrew Barrer,Gabriel Ferrari",$216.6M,Walt Disney,"DTS, Dolby Atmos",216.6
knights_tale,A Knight's Tale,79,59,PG-13,"['Sex-Related Dialogue', 'Action/Violence', 'Some Nudity']",2001-05-11,2002-08-27,132,Comedy,English,Brian Helgeland,Brian Helgeland,$56.1M,Columbia Pictures,"Dolby SR, DTS, Dolby Stereo, Surround, SDDS, Dolby A, Dolby Digital",56.1
object_of_my_affection,The Object of My Affection,51,53,R,"['Strong Language', 'Some Sexuality']",1998-04-17,2002-01-08,112,Comedy,English,Nicholas Hytner,"Stephen McCauley,Wendy Wasserstein",$29.1M,20th Century Fox,"Surround, Dolby SR, Dolby Digital, Dolby A, Dolby Stereo",29.1
rat_race,Rat Race,64,45,PG-13,"['Language', 'Crude Humor', 'Partial Nudity', 'Sexual References']",2001-08-17,2002-01-29,112,Comedy,English,Jerry Zucker,Andy Breckman,$56.6M,Paramount Pictures,"Dolby SR, DTS, Dolby Stereo, Surround, Dolby A, Dolby Digital",56.6
the_details_2010,The Details,34,46,R,"['Sexual Content', 'Language', 'Brief Violence', 'Some Drug Use']",2012-11-02,2013-09-03,96,Comedy,English,Jacob Aaron Estes,Jacob Aaron Estes,$63.6K,Radius TWC,Dolby,0.0636
star_wars_the_empire_strikes_back,Star Wars: Episode V -- The Empire Strikes Back,97,94,PG,['Sci-Fi Action Violence'],1980-05-21,2004-09-21,124,Sci-fi,English,Irvin Kershner,"George Lucas,Lawrence Kasdan,Leigh Brackett",$291.9M,20th Century Fox,"Magnetic Stereo 6 Track, Dolby A, Surround, Dolby Stereo",291.9
entourage,Entourage,57,33,R,"['Pervasive Language', 'Nudity', 'Some Drug Use', 'Strong Sexual Content']",2015-06-03,2015-09-29,104,Comedy,English,Doug Ellin,Doug Ellin,$32.4M,Warner Bros. Pictures,Dolby Digital,32.4
bushwhacked,Bushwhacked,38,10,PG,['Language'],1995-08-04,2003-03-11,90,Comedy,English,Greg Beeman,"John Jordan,Danny Byers,Tommy Swerdlow,Michael Goldberg",$6.9M,"Fox, 20th Century Fox","Stereo, Surround",6.9
paranoia_2013,Paranoia,35,7,PG-13,"['Some Sexuality', 'Language', 'Violence']",2013-08-16,2013-11-19,106,Drama,English,Robert Luketic,"Jason Hall,Barry Levy",$7.3M,Relativity Media,Dolby Digital,7.3
the_man_from_uncle,The Man From U.N.C.L.E.,73,68,PG-13,"['Partial Nudity', 'Action/Violence', 'Some Suggestive Content']",2015-08-14,2015-11-17,116,Comedy,English,Guy Ritchie,"Guy Ritchie,Lionel Wigram",$45.4M,Warner Bros. Pictures,Dolby Atmos,45.4
invincible,Invincible,73,72,PG,"['Sports', 'Some Mild Language']",2006-08-25,2006-12-19,104,Drama,English,Ericson Core,Brad Gann,$57.8M,Buena Vista,"Dolby Stereo, Dolby SRD, SDDS",57.8
spiderwick_chronicles,The Spiderwick Chronicles,63,81,PG,"['Scary Creature Action', 'Peril', 'Some Thematic Elements', 'Violence']",2008-02-14,2008-06-24,97,Drama,English,Mark Waters,"Karey Kirkpatrick,David Berenbaum,John Sayles",$71.1M,Paramount Pictures,"SDDS, DTS, Dolby SRD",71.1
1151916-1151916-nine_lives,Nine Lives,67,76,R,"['Some Disturbing Images', 'Language', 'Brief Sexual Content']",2005-10-14,2006-02-14,112,Drama,English,Rodrigo Garcia,Rodrigo Garcia,$478.3K,Magnolia Pictures,Surround,0.4783
the_call_of_the_wild_2020,The Call of the Wild,89,63,PG,"['Peril', 'Mild Language', 'Some Violence', 'Thematic Elements']",2020-02-21,2020-03-27,100,Drama,English,Christopher Sanders,Michael Green,$62.1M,20th Century Studios,"Dolby Digital, DTS, Dolby Atmos",62.1
hours,The Hours,84,79,PG-13,"['Mature Thematic Elements', 'Brief Language', 'Some Disturbing Images']",2002-12-27,2003-06-24,114,Drama,English,Stephen Daldry,"Michael Cunningham,David Hare",$41.6M,Paramount Pictures,"Surround, Dolby SR, Dolby Digital, Dolby A, Dolby Stereo",41.6
coco_2017,Coco,94,97,PG,['Thematic Elements'],2017-11-22,2018-02-13,109,Comedy,English,Lee Unkrich,"Adrian Molina,Matthew Aldrich",$210.5M,Walt Disney,Dolby Atmos,210.5
lincoln_lawyer,The Lincoln Lawyer,82,83,R,"['Sexual Content', 'Language', 'Some Violence']",2011-03-18,2011-07-12,119,Drama,English,Brad Furman,John Romano,$58.0M,Lionsgate Films,"SDDS, Dolby Digital, DTS",58
dark_skies_2013,Dark Skies,49,41,PG-13,"['Drug Content', 'All Involving Teens', 'Violence', 'Language', 'Sexual Material', 'Terror Throughout']",2013-02-22,2013-05-28,97,Sci-fi,English,Scott Stewart,Scott Stewart,$17.4M,Weinstein Co.,"Datasat, Dolby Digital",17.4
sleepover,Sleepover,54,15,PG,"['Some Sensuality', 'Language', 'Thematic Elements']",2004-07-09,2004-11-23,89,Comedy,English,Joe Nussbaum,Elisa Bell,$8.1M,Metro-Goldwyn-Mayer,"SDDS, Dolby SRD, DTS, Surround",8.1
star_trek_first_contact,Star Trek: First Contact,89,92,PG-13,['Some Sci-Fi Adventure Violence'],1996-11-22,1998-10-06,110,Sci-fi,English,Jonathan Frakes,"Gene Roddenberry,Rick Berman,Brannon Braga,Ronald D. Moore,Brannon Braga,Ronald D. Moore",$92.0M,Paramount Pictures,"Dolby SR, Dolby A, DTS, Surround, Dolby Digital",92
flags_of_our_fathers,Flags of Our Fathers,69,73,R,"['Language', 'Graphic War Violence & Carnage']",2006-10-20,2007-02-06,132,Drama,English,Clint Eastwood,Paul Haggis,$33.6M,DreamWorks SKG,"SDDS, Dolby Digital, DTS, Dolby SRD",33.6
tenacious_d_in_the_pick_of_destiny,Tenacious D in: The Pick of Destiny,67,52,R,"['Pervasive Language', 'Drug Use', 'Sexual Content']",2006-11-22,2007-02-27,97,Comedy,English,Liam Lynch,"Jack Black,Kyle Gass,Liam Lynch",$8.3M,New Line Cinema,"Dolby SRD, DTS, SDDS",8.3
proof,Proof,59,62,PG-13,"['Language', 'Drug Reference', 'Some Sexual Content']",2005-09-23,2006-02-14,100,Drama,English,John Madden,"David Auburn,David Auburn,Rebecca Miller",$7.5M,Miramax Films,"Surround, Dolby SRD, DTS, SDDS",7.5
man_of_the_year,Man of the Year,45,21,PG-13,"['Drug Related Material', 'Brief Violence', 'Language', 'Some Crude Sexual References']",2006-10-13,2006-03-21,115,Comedy,English,Barry Levinson,Barry Levinson,$37.4M,Universal Pictures,"Dolby SRD, DTS, SDDS",37.4
the_dead_dont_die_2019,The Dead Don't Die,38,55,R,"['Zombie Violence/Gore', 'Language']",2019-06-14,2019-09-03,103,Comedy,English,Jim Jarmusch,Jim Jarmusch,$6.5M,Focus Features,Dolby Digital,6.5
the_clearing,The Clearing,32,43,R,['Brief Strong Language'],2004-01-02,2006-02-07,95,Drama,English,Pieter Jan Brugge,Justin Haythe,$5.8M,Fox,"Dolby SRD, Dolby SR, Surround",5.8
pitch_perfect_3,Pitch Perfect 3,43,28,PG-13,"['Language', 'Crude and Sexual Content', 'Some Action']",2017-12-22,2018-03-20,94,Comedy,English,Trish Sie,"Kay Cannon,Mike White",$104.9M,Universal Pictures,Dolby Digital,104.9
i_dont_know_how_she_does_it,I Don't Know How She Does It,32,17,PG-13,['Sexual References Throughout'],2011-09-16,2012-01-03,91,Comedy,English,Douglas McGrath,Aline Brosh McKenna,$9.7M,Weinstein Co.,Dolby Digital,9.7
everlasting_piece,An Everlasting Piece,78,48,R,['Language'],2000-12-25,2014-11-11,103,Comedy,English,Barry Levinson,Barry McEvoy,$74.9K,DreamWorks SKG,"Dolby Stereo, Dolby A, SDDS, DTS, Surround, Dolby Digital, Dolby SR",0.07490000000000001
13_going_on_30,13 Going on 30,70,65,PG-13,"['Some Sexual Content', 'Brief Drug References']",2004-04-14,2005-02-01,97,Comedy,English,Gary Winick,"Josh Goldsmith,Rita Hsiao,Cathy Yuspa",$56.0M,"Columbia Pictures, Sony Pictures Entertainment","Surround, Dolby SRD, DTS, SDDS",56
1071806-independence_day,Independence Day,75,68,PG-13,"['Violence', 'Sci-Fi Destruction']",1996-07-03,2002-03-05,145,Sci-fi,English,Roland Emmerich,"Dean Devlin,Roland Emmerich",$306.2M,20th Century Fox,"Dolby A, Surround, Dolby Digital, Dolby Stereo, Dolby SR, SDDS, DTS",306.2
stranger_than_fiction,Stranger Than Fiction,85,73,PG-13,"['Nudity', 'Brief Language', 'Sexuality', 'Some Disturbing Images']",2006-11-10,2007-02-27,105,Comedy,English,Marc Forster,Zach Helm,$40.1M,Sony Pictures,"Dolby SRD, DTS, SDDS",40.1
vatel,Vatel,61,31,PG-13,"['Some Violence', 'Sexual Content']",2001-02-09,2001-08-07,117,Drama,English,Roland Joffé,"Jeanne Labrune,Tom Stoppard",$49.5K,Miramax Films,"Surround, Dolby SR, Dolby Digital, Dolby Stereo",0.0495
1152276-rent,Rent,83,47,PG-13,"['Sexuality', 'Involving Drugs', 'Some Strong Language', 'Thematic Material']",2005-11-23,2006-02-21,135,Drama,English,Chris Columbus,"Stephen Chbosky,Jonathan Larson",$29.0M,Sony Pictures Entertainment,"Surround, Dolby SRD, DTS, SDDS",29
the_legend_of_tarzan,The Legend of Tarzan,58,35,PG-13,"['Sequences of Action & Violence', 'Brief Rude Dialogue', 'Some Sensuality']",2016-07-01,2016-10-11,110,Drama,English,David Yates,"Adam Cozad,Craig Brewer",$126.6M,Warner Bros. Pictures,"Datasat, Dolby Atmos, Dolby Digital",126.6
wonder_park,Wonder Park,44,34,PG,"['Some Mild Thematic Elements', 'Action']",2019-03-15,2019-06-18,85,Comedy,English,Dylan C. Brown,"Josh Appelbaum,Andre Nemec",$45.2M,Paramount Pictures,"DTS, Dolby Atmos, Dolby Digital",45.2
tadpole,Tadpole,57,77,PG-13,"['Sexual Content', 'Mature Thematic Elements', 'Language']",2002-07-19,2003-01-21,78,Comedy,English,Gary Winick,"Heather McGowan,Niels Mueller",$2.9M,Miramax Films,"Surround, Dolby SR, Dolby A, Dolby Stereo",2.9
think_like_a_man,Think Like a Man,79,54,PG-13,"['Sexual Content', 'Brief Drug Use', 'Some Crude Humor']",2012-04-20,2012-08-28,122,Comedy,English,Tim Story,"Keith Merryman,David A. Newman",$91.5M,Sony Pictures Entertainment,"Datasat, SDDS, Dolby Digital",91.5
the_internship_2013,The Internship,51,35,PG-13,"['Partying', 'Language', 'Sexuality', 'Some Crude Humor']",2013-06-07,2013-10-22,119,Comedy,English,Shawn Levy,"Vince Vaughn,Jared Stern",$44.7M,20th Century Fox,"Datasat, Dolby",44.7
joshua,Joshua,44,62,R,"['Language', 'Disturbing Behavior by a Child']",2007-07-06,2006-02-28,105,Drama,English,George Ratliff,"David Gilbert,George Ratliff",$478.5K,Fox,Dolby Digital,0.4785
cold_creek_manor,Cold Creek Manor,23,12,R,"['Some Sexuality', 'Language', 'Violence']",2003-09-19,2006-02-05,119,Drama,English,Mike Figgis,"Richard Jefferies,Richard Jefferies",$21.4M,Buena Vista Pictures,"Dolby Stereo, Dolby A, SDDS, DTS, Surround, Dolby Digital, Dolby SR",21.4
unfaithful,Unfaithful,68,50,R,"['Scene of Violence', 'Language', 'Sexuality']",2002-05-10,2002-12-17,124,Drama,English,Adrian Lyne,"Alvin Sargent,William Broyles Jr.,Claude Chabrol",$52.8M,20th Century Fox,"Dolby Stereo, Dolby Digital, Dolby A, Surround, Dolby SR",52.8
big_liar_on_campus,Full of It,45,6,PG-13,"['Sexual Content', 'Drug References', 'Crude Humor', 'Teen Partying']",2007-03-02,2007-09-25,91,Comedy,English,Christian Charles,"Jon Lucas,Scott Moore",$11.4K,New Line Cinema,"Dolby SRD, Dolby Digital, DTS, SDDS",0.0114
christmas_with_the_kranks,Christmas With the Kranks,39,5,PG,"['Suggestive Content', 'Brief Language']",2004-11-24,2005-11-08,98,Comedy,English,Joe Roth,Chris Columbus,$73.7M,Sony Pictures Entertainment,"Dolby SRD, DTS, SDDS",73.7
the_big_sick,The Big Sick,88,98,R,"['Some Sexual References', 'Language']",2017-07-14,2017-09-19,120,Comedy,English,Michael Showalter,"Emily V. Gordon,Kumail Nanjiani",$42.9M,"Amazon Studios, Lionsgate Films",Dolby Digital,42.9
two_for_the_money,Two for the Money,48,22,R,"['Pervasive Language', 'A Violent Act', 'Scene of Sexuality']",2005-09-23,2006-01-17,122,Drama,English,D.J. Caruso,Dan Gilroy,$22.9M,Universal Pictures,Surround,22.9
troy,Troy,73,53,R,"['Nudity', 'Graphic Violence', 'Some Sexuality']",2004-05-13,2005-01-04,162,Drama,English,Wolfgang Petersen,David Benioff,$133.2M,Warner Bros. Pictures,"SDDS, DTS, Surround, Dolby SRD",133.2
akeelah_and_the_bee,Akeelah and the Bee,81,85,PG,['Some Language'],2006-04-28,2006-08-29,112,Drama,English,Doug Atchison,Doug Atchison,$18.8M,Lionsgate Films,"Dolby SRD, DTS, SDDS",18.8
matrix_revolutions,The Matrix Revolutions,60,34,R,"['Brief Sexual Content', 'Sci-Fi Violence']",2003-11-05,2004-04-06,130,Sci-fi,English,"Lilly Wachowski,Lana Wachowski","Lilly Wachowski,Lana Wachowski",$139.3M,Warner Bros. Pictures,"Surround, Dolby Digital, DTS, SDDS",139.3
1072833-alaska,Alaska,44,23,PG,"['Peril', 'Mild Language', 'Adventure']",1996-08-14,2002-09-03,109,Drama,English,Fraser C. Heston,"Andy Burg,Scott Myers",$11.6M,Sony Pictures Entertainment,"Surround, SDDS",11.6
jumper,Jumper,44,15,PG-13,"['Intense Action Violence', 'Brief Sexuality', 'Some Language']",2008-02-14,2008-06-10,88,Sci-fi,English,Doug Liman,"David S. Goyer,Jim Uhls,Simon Kinberg",$80.2M,20th Century Fox,"Dolby SRD, DTS, SDDS",80.2
1083436-1083436-out_of_sight,Out of Sight,74,94,R,"['Some Strong Violence', 'Language']",1998-06-26,2006-04-18,122,Drama,English,Steven Soderbergh,"Elmore Leonard,Scott Frank",$37.5M,Universal Pictures,"Dolby SR, DTS, Dolby Stereo, Surround, SDDS, Dolby A, Dolby Digital",37.5
dreamgirls,Dreamgirls,71,79,PG-13,"['Language', 'Drug Content', 'Some Sexuality']",2007-01-12,2007-05-01,131,Drama,English,Bill Condon,Bill Condon,$103.3M,Paramount Pictures,"Dolby Digital, Dolby SRD, SDDS, DTS",103.3
the_theory_of_everything_2014,The Theory of Everything,84,80,PG-13,"['Suggestive Material', 'Some Thematic Elements']",2014-11-07,2015-02-17,123,Drama,English,James Marsh,Anthony McCarten,$35.9M,Focus Features,Dolby Digital,35.9
the_happytime_murders_2017,The Happytime Murders,40,23,R,"['Some Drug Material', 'Language Throughout', 'Strong Crude & Sexual Content']",2018-08-24,2018-11-20,91,Comedy,English,Brian Henson,Todd Berger,$20.7M,STX Films,"SDDS, DTS, Dolby Atmos",20.7
teenage_mutant_ninja_turtles_out_of_the_shadows,Teenage Mutant Ninja Turtles: Out of the Shadows,46,37,PG-13,['Sci-Fi Action Violence'],2016-06-03,2016-09-20,107,Comedy,English,Dave Green,"Josh Appelbaum,Andre Nemec",$82.0M,Paramount Pictures,"Dolby Atmos, Datasat",82
jackass_3,Jackass 3,69,66,R,"['Extremely Dangerous Stunts', 'Extremely Crude Stunts', 'Language', 'Male Nudity']",2010-10-15,2005-12-06,94,Comedy,English,Jeff Tremaine,"Preston Lacy,Harrison Stone",$117.2M,Paramount Pictures,"DTS, SDDS, Dolby Digital",117.2
everest_2015,Everest,68,73,PG-13,"['Intense Peril', 'Disturbing Images']",2015-09-25,2016-01-19,121,Drama,English,Baltasar Kormákur,"William Nicholson,Simon Beaufoy",$43.2M,Universal Pictures,Dolby Digital,43.2
next,Next,53,28,PG-13,"['Some Language', 'Intense Violent Sequences']",2007-04-27,2007-09-25,96,Sci-fi,English,Lee Tamahori,"Gary Goldman,Jonathan Hensleigh,Paul Bernbaum",$18.0M,Paramount Pictures,"Dolby SRD, DTS, SDDS",18
1139289-beauty_shop,Beauty Shop,62,38,PG-13,"['Language', 'Brief Drug References', 'Sexual Material']",2005-03-30,2005-08-23,105,Comedy,English,Bille Woodruff,Kate Lanier,$36.3M,Metro-Goldwyn-Mayer,"Surround, Dolby SRD, DTS, SDDS",36.3
bringing_down_the_house,Bringing Down the House,49,34,PG-13,"['Language', 'Drug Material', 'Sexual Humor']",2003-03-07,2005-09-04,105,Comedy,English,Adam Shankman,Jason Filardi,$132.5M,Touchstone Pictures,"Dolby SR, DTS, Dolby Stereo, Surround, SDDS, Dolby A, Dolby Digital",132.5
goon,Goon,71,81,R,"['Drug Use', 'Brutal Violence', 'Nonstop Language', 'Some Strong Sexual Content']",2012-03-30,2012-05-29,91,Comedy,English,Michael Dowse,"Jay Baruchel,Evan Goldberg",$4.2M,Magnolia Pictures,"Stereo, Dolby Digital",4.2
a_million_ways_to_die_in_the_west,A Million Ways to Die in the West,41,33,R,"['Language Throughout', 'Drug Material', 'Some Violence', 'Strong Crude & Sexual Content']",2014-05-30,2014-10-07,115,Comedy,English,Seth MacFarlane,"Seth MacFarlane,Alec Sulkin,Wellesley Wild",$42.6M,Universal Pictures,"Datasat, Dolby Digital",42.6
risen_2016,Risen,70,53,PG-13,"['Some Disturbing Images', 'Biblical Violence']",2016-02-19,2016-05-24,108,Drama,English,Kevin Reynolds,"Kevin Reynolds,Paul Aiello",$36.9M,Sony Pictures Entertainment,Dolby Digital,36.9
rush_hour_2,Rush Hour 2,74,51,PG-13,"['Language', 'Action/Violence', 'Sexual Material']",2001-08-03,2001-12-11,90,Comedy,English,Brett Ratner,"Ross LaManna,Jeff Nathanson",$226.1M,New Line Cinema,"Dolby SR, DTS, Dolby Stereo, Surround, SDDS, Dolby A, Dolby Digital",226.1
on_the_basis_of_sex,On the Basis of Sex,76,72,PG-13,"['Suggestive Content', 'Some Language']",2019-01-11,2019-03-26,120,Drama,English,Mimi Leder,Daniel Stiepleman,$24.7M,Focus Features,Dolby Digital,24.7
walk_hard,Walk Hard: The Dewey Cox Story,57,74,R,"['Graphic Nudity', 'Drug Use', 'Language', 'Sexual Content']",2007-12-21,2008-04-08,96,Comedy,English,Jake Kasdan,"Judd Apatow,Jake Kasdan",$18.3M,Sony Pictures Entertainment,"SDDS, DTS, Dolby SRD",18.3
the_lego_batman_movie,The LEGO Batman Movie,80,90,PG,['Rude Humor and Some Action'],2017-02-10,2017-06-13,106,Comedy,English,Chris McKay,"Seth Grahame-Smith,Chris McKenna,Erik Sommers,Jared Stern,John Whittington",$175.7M,Warner Bros. Pictures,"Dolby Digital, SDDS, Dolby Atmos, Datasat",175.7
my_blueberry_nights,My Blueberry Nights,61,46,PG-13,"['Mature Thematic Material', 'Drinking', 'Smoking', 'Violence']",2008-04-04,2008-07-01,90,Drama,English,Kar-Wai Wong,"Lawrence Block,Kar-Wai Wong",$866.8K,Weinstein Co.,Dolby Digital,0.8667999999999999
shrek_2,Shrek 2,69,89,PG,"['Some Crude Humor', 'A Brief Substance Reference', 'Some Suggestive Content']",2004-05-19,2004-11-05,92,Comedy,English,"Andrew Adamson,Kelly Asbury,Conrad Vernon","Andrew Adamson,J. David Stem,Joe Stillman,David N. Weiss,William Steig",$436.5M,DreamWorks SKG,"Surround, Dolby SRD, DTS, SDDS",436.5
way_of_the_gun,The Way of the Gun,70,46,R,"['Sexuality', 'Language', 'Violence']",2000-09-08,2009-11-24,119,Drama,English,Christopher McQuarrie,Christopher McQuarrie,$6.0M,Artisan Entertainment,"Surround, Dolby Digital, DTS, Dolby SR",6
teen_titans_go_to_the_movies,Teen Titans GO! to the Movies,71,91,PG,['Action and Rude Humor'],2018-07-27,2018-10-30,87,Comedy,English,"Peter Rida Michail,Aaron Horvath","Michael Jelenic,Aaron Horvath",$29.6M,Warner Bros. Pictures,"Dolby Atmos, DTS, Dolby Digital, SDDS",29.6
night_at_the_museum,Night at the Museum,67,43,PG,"['Language', 'Brief Rude Humor', 'Mild Action']",2006-12-22,2007-04-24,108,Comedy,English,Shawn Levy,"Robert Ben Garant,Thomas Lennon",$113.7M,20th Century Fox,"SDDS, DTS, Dolby SRD",113.7
date_night,Date Night,55,66,PG-13,"['Crude Content', 'A Drug Reference', 'Language', 'Sexual Content', 'Some Violence']",2010-04-09,2010-08-10,88,Comedy,English,Shawn Levy,Josh Klausner,$98.7M,20th Century Fox,"Dolby, DTS",98.7
black_dahlia,The Black Dahlia,27,32,R,"['Sexual Content', 'Language', 'Some Grisly Images', 'Strong Violence']",2006-09-15,2006-10-10,121,Drama,English,Brian De Palma,Josh Friedman,$22.5M,Universal Pictures,"Dolby SRD, DTS",22.5
the_zookeepers_wife_2017,The Zookeeper's Wife,76,64,PG-13,"['Disturbing Images', 'Brief Sexuality', 'Violence', 'Nudity', 'Smoking', 'Thematic Elements']",2017-03-31,2017-07-04,125,Drama,English,Niki Caro,Angela Workman,$17.4M,Focus Features,Dolby Digital,17.4
dumb_and_dumberer_when_harry_met_lloyd,Dumb and Dumberer: When Harry Met Lloyd,23,10,PG-13,"['Language', 'Crude Humor', 'Sex-Related Humor']",2003-06-13,2003-11-11,85,Comedy,English,Troy Miller,"Robert Brener,Robert Brener",$26.1M,New Line Cinema,Surround,26.1
balls_of_fury,Balls of Fury,33,21,PG-13,"['Language', 'Crude and Sex-Related Humor']",2007-08-29,2007-12-18,90,Comedy,English,Robert Ben Garant,"Robert Ben Garant,Thomas Lennon",$32.9M,"Rogue Pictures, Focus Features","Dolby SRD, DTS",32.9
the_man,The Man,41,12,PG-13,"['Rude Dialogue', 'Language', 'Some Violence']",2005-09-09,2013-04-23,83,Comedy,English,Les Mayfield,"Margaret Oberman,Jim Piddock,Stephen Carpenter",$8.3M,New Line Cinema,"Surround, Dolby SRD, DTS, SDDS",8.3
man_apart,A Man Apart,62,11,R,"['Language', 'Drug Content', 'Sexuality', 'Strong Graphic Violence']",2003-04-04,2003-09-02,109,Drama,English,F. Gary Gray,"Christian Gudegast,Paul Scheuring",$26.2M,New Line Cinema,"Dolby SR, DTS, Dolby Stereo, Surround, SDDS, Dolby A, Dolby Digital",26.2
core,The Core,34,40,PG-13,"['Sci-Fi Life/Death Situations', 'Brief Strong Language']",2003-03-28,2003-09-09,136,Sci-fi,English,Jon Amiel,"Cooper Layne,John Rogers",$31.1M,"GAGA Communications [jp], United International Pictures, 01 Distribuzione, Paramount Pictures, Humax Pictures Inc.","Dolby SR, DTS, Dolby Stereo, Surround, Dolby A, Dolby Digital",31.1
cruel_intentions,Cruel Intentions,80,54,R,"['Language', 'Drug Use', 'Sexual Situations', 'Strong Sexual Dialogue']",1999-03-05,1999-08-03,97,Drama,English,Roger Kumble,Roger Kumble,$38.6M,"Columbia Pictures, Sony Pictures Entertainment","Dolby Stereo, Dolby A, SDDS, Surround, Dolby Digital, Dolby SR",38.6
1209933-puss_in_boots,Puss in Boots,68,86,PG,"['Some Adventure Action', 'Mild Rude Humor']",2011-10-28,2012-02-24,90,Comedy,English,Chris Miller,Tom Wheeler,$149.2M,DreamWorks SKG,"Dolby Digital, SDDS",149.2
stomp_the_yard,Stomp the Yard,82,27,PG-13,"['Language', 'A Scene of Violence', 'Some Sexual Material']",2007-01-12,2007-05-15,114,Drama,English,Sylvain White,Robert Adetuyi,$61.4M,Sony Pictures Entertainment,"SDDS, Dolby SRD, DTS",61.4
pootie_tang,Pootie Tang,63,27,PG-13,"['Sex-Related Material', 'Language', 'Drug Content']",2001-06-29,2007-07-20,81,Comedy,English,Louis C.K.,Louis C.K.,$3.3M,Paramount Pictures,Surround,3.3
superman_returns,Superman Returns,61,74,PG-13,['Some Intense Action Violence'],2006-06-28,2006-11-28,154,Sci-fi,English,Bryan Singer,"Michael Dougherty,Dan Harris",$200.1M,Warner Bros. Pictures,"SDDS, Dolby Digital, DTS, Dolby SRD",200.1
click,Click,66,34,PG-13,"['Language', 'Crude and Sex-Related Humor', 'Some Drug References']",2006-06-23,2006-10-10,108,Comedy,English,Frank Coraci,"Steve Koren,Mark O' Keefe",$137.3M,Sony Pictures Entertainment,"Dolby SRD, DTS, SDDS",137.3
i_think_i_love_my_wife,I Think I Love My Wife,41,19,R,"['Some Sexual Content', 'Pervasive Language']",2007-03-16,2007-08-07,94,Comedy,English,Chris Rock,"Chris Rock,Louis C.K.",$12.5M,Fox,"Dolby SRD, DTS, SDDS",12.5
thirteen_conversations_about_one_thing,Thirteen Conversations About One Thing,71,83,R,"['Violence', 'Sexual Content', 'Language']",2002-05-24,2002-11-19,103,Drama,English,Jill Sprecher,"Jill Sprecher,Karen Sprecher",$3.3M,Sony Pictures Classics,"Surround, Stereo",3.3
state_property_two,State Property 2,82,14,R,"['Language', 'Drug Content', 'Pervasive Violence', 'Strong Sexuality']",2005-04-13,2005-07-12,94,Drama,English,Damon Dash,"Adam Moreno,Damon Dash",$1.7M,Lionsgate Films,Surround,1.7
bridge_to_terabithia,Bridge to Terabithia,70,85,PG,"['Mild Language', 'Bullying', 'Some Peril', 'Thematic Elements']",2007-02-16,2007-06-19,96,Drama,English,Gabor Csupo,"David Paterson,Jeff Stockwell,Kevin Wade",$82.2M,Buena Vista,"Dolby SRD, DTS, SDDS",82.2
dangerous_beauty,Dangerous Beauty,85,69,R,"['Scenes of Strong Sexuality', 'Nudity', 'Language']",1998-02-20,1998-10-27,111,Drama,English,Marshall Herskovitz,"Margaret Rosenthal,Jeannine Dominy",$4.6M,Warner Bros. Pictures,"Dolby Stereo, Dolby Digital, Dolby A, Surround, DTS, Dolby SR",4.6
1178221-final_season,The Final Season,67,25,PG,"['Language', 'Thematic Elements', 'Some Teen Smoking']",2007-10-12,2008-04-15,113,Drama,English,David M. Evans,Art D'Alessandro,$1.2M,Yari Film Group,Dolby SRD,1.2
unfinished_life,An Unfinished Life,67,52,PG-13,"['Language', 'Domestic Abuse', 'Some Violence']",2005-09-09,2006-04-11,107,Drama,English,Lasse Hallström,Mark Spragg,$8.5M,Miramax Films,Surround,8.5
rise_of_the_planet_of_the_apes,Rise of the Planet of the Apes,77,82,PG-13,"['Violence', 'Intense/Frightening Sequences']",2011-08-05,2011-12-13,105,Sci-fi,English,Rupert Wyatt,"Rick Jaffa,Amanda Silver",$176.7M,20th Century Fox,"Dolby, DTS",176.7
world_traveler,World Traveler,36,34,R,"['Language', 'Some Sexuality']",2002-04-19,2003-01-21,104,Drama,English,Bart Freundlich,Bart Freundlich,$98.0K,"IFC Films, Alliance Atlantis Communications Inc.","Dolby Stereo, Dolby Digital, Dolby A, Surround, Dolby SR",0.098
dawn_of_the_planet_of_the_apes,Dawn of the Planet of the Apes,88,91,PG-13,"['Intense Sci-Fi Action/Violence', 'Brief Strong Language']",2014-07-11,2014-12-02,130,Sci-fi,English,Matt Reeves,"Rick Jaffa,Amanda Silver,Mark Bomback",$208.5M,20th Century Fox,Dolby Atmos,208.5
man_from_elysian_fields,The Man From Elysian Fields,54,52,R,"['Language', 'Sexual Content']",2002-10-04,2003-03-18,105,Drama,English,George Hickenlooper,Phillip Jayson Lasker,$1.4M,Samuel Goldwyn Company,"Surround, Dolby SR, Dolby Digital, Dolby A, Dolby Stereo",1.4
extremely_loud_and_incredibly_close,Extremely Loud & Incredibly Close,61,45,PG-13,"['Language', 'Emotional Thematic Material', 'Some Disturbing Images']",2012-01-20,2012-03-27,129,Drama,English,Stephen Daldry,Eric Roth,$31.8M,Warner Bros. Pictures,"SDDS, Dolby Digital, DTS",31.8
ad_astra,Ad Astra,40,83,PG-13,"['Brief Strong Language', 'Bloody Images', 'Some Violence']",2019-09-20,2019-09-20,124,Sci-fi,English,James Gray,"James Gray,Ethan Gross",$50.2M,20th Century Fox,"Dolby Atmos, SDDS, DTS, Datasat",50.2
rampage_2018,Rampage,72,51,PG-13,"['Brief Language', 'Action and Destruction', 'Crude Gestures', 'Sequences of Violence']",2018-04-13,2018-06-26,107,Sci-fi,English,Brad Peyton,"Ryan Engle,Carlton Cuse,Ryan Condal,Adam Sztykiel",$99.3M,Warner Bros. Pictures,"DTS, Dolby Digital, SDDS, Dolby Atmos, Datasat",99.3
40_days_and_40_nights,40 Days and 40 Nights,43,39,R,"['Sexual Content', 'Language']",2002-03-01,2002-09-17,94,Comedy,English,Michael Lehmann,Rob Perez,$37.9M,Miramax Films,"Dolby SR, DTS, Dolby Stereo, Surround, SDDS, Dolby A, Dolby Digital",37.9
the_kingdom,The Kingdom,76,51,R,"['Language', 'Graphic Brutal Violence']",2007-09-28,2007-12-26,110,Drama,English,Peter Berg,Matthew Michael Carnahan,$47.5M,Universal Pictures,"Dolby SRD, DTS, SDDS",47.5
wild_oats_2016,Wild Oats,38,0,PG-13,['Sexual Content'],2016-09-16,2016-11-01,86,Comedy,English,Andy Tennant,"Claudia Myers,Gary Kanew",$21.6K,Weinstein Co.,Stereo,0.0216
1189844-the_bank_job,The Bank Job,74,80,R,"['Nudity', 'Language', 'Sexual Content', 'Violence']",2008-03-07,2008-05-06,111,Drama,English,Roger Donaldson,"Dick Clement,Ian La Frenais",$30.0M,Lionsgate Films,"Dolby SRD, DTS, SDDS",30
boat_trip,Boat Trip,36,7,R,"['Some Drug Material', 'Language', 'Strong Sexual Content']",2003-03-21,2003-09-23,94,Comedy,English,Mort Nathan,Mort Nathan,$8.6M,Artisan Entertainment,"Dolby SR, Dolby Stereo, Surround, Dolby A, Dolby Digital",8.6
out_of_time,Out of Time,58,64,PG-13,"['Some Language', 'Sexual Content', 'Violence']",2003-10-03,2004-01-06,105,Drama,English,Carl Franklin,David Collard,$40.9M,Metro-Goldwyn-Mayer,"Dolby SR, DTS, Dolby Stereo, Surround, SDDS, Dolby A, Dolby Digital",40.9
cellular,Cellular,59,56,PG-13,"['Some Sexual References', 'Language', 'Terror', 'Violence']",2004-09-10,2005-01-18,92,Drama,English,David R. Ellis,"Larry Cohen,Chris Morgan",$32.0M,New Line Cinema,"Surround, Dolby SRD, DTS, SDDS",32
mystery_alaska,"Mystery, Alaska",66,37,R,"['Sexuality', 'Language']",1999-10-01,2003-12-09,118,Comedy,English,Jay Roach,"David E. Kelley,Sean O'Byrne",$8.9M,Buena Vista Pictures,"SDDS, Dolby Digital, Dolby A, Surround, DTS, Dolby SR",8.9
1082400-man_in_the_iron_mask,The Man in the Iron Mask,55,32,PG-13,"['Some Sensuality', 'Some Nudity', 'Violence']",1998-03-13,2004-02-02,132,Drama,English,Randall Wallace,"Alexandre Dumas,Randall Wallace",$57.0M,United Artists,"Dolby SR, DTS, Dolby Stereo, Surround, SDDS, Dolby A, Dolby Digital",57
the_divergent_series_allegiant,The Divergent Series: Allegiant,41,11,PG-13,"['Some Partial Nudity', 'Intense Violence and Action', 'Thematic Elements']",2016-03-18,2016-07-12,121,Sci-fi,English,Robert Schwentke,"Noah Oppenheim,Adam Cooper,Bill Collage",$66.2M,Lionsgate Films,Dolby Atmos,66.2
kundun,Kundun,78,74,PG-13,['Violent Images'],1997-12-06,1998-10-13,134,Drama,English,Martin Scorsese,Melissa Mathison,$5.7M,Touchstone Pictures,"Dolby Stereo, Dolby A, SDDS, Surround, Dolby Digital, Dolby SR",5.7
kate_and_leopold,Kate & Leopold,62,52,PG-13,['Brief Strong Language'],2001-12-25,2002-06-11,121,Comedy,English,James Mangold,"James Mangold,Steven Rogers,Steven Rogers",$47.1M,Miramax Films,"Dolby SR, DTS, Dolby Stereo, Surround, SDDS, Dolby A, Dolby Digital",47.1
the_other_side_of_heaven,The Other Side of Heaven,74,30,PG,"['Brief Disturbing Images', 'Thematic Elements']",2002-04-12,2004-01-13,113,Drama,English,Mitch Davis,Mitch Davis,$4.7M,Miramax Films,"Dolby SR, Dolby Digital, Dolby A, Dolby Stereo",4.7
the_other_woman_2014,The Other Woman,57,26,PG-13,"['Mature Thematic Material', 'Language', 'Sexual References']",2014-04-25,2014-07-29,109,Comedy,English,Nick Cassavetes,Melissa Stack,$83.9M,20th Century Fox,"Datasat, SDDS, Dolby Digital",83.9
drive_me_crazy,Drive Me Crazy,53,27,PG-13,"['Teen Alcohol and Drug Use', 'Language']",1999-10-01,2000-03-14,91,Comedy,English,John Schultz,"Todd Strasser,Rob Thomas",$17.8M,20th Century Fox,"Surround, Dolby Stereo",17.8
banger_sisters,The Banger Sisters,42,48,R,"['Sexual Content', 'Language', 'Some Drug Use']",2002-09-20,2003-10-14,98,Comedy,English,Bob Dolman,Bob Dolman,$30.3M,Fox,"Surround, Dolby SR, Dolby Digital, Dolby A, Dolby Stereo",30.3
sherlock_gnomes,Sherlock Gnomes,36,27,PG,['Some Rude and Suggestive Humor'],2018-03-23,2018-06-12,86,Comedy,English,John Stevenson,Ben Zazove,$43.1M,Paramount Pictures,Dolby Atmos,43.1
stepford_wives,The Stepford Wives,30,26,PG-13,"['Sexual Content', 'Language', 'Thematic Material']",2004-06-11,2013-01-01,93,Comedy,English,Frank Oz,"Ira Levin,Paul Rudnick",$59.5M,"DreamWorks SKG, Paramount Pictures","Dolby SRD, DTS, Surround",59.5
despicable_me_3,Despicable Me 3,53,59,PG,['Action and Rude Humor'],2017-06-30,2016-10-04,90,Comedy,English,"Pierre Coffin,Kyle Balda","Cinco Paul,Ken Daurio",$264.6M,Universal Pictures,"Dolby Digital, Dolby Atmos, Datasat, SDDS",264.6
dinner_for_schmucks,Dinner for Schmucks,42,42,PG-13,"['Language', 'Crude and Sexual Content', 'Some Partial Nudity']",2010-07-30,2011-01-04,114,Comedy,English,Jay Roach,"David Guion,Michael Handelman",$73.0M,Paramount Pictures,"SDDS, Dolby Digital, DTS",73
1112617-new_guy,The New Guy,54,7,PG-13,"['Language', 'Crude Humor', 'Mild Drug References', 'Sexual Content']",2002-05-10,2002-08-13,84,Comedy,English,Ed Decter,David Kendall,$29.0M,Columbia Pictures,"Dolby SR, DTS, Dolby Stereo, Surround, SDDS, Dolby A, Dolby Digital",29
jane_eyre_2011,Jane Eyre,76,85,PG-13,"['Brief Violent Content', 'A Nude Image', 'Some Thematic Elements']",2011-03-11,2011-08-16,118,Drama,English,Cary Joji Fukunaga,Moira Buffini,$11.2M,Focus Features,"Dolby Digital, DTS",11.2
matrix_reloaded,The Matrix Reloaded,72,73,R,"['Some Sexuality', 'Sci-Fi Violence']",2003-05-15,2003-10-14,138,Sci-fi,English,"Lilly Wachowski,Lana Wachowski","Lilly Wachowski,Lana Wachowski",$281.5M,Warner Bros. Pictures,"Dolby Digital, Dolby SR, SDDS, Dolby Stereo, DTS, Surround, Dolby A",281.5
regression,Regression,21,14,R,"['Disturbing Violent Content', 'Disturbing Sexual Content', 'Language']",2016-02-05,2016-05-10,106,Drama,English,Alejandro Amenábar,Alejandro Amenábar,$54.7K,Weinstein Co.,Dolby Atmos,0.054700000000000006
joe_dirt,Joe Dirt,63,9,PG-13,"['Language', 'Crude Humor', 'Sex-Related Humor']",2001-04-11,2005-11-29,90,Comedy,English,Dennie Gordon,"David Spade,Fred Wolf",$27.1M,"Columbia Pictures, Sony Pictures Entertainment","Dolby SR, DTS, SDDS, Surround, Dolby A, Dolby Digital",27.1
alien_resurrection,Alien Resurrection,39,54,R,"['Grotesque Images', 'Gore', 'Language', 'Strong Sci-Fi Violence']",1997-11-26,1999-06-01,109,Sci-fi,English,Jean-Pierre Jeunet,Joss Whedon,$47.7M,20th Century Fox,"DTS, Dolby Digital, Dolby Stereo, Dolby SR, Surround",47.7
pitch_perfect_2,Pitch Perfect 2,64,65,PG-13,"['Language', 'Innuendo']",2015-05-15,2015-09-22,115,Comedy,English,Elizabeth Banks,Kay Cannon,$183.7M,Universal Pictures,"SDDS, Dolby Digital, Datasat",183.7
madeas_witness_protection,Tyler Perry's Madea's Witness Protection,66,19,PG-13,"['Some Crude Sexual Remarks', 'Brief Drug References']",2012-06-29,2012-10-23,114,Comedy,English,Tyler Perry,Tyler Perry,$65.6M,Lionsgate Films,"Datasat, Dolby Digital",65.6
transformers_dark_of_the_moon,Transformers: Dark of the Moon,55,35,PG-13,"['Intense Seq. of Sci-Fi Action', 'Innuendo', 'Some Sexuality', 'Intense Seq. of Sci-Fi Violenc', 'Language', 'Mayhem and Destruction']",2011-06-29,2011-09-30,154,Sci-fi,English,Michael Bay,Ehren Kruger,$352.4M,Paramount Pictures,"SDDS, DTS, Dolby Digital",352.4
constant_gardener,The Constant Gardener,82,83,R,"['Nudity', 'Language', 'Sexual Content', 'Some Violent Images']",2005-08-31,2006-01-10,128,Drama,English,Fernando Meirelles,"Jeffrey Caine,John le Carré",$33.6M,Focus Features,"Dolby SRD, DTS, Surround",33.6
paranoid_park,Paranoid Park,65,77,R,"['Some Disturbing Images', 'Sexual Content', 'Language']",2008-03-07,2008-10-07,84,Drama,English,Gus Van Sant,Gus Van Sant,$486.0K,IFC Films,Dolby,0.486
1114154-insomnia,Insomnia,77,92,R,"['Language', 'Brief Nudity', 'Some Violence']",2002-05-24,2002-10-15,118,Drama,English,Christopher Nolan,Hillary Seitz,$67.3M,Warner Bros. Pictures,"Dolby Stereo, Dolby Digital, Dolby A, Surround, Dolby SR",67.3
mary_shelley,Mary Shelley,48,41,PG-13,"['Substance Abuse', 'Sexuality', 'Thematic Elements']",2018-05-25,2018-06-03,120,Drama,English,Haifaa Al-Mansour,Emma Jensen,$97.3K,IFC Films,Dolby Digital,0.0973
ride_along_2,Ride Along 2,48,14,PG-13,"['Sequences of Violence', 'Language', 'Sexual Content', 'Some Drug Material']",2016-01-15,2016-04-26,101,Comedy,English,Tim Story,"Phil Hay,Matt Manfredi",$90.8M,Universal Pictures,Dolby Digital,90.8
walk_to_remember,A Walk to Remember,78,27,PG,"['Some Sensual Material', 'Language', 'Thematic Elements']",2002-01-25,2002-07-09,101,Drama,English,Adam Shankman,Karen Janszen,$41.2M,Warner Bros. Pictures,"Dolby SR, DTS, Dolby Stereo, Surround, SDDS, Dolby A, Dolby Digital",41.2
hitch,Hitch,62,69,PG-13,"['Some Strong Sexual References', 'Language']",2005-02-11,2005-06-14,117,Comedy,English,Andy Tennant,Kevin Bisch,$177.6M,Sony Pictures Entertainment,"Surround, Dolby SRD, DTS, SDDS",177.6
10000_bc,"10,000 B.C.",37,9,PG-13,"['Violence', 'Sequences of Intense Action']",2008-03-07,2008-06-24,109,Drama,English,Roland Emmerich,"Roland Emmerich,Harald Kloser",$94.8M,Warner Bros.,"Dolby SRD, DTS, SDDS",94.8
1084878-supernova,Supernova,17,10,PG-13,"['Intense Sci-Fi Violence', 'Intense Sci-Fi Action', 'Nudity', 'Sensuality']",2000-01-14,2001-08-14,90,Sci-fi,English,Walter Hill,David Campbell Wilson,$14.2M,Metro-Goldwyn-Mayer,"Surround, DTS",14.2
seed_of_chucky,Seed of Chucky,41,34,R,"['Language', 'Gore', 'Sexual Content', 'Strong Horror Violence']",2004-11-12,2005-06-07,86,Comedy,English,Don Mancini,Don Mancini,$17.0M,Focus Features,"Surround, DTS, Dolby SRD",17
hit_and_runway,Hit and Runway,17,32,R,"['Language', 'Some Violent Images', 'Sexual Content']",2001-04-06,2002-07-30,110,Comedy,English,Christopher Livingston,"Jaffe Cohen,Christopher Livingston",$81.6K,Lot 47 Films,Surround,0.08159999999999999
doomsday,Doomsday,44,51,R,"['Some Sexual Content/Nudity', 'Language', 'Strong Bloody Violence']",2008-03-14,2008-07-29,109,Sci-fi,English,Neil Marshall,Neil Marshall,$11.0M,Universal Pictures,"Dolby SRD, DTS, SDDS",11
ill_sleep_when_im_dead,I'll Sleep When I'm Dead,35,44,R,"['Language', 'Brief Drug Use', 'Rape', 'Violent Images']",2003-05-16,2004-11-16,102,Drama,English,Mike Hodges,Trevor Preston,$358.8K,Paramount Pictures,"Surround, Dolby SRD",0.3588
the_goldfinch,The Goldfinch,72,25,R,['Drug Use and Language'],2019-09-13,2019-09-13,149,Drama,English,John Crowley,"Peter Straughan,Donna Tartt",$5.3M,Warner Bros. Pictures,Dolby Digital,5.3
mr_holmes,Mr. Holmes,70,88,PG,"['Some Disturbing Images', 'Incidental Smoking', 'Thematic Elements']",2015-07-24,2015-11-10,105,Drama,English,Bill Condon,Jeffrey Hatcher,$17.7M,Roadside Attractions,Dolby Digital,17.7
three_days_of_rain,Three Days of Rain,25,40,R,"['Some Sexual Material', 'Disturbing Content', 'Language', 'Drug Use']",2005-09-30,2007-10-09,98,Drama,English,Michael Meredith,Michael Meredith,$2.8K,Rogue Arts,Stereo,0.0028
die_mommie_die,Die Mommie Die!,73,65,R,"['Drug Sequence', 'Strong Sexual Content', 'Language']",2003-10-31,2005-01-11,90,Comedy,English,Mark Rucker,Charles Busch,$180.3K,Sundance Film Series,Surround,0.18030000000000002
italian_job,The Italian Job,80,72,PG-13,"['Violence', 'Some Language']",2003-05-30,2003-10-21,111,Drama,English,F. Gary Gray,"Donna Powers,Wayne Powers",$106.1M,Paramount Pictures,Surround,106.1
enemy_at_the_gates,Enemy at the Gates,82,53,R,"['Strong Graphic War Violence', 'Some Sexuality']",2001-03-16,2001-08-14,131,Drama,English,Jean-Jacques Annaud,"Jean-Jacques Annaud,Alain Godard",$51.4M,Paramount Pictures,"Dolby Stereo, Dolby Digital, DTS, Surround, Dolby SR",51.4
1200731-robocop,RoboCop,49,49,PG-13,"['Frenetic Gun Violence', 'Brief Strong Language', 'Intense Sequences of Action', 'Sensuality', 'Some Drug Material']",2014-02-12,2014-06-03,117,Sci-fi,English,José Padilha,Joshua Zetumer,$58.6M,Sony Pictures Entertainment,Dolby Digital,58.6
10011582-tron_legacy,Tron: Legacy,63,51,PG,"['Sci-Fi Action Violence', 'Brief Mild Language']",2010-12-17,2011-04-05,125,Sci-fi,English,Joseph Kosinski,"Edward Kitsis,Adam Horowitz",$172.1M,Walt Disney,"Dolby Digital, SDDS, DTS",172.1
beautiful_girls,Beautiful Girls,80,78,R,"['Strong Language', 'Nude Pin-Ups']",1996-02-09,2011-06-21,112,Comedy,English,Ted Demme,Scott Rosenberg,$10.6M,Miramax Films,"Dolby Stereo, Dolby A, Stereo, Surround, Dolby Digital, Dolby SR",10.6
captain_phillips,Captain Phillips,89,93,PG-13,"['Some Violence', 'Bloody Images', 'Substance Use', 'Sustained Int. Seq. of Menace']",2013-10-11,2014-01-21,133,Drama,English,Paul Greengrass,Billy Ray,$107.1M,Sony Pictures Entertainment,"Dolby Digital, SDDS, Datasat",107.1
1130191-reckoning,The Reckoning,56,39,R,"['Some Sexuality', 'Violent Images']",2003-08-06,2010-10-12,110,Drama,English,Paul McGuigan,"Mark Mills,Barry Unsworth",$256.6K,Paramount Pictures,"Surround, Dolby SRD",0.25660000000000005
chasing_mavericks,Chasing Mavericks,70,33,PG,"['Thematic Elements', 'Some Perilous Action']",2012-10-26,2013-02-26,115,Drama,English,"Curtis Hanson,Michael Apted",Kario Salem,$6.0M,20th Century Fox,"Datasat, Dolby, SDDS",6
my_babys_daddy,My Baby's Daddy,50,6,PG-13,"['Sexual Content', 'Language', 'Drug References']",2004-01-09,2004-06-01,86,Comedy,English,Cheryl Dunye,"Eddie Griffin,Damon ""Coke"" Daniels,David Wagner,Brent Goldberg",$17.3M,Miramax Films,"Surround, Dolby SR, DTS, SDDS",17.3
goosebumps_2_haunted_halloween,Goosebumps 2: Haunted Halloween,36,47,PG,"['Rude Humor', 'Language', 'Scary Creature Action & Images', 'Some Thematic Elements']",2018-10-12,2018-12-24,90,Comedy,English,Ari Sandel,Rob Lieber,$46.7M,"Sony Pictures Entertainment, Columbia Pictures","Dolby Atmos, Dolby Digital",46.7
dancer_upstairs,The Dancer Upstairs,76,64,R,"['Strong Violence', 'Language']",2003-05-02,2003-09-23,133,Drama,English,John Malkovich,"Nicholas Shakespeare,Nicholas Shakespeare",$2.4M,Fox,"Surround, Dolby SR, Dolby Digital, Dolby A, Dolby Stereo",2.4
dukes_of_hazzard,The Dukes of Hazzard,46,14,PG-13,"['Crude and Drug Related Humor', 'Comic Action Violence', 'Language', 'Sexual Content']",2005-08-05,2005-12-06,105,Comedy,English,Jay Chandrasekhar,"Jonathan L. Davis,John O'Brien,Eric Stolhnske,Paul Soter,Kevin Heffernan",$80.3M,Warner Bros.,"Dolby SRD, DTS, Surround",80.3
morning-glory-2010,Morning Glory,51,55,PG-13,"['Dialogue', 'Brief Drug References', 'Language', 'Some Sexual Content']",2010-11-10,2011-03-08,110,Comedy,English,Roger Michell,Aline Brosh McKenna,$31.0M,Paramount Pictures,"SDDS, Dolby Digital, DTS",31
red,Red,72,72,PG-13,"['Intense Sequences of Action', 'Brief Strong Language', 'Intense Sequences of Violence']",2010-10-15,2011-01-25,110,Comedy,English,Robert Schwentke,"Jon Hoeber,Erich Hoeber",$90.4M,Summit Entertainment,"Dolby Digital, DTS",90.4
before_sunset,Before Sunset,92,94,R,"['Sexual References', 'Language']",2004-02-10,2005-09-27,80,Drama,English,Richard Linklater,"Richard Linklater,Kim Krizan",$5.8M,Warner Independent,"Surround, Dolby SRD",5.8
jupiter_ascending_2014,Jupiter Ascending,38,28,PG-13,"['Sequences of Sci-Fi Action', 'Partial Nudity', 'Some Suggestive Content', 'Some Violence']",2015-02-06,2015-06-02,127,Sci-fi,English,"Lilly Wachowski,Lana Wachowski","Lilly Wachowski,Lana Wachowski",$47.4M,Warner Bros. Pictures,Dolby Digital,47.4
the_aeronauts,The Aeronauts,95,72,PG-13,"['Some Peril', 'Thematic Elements']",2019-12-06,2019-12-19,101,Drama,English,Tom Harper,Jack Thorne,$30.0K,Amazon Studios,Dolby Atmos,0.03
wedding_planner,The Wedding Planner,59,17,PG-13,"['Some Sexual Humor', 'Language']",2001-01-26,2002-02-05,102,Comedy,English,Adam Shankman,"Pamela Falk,Michael Ellis",$60.4M,"Columbia Pictures, Palace Films, Pacifica Film Distribution, Intermedia Films","Dolby Stereo, Dolby A, SDDS, Surround, Dolby Digital, Dolby SR",60.4
the_boss_baby,The Boss Baby,51,53,PG,['Some Mild Rude Humor'],2017-03-31,2017-07-25,97,Comedy,English,Tom McGrath,Michael McCullers,$174.9M,20th Century Fox,"Dolby Digital, Datasat, SDDS, Dolby Atmos",174.9
strange_world,Strange World,66,72,PG,"['Some Thematic Elements', 'Action/Peril']",2022-11-23,2022-12-23,105,Comedy,English,"Don Hall,Qui Nguyen",Qui Nguyen,$38.0M,Walt Disney Pictures,"Dolby Digital, Dolby Atmos",38
1081200-great_expectations,Great Expectations,77,39,R,"['Some Sexuality', 'Language']",1998-01-30,2000-01-18,111,Drama,English,Alfonso Cuarón,"Charles Dickens,Mitch Glazer",$26.3M,20th Century Fox,"Dolby SR, DTS, Dolby Stereo, Surround, Dolby A, Dolby Digital",26.3
igby_goes_down,Igby Goes Down,80,75,R,"['Language', 'Drug Content', 'Sexuality']",2002-09-13,2016-11-30,104,Comedy,English,Burr Steers,Burr Steers,$4.7M,Metro-Goldwyn-Mayer,Surround,4.7
1029042-henry_v,Henry V,89,98,PG-13,['A Bloody Battle'],1989-11-08,2000-07-18,137,Drama,English,Kenneth Branagh,Kenneth Branagh,$10.2M,"Samuel Goldwyn Company, MGM/UA Home Entertainment Inc.",Surround,10.2
monster_in_law,Monster-in-Law,55,18,PG-13,"['Sex References', 'Language']",2005-05-13,2005-08-30,100,Comedy,English,Robert Luketic,Anya Kochoff,$82.9M,New Line Cinema,"Dolby SRD, DTS, SDDS",82.9
the_incredible_burt_wonderstone,The Incredible Burt Wonderstone,33,38,PG-13,"['Dangerous Stunts', 'A Drug-Related Incident', 'Language', 'Sexual Content']",2013-03-15,2013-06-25,100,Comedy,English,Don Scardino,"Jonathan M. Goldstein,John Francis Daley",$22.5M,Warner Bros. Pictures,"Datasat, SDDS, Dolby Digital",22.5
puss_in_boots_the_last_wish,Puss in Boots: The Last Wish,94,95,PG,"['Rude Humor/Language', 'Action/Violence', 'Some Scary Moments']",2022-12-21,2023-01-06,102,Comedy,English,Joel Crawford,"Paul Fisher,Tommy Swerdlow",$182.6M,Universal Pictures,"Dolby Atmos, Dolby Digital",182.6
waking_the_dead,Waking the Dead,77,50,R,"['Sexuality', 'Language']",2000-03-24,2005-04-12,105,Drama,English,Keith Gordon,"Robert Dillon,Keith Gordon,Scott Spencer",$327.4K,USA Films,"Dolby Stereo, Dolby Digital, DTS, SDDS, Dolby SR",0.32739999999999997
hotel_transylvania,Hotel Transylvania,72,44,PG,"['Scary Images', 'Action', 'Some Rude Humor']",2012-09-28,2013-01-29,95,Comedy,English,Genndy Tartakovsky,"Peter Baynham,Robert Smigel",$167.9M,Sony Pictures Entertainment,"Dolby Digital, SDDS, Datasat",167.9
tuck_everlasting,Tuck Everlasting,70,60,PG,['Some Violence'],2002-10-11,2005-01-25,90,Drama,English,Jay Russell,"James V. Hart,Jeffrey Lieber,Natalie Babbitt",$19.2M,Walt Disney Pictures,"Dolby SR, DTS, Dolby Stereo, Surround, SDDS, Dolby A, Dolby Digital",19.2
1097259-road_trip,Road Trip,65,57,R,"['Drug Use', 'Crude Humor', 'Language', 'Strong Sexual Content']",2000-05-19,2000-12-19,94,Comedy,English,Todd Phillips,"Todd Phillips,Scot Armstrong",$68.5M,DreamWorks SKG,"Dolby Digital, Dolby SR, SDDS, Dolby Stereo, Surround, DTS",68.5
breaking_in_2018,Breaking In,31,27,PG-13,"['Brief Strong Language', 'Bloody Images', 'Menace', 'Sexual References', 'Violence']",2018-05-11,2018-07-24,88,Drama,English,James McTeigue,Ryan Engle,$46.3M,Universal Pictures,Dolby Digital,46.3
kingsman_the_secret_service,Kingsman: The Secret Service,84,75,R,"['Sequences of Strong Violence', 'Language', 'Some Sexual Content']",2015-02-13,2015-06-09,129,Comedy,English,Matthew Vaughn,"Jane Goldman,Matthew Vaughn",$128.2M,20th Century Fox,"Datasat, Dolby Atmos",128.2
hotel_rwanda,Hotel Rwanda,94,91,PG-13,"['Disturbing Images', 'Brief Sexuality', 'Violence']",2004-12-22,2005-04-12,121,Drama,English,Terry George,"Terry George,Keir Pearson",$23.5M,United Artists,Surround,23.5
shes_the_man,She's the Man,79,43,PG-13,['Some Sexual Material'],2006-03-17,2006-07-18,105,Comedy,English,Andy Fickman,"Ewan Leslie,Karen McCullah,Kirsten Smith",$33.7M,DreamWorks SKG,"SDDS, Dolby Digital, DTS, Dolby SRD",33.7
east_is_east,East Is East,78,78,R,"['Language', 'Domestic Violence', 'Sexual Content']",2000-04-14,2017-03-17,96,Comedy,English,Damien O'Donnell,"Ayub Khan-Din,Ayub Khan-Din",$4.2M,Miramax Films,"Surround, Dolby Digital",4.2
harts_war,Hart's War,48,60,R,"['Some Strong War Violence', 'Language']",2002-02-15,2002-07-09,128,Drama,English,Gregory Hoblit,"Billy Ray,Terry George,John Katzenbach",$19.1M,Metro-Goldwyn-Mayer,"Dolby SR, DTS, Dolby Stereo, Surround, SDDS, Dolby A, Dolby Digital",19.1
maid_in_manhattan,Maid in Manhattan,44,38,PG-13,"['Some Sexual References', 'Some Language']",2002-12-13,2003-03-25,105,Comedy,English,Wayne Wang,Kevin Wade,$93.8M,Columbia Pictures,"Dolby SR, DTS, Dolby Stereo, Surround, SDDS, Dolby A, Dolby Digital",93.8
golden_age,Elizabeth: The Golden Age,59,35,PG-13,"['Violence', 'Some Sexuality/Nudity']",2007-10-12,2008-03-11,115,Drama,English,Shekhar Kapur,"William Nicholson,Michael Hirst",$16.3M,Universal Pictures,"Dolby SRD, DTS, SDDS",16.3
bolt,Bolt,74,90,PG,"['Peril', 'Mild Action']",2008-11-21,2009-03-22,96,Comedy,English,"Chris Williams,Byron Howard",Dan Fogelman,$114.1M,Walt Disney,SDDS,114.1
austin_powers_in_goldmember,Austin Powers in Goldmember,44,53,PG-13,"['Language', 'Crude Humor', 'Sexual Innuendo']",2002-07-26,2002-12-03,94,Comedy,English,Jay Roach,"Michael McCullers,Mike Myers",$213.1M,New Line Cinema,"Dolby SR, DTS, Dolby Stereo, Surround, SDDS, Dolby A, Dolby Digital",213.1
solomon-gaenor,Solomon and Gaenor,81,70,R,"['Scenes of Violence', 'Sexuality']",1999-04-30,2001-01-30,102,Drama,English,Paul Morrison,Paul Morrison,$301.8K,"Sony Pictures Classics, Columbia TriStar Home Video","SDDS, Dolby SR, Dolby Digital, Surround, DTS, Dolby Stereo",0.3018
marshall,Marshall,84,81,PG-13,"['Sexuality', 'Mature Thematic Content', 'Some Strong Language', 'Violence']",2017-10-13,2018-01-09,118,Drama,English,Reginald Hudlin,"Michael Koskoff,Jacob Koskoff",$10.0M,Open Road,Dolby Digital,10
friday_night_lights,Friday Night Lights,85,82,PG-13,"['Rough Sports Action', 'Language', 'Sexual Content', 'Some Teen Drinking', 'Thematic Issues']",2004-10-08,2005-01-18,117,Drama,English,Peter Berg,"Peter Berg,David Aaron Cohen,Buzz Bissinger",$61.2M,Universal Pictures,"SDDS, Dolby SRD, DTS, Surround",61.2
blood_diamond,Blood Diamond,90,63,R,"['Strong Violence', 'Language']",2006-12-08,2007-03-20,138,Drama,English,Edward Zwick,"Charles Leavitt,Marshall Herskovitz,Edward Zwick,C. Gaby Mitchell",$57.4M,Warner Bros.,"Dolby SRD, DTS, SDDS",57.4
1212910-warrior,Warrior,92,84,PG-13,"['Some Language', 'Int. Mixed Martial Arts Fight', 'Thematic Material']",2011-09-09,2011-12-20,139,Drama,English,Gavin O'Connor,"Gavin O'Connor,Anthony Tambakis,Cliff Dorfman",$13.7M,Lionsgate Films,"SDDS, Dolby Digital, DTS",13.7
how_to_train_your_dragon_the_hidden_world,How to Train Your Dragon: The Hidden World,87,90,PG,"['Some Mild Rude Humor', 'Adventure Action']",2019-02-22,2019-05-21,104,Comedy,English,Dean DeBlois,Dean DeBlois,$160.8M,Universal Pictures,"Dolby Atmos, Dolby Digital, DTS",160.8
hot_fuzz,Hot Fuzz,89,91,R,"['Some Graphic Images', 'Language', 'Violent Content']",2007-04-20,2007-07-31,121,Comedy,English,Edgar Wright,"Edgar Wright,Simon Pegg",$23.6M,Focus Features,"Dolby SRD, Dolby SR",23.6
talented_mr_ripley,The Talented Mr. Ripley,80,85,R,"['Language', 'Brief Nudity', 'Violence']",1999-12-25,2000-06-27,139,Drama,English,Anthony Minghella,"Patricia Highsmith,Anthony Minghella",$81.3M,Paramount Pictures,"Surround, Dolby Digital, DTS, SDDS",81.3
the_smurfs,The Smurfs,43,21,PG,"['Some Mild Rude Humor', 'Action']",2011-07-29,2011-09-21,102,Comedy,English,Raja Gosnell,"J. David Stem,David N. Weiss,Jay Scherick,David Ronn",$142.6M,Sony Pictures,"DTS, Dolby Digital, SDDS",142.6
medallion,The Medallion,27,17,PG-13,"['Some Sexual Humor', 'Action/Violence']",2003-08-22,2003-12-23,88,Comedy,English,Gordon Chan,Bey Logan,$22.1M,TriStar Pictures,Surround,22.1
monster_trucks_2017,Monster Trucks,51,32,PG,"['Brief Scary Images', 'Action', 'Peril', 'Some Rude Humor']",2017-01-13,2017-04-11,105,Comedy,English,Chris Wedge,Derek Connolly,$33.2M,Paramount Pictures,"Dolby Digital, Datasat, SDDS, Dolby Atmos",33.2
my_summer_of_love,My Summer of Love,69,90,R,"['Sexuality', 'Language', 'Some Drug Use']",2005-06-17,2005-10-04,83,Drama,English,Paul Pavlikovsky,"Paul Pavlikovsky,Helen Cross",$992.2K,Focus Features,"Dolby SRD, Dolby SR",0.9922000000000001
get_rich_or_die_tryin,Get Rich or Die Tryin',70,17,R,"['Nudity', 'Drug Content', 'Pervasive Language', 'Sexuality', 'Strong Violence']",2005-11-09,2006-03-28,117,Drama,English,Jim Sheridan,Terence Winter,$31.0M,Paramount Pictures,Surround,31
adventures_of_rocky_and_bullwinkle,The Adventures of Rocky and Bullwinkle,20,43,PG,['Mild Language'],2000-06-30,2004-08-24,88,Comedy,English,Des McAnuff,"Jay Ward,Kenneth Lonergan",$26.0M,"Universal Pictures, Universal Home Entertainment","SDDS, Dolby Digital, DTS, Surround, Dolby SR",26
deja_vu,Déjà Vu,73,56,PG-13,"['Intense Violence and Terror', 'Disturbing Images', 'Some Sensuality']",2006-11-22,2007-04-24,128,Sci-fi,English,Tony Scott,"Terry Rossio,Bill Marsilii",$64.0M,Buena Vista,"Dolby SRD, DTS, SDDS",64
megamind,Megamind,72,72,PG,"['Some Language', 'Action']",2010-11-05,2011-02-25,96,Comedy,English,Tom McGrath,"Alan Schoolcraft,Brent Simons",$148.3M,"Paramount Pictures, DreamWorks SKG","Dolby Digital, DTS, SDDS",148.3
annihilation,Annihilation,66,88,R,"['Language', 'Bloody Images', 'Some Sexuality', 'Violence']",2018-02-23,2018-04-22,115,Sci-fi,English,Alex Garland,Alex Garland,$32.7M,Paramount Pictures,Dolby Digital,32.7
burnt,Burnt,45,28,R,['Language Throughout'],2015-10-30,2016-01-26,100,Drama,English,John Wells,Steven Knight,$13.7M,Weinstein Co.,Dolby Digital,13.7
whole_ten_yards,The Whole Ten Yards,40,4,PG-13,"['Sexual Content', 'Language', 'Some Violence']",2004-04-07,2004-07-27,99,Comedy,English,Howard Deutch,"George Gallo,Mitchell Kapner",$16.3M,Warner Bros. Pictures,"SDDS, Dolby SRD, DTS, Surround",16.3
eat_pray_love,Eat Pray Love,42,36,PG-13,"['Male Rear Nudity', 'Brief Strong Language', 'Some Sexual References']",2010-08-13,2010-11-23,140,Drama,English,Ryan Murphy,"Ryan Murphy,Jennifer Salt",$80.6M,Sony Pictures Entertainment,"Dolby Digital, DTS, SDDS",80.6
easy-a,Easy A,77,85,PG-13,"['Mature Thematic Elements', 'Language', 'Some Drug Material', 'Teen Sexuality']",2010-09-17,2010-12-21,93,Comedy,English,Will Gluck,Bert V. Royal,$58.4M,Sony Pictures,"SDDS, Dolby Digital, DTS",58.4
last_vegas_2013,Last Vegas,59,46,PG-13,"['Sexual Content', 'Language']",2013-11-01,2014-01-28,104,Comedy,English,Jon Turteltaub,Dan Fogelman,$63.9M,CBS Films,"Datasat, Dolby Digital",63.9
armored,Armored,31,40,PG-13,"['Sequences of Intense Violence', 'Brief Strong Language', 'Some Disturbing Images']",2009-12-04,2010-03-16,88,Drama,English,Nimród Antal,James V. Simpson,$16.0M,Screen Gems,"SDDS, Dolby Digital, DTS",16
sex_tape_2014,Sex Tape,33,16,R,"['Nudity', 'Language', 'Some Drug Use', 'Strong Sexual Content']",2014-07-18,2014-10-21,94,Comedy,English,Jake Kasdan,"Kate Angelo,Jason Segel,Nicholas Stoller",$38.5M,Sony Pictures Entertainment,"Datasat, SDDS, Dolby Digital",38.5
les_miserables_2012,Les Misérables,79,69,PG-13,"['Suggestive Material', 'Sexual Material', 'Thematic Elements', 'Violence']",2012-12-25,2013-03-22,158,Drama,English,Tom Hooper,"William Nicholson,Alain Boublil,Claude-Michel Schönberg,Herbert Kretzmer",$148.8M,Universal Pictures,"Dolby SRD, SDDS, Datasat",148.8
white_chicks,White Chicks,55,15,PG-13,"['Language', 'Crude Humor', 'Sexual Humor', 'Some Drug Content']",2004-06-23,2004-10-26,108,Comedy,English,Keenen Ivory Wayans,"Xavier Cook,Shawn Wayans,Keenen Ivory Wayans,Marlon Wayans,Andy McElfresh,Michael Anthony Snowden",$69.1M,"Columbia Pictures, Sony Pictures Entertainment","SDDS, Surround, DTS",69.1
transformers_the_movie,Transformers,85,58,PG-13,"['Intense Sci-Fi Action/Violence', 'Brief Sexual Humor', 'Language']",2007-07-03,2007-10-16,144,Sci-fi,English,Michael Bay,"Roberto Orci,Robert Kurtzman",$319.0M,DreamWorks SKG,"SDDS, DTS, Dolby SRD",319
every_secret_thing,Every Secret Thing,32,32,R,"['Some Language', 'Disturbing Images']",2015-05-15,2015-08-04,93,Drama,English,Amy Berg,Nicole Holofcener,$97.0K,Starz Digital Media,Dolby Digital,0.097
total_recall_2012,Total Recall,47,31,PG-13,"['Intense Seq. of Sci-Fi Action', 'Brief Nudity', 'Intense Seq. of Sci-Fi Violenc', 'Language', 'Some Sexual Content']",2012-08-03,2012-12-18,117,Sci-fi,English,Len Wiseman,"Kurt Wimmer,Mark Bomback",$58.9M,Sony Pictures,"Dolby Digital, Datasat, SDDS",58.9
the_lucky_one_2012,The Lucky One,67,20,PG-13,"['Violence', 'Some Sexuality']",2012-04-20,2012-09-04,101,Drama,English,Scott Hicks,"Will Fetters,Nicholas Sparks",$60.4M,Warner Bros. Pictures,"Datasat, SDDS, Dolby Digital",60.4
just_go_with_it_2010,Just Go With It,59,19,PG-13,"['Frequent Crude/Sexual Content', 'Brief Drug References', 'Language', 'Partial Nudity']",2011-02-11,2011-06-07,115,Comedy,English,Dennis Dugan,"Allan Loeb,Timothy Dowling",$103.0M,Sony Pictures Entertainment,"SDDS, Dolby Digital, DTS",103
along_came_polly,Along Came Polly,47,27,PG-13,"['Language', 'Crude Humor', 'Sexual Content', 'Some Drug References']",2004-01-12,2004-10-05,90,Comedy,English,John Hamburg,John Hamburg,$87.9M,Universal Pictures,"Surround, Dolby SRD, DTS, SDDS",87.9
roman_j_israel_esq,"Roman J. Israel, Esq.",53,54,PG-13,['Language and Some Violence'],2017-11-22,2018-02-13,117,Drama,English,Dan Gilroy,Dan Gilroy,$11.7M,Sony Pictures Entertainment,Dolby Digital,11.7
romulus_my_father,"Romulus, My Father",65,55,R,"['Some Violence', 'Sexuality', 'Brief Language']",2008-02-29,2008-04-22,103,Drama,English,Richard Roxburgh,Nick Drake,$2.8K,Magnolia Pictures,Dolby Digital,0.0028
10012068-repo_men,Repo Men,41,21,R,"['Language', 'Grisly Images', 'Some Sexuality/Nudity', 'Strong Bloody Violence']",2010-03-19,2006-01-17,111,Sci-fi,English,Miguel Sapochnik,"Eric Garcia,Garrett Lerner",$13.8M,Universal Studios,"Dolby Digital, DTS, SDDS",13.8
garfield,Garfield: The Movie,38,15,PG,['Brief Mild Language'],2004-06-11,2004-10-19,80,Comedy,English,Peter Hewitt,"Jim Davis,Joel Cohen,Alec Sokolow",$75.4M,20th Century Fox,"Dolby SR, DTS, Surround",75.4
krisha_2016,Krisha,77,95,R,"['Language', 'Substance Abuse', 'Some Sexual Content']",2016-03-18,2016-08-16,83,Drama,English,Trey Edward Shults,Trey Edward Shults,$140.8K,A24,Dolby Digital,0.1408
million_dollar_arm,Million Dollar Arm,68,64,PG,"['Some Suggestive Content', 'Mild Language']",2014-05-16,2014-10-07,123,Drama,English,Craig Gillespie,Tom McCarthy,$36.4M,Walt Disney,Dolby Digital,36.4
how_high,How High,79,26,R,"['Pervasive Drug Use', 'Language', 'Sexual Dialogue']",2001-12-21,2005-01-25,93,Comedy,English,Jesse Dylan,Dustin Abraham,$31.2M,Universal Pictures,"Dolby SR, DTS, Dolby Stereo, Surround, SDDS, Dolby A, Dolby Digital",31.2
nims_island,Nim's Island,46,52,PG,"['Mild Adventure Action', 'Brief Language']",2008-04-04,2008-08-05,94,Comedy,English,"Jennifer Flackett,Mark Levin","Mark Levin,Jennifer Flackett,Paula Mazur,Joseph Kwong",$48.0M,20th Century Fox,"Dolby SRD, DTS, SDDS",48
mirror_mirror_2012,Mirror Mirror,49,50,PG,"['Some Fantasy Action', 'Mild Rude Humor']",2012-03-30,2012-06-26,106,Comedy,English,Tarsem,"Marc Klein,Jason Keller",$64.9M,Relativity Media,"Datasat, Dolby",64.9
sweeney_todd_the_demon_barber_of_fleet_street_2007,Sweeney Todd: The Demon Barber of Fleet Street,81,86,R,['Graphic Bloody Violence'],2007-12-21,2008-04-01,117,Drama,English,Tim Burton,John Logan,$52.9M,Paramount Pictures,"Dolby SRD, DTS, SDDS",52.9
1124832-divorce,Le Divorce,26,36,PG-13,"['Sexual Content', 'Mature Thematic Elements']",2003-08-08,2004-10-12,117,Comedy,English,James Ivory,"James Ivory,Ruth Prawer Jhabvala,Diane Johnson",$9.1M,"Fox, 20th Century Fox",Surround,9.1
dogville,Dogville,89,69,R,"['Violence', 'Sexual Content']",2003-05-19,2004-08-24,178,Drama,English,Lars von Trier,Lars von Trier,$1.5M,Lionsgate/Artisan,"Surround, Dolby SRD",1.5
wild_wild_west,Wild Wild West,28,16,PG-13,"['Innuendo', 'Action/Violence', 'Sex References']",1999-06-30,1999-11-30,106,Comedy,English,Barry Sonnenfeld,"Jim Thomas,John Thomas,S.S. Wilson,Brent Maddock,Jeffrey Price,Peter S. Seaman",$113.8M,Warner Bros. Pictures,"Dolby SR, DTS, Dolby Stereo, SDDS, DTS-ES, Dolby A, Surround, Dolby Digital",113.8
25th_hour,25th Hour,85,79,R,"['Strong Language', 'Some Violence']",2003-01-10,2005-01-25,134,Drama,English,Spike Lee,"David Benioff,David Benioff",$13.1M,Touchstone Pictures,"Dolby SR, DTS, Dolby Stereo, Surround, SDDS, Dolby A, Dolby Digital",13.1
final_fantasy_the_spirits_within,Final Fantasy: The Spirits Within,48,44,PG-13,"['Sci-Fi Violence', 'Sci-Fi Action']",2001-07-11,2001-11-29,106,Sci-fi,English,Hironobu Sakaguchi,"Al Reinert,Jeff Vintar,Hironobu Sakaguchi",$32.1M,Columbia Pictures,"Dolby SR, DTS, Dolby Stereo, Surround, SDDS, Dolby A, Dolby Digital",32.1
robin_hood_2010,Robin Hood,58,43,PG-13,"['Some Sexual Content', 'Intense Sequences of Warfare', 'Violence']",2010-05-14,2010-09-21,139,Drama,English,Ridley Scott,Brian Helgeland,$105.2M,Universal Studios,"Dolby Digital, DTS, SDDS",105.2
strange_magic,Strange Magic,52,18,PG,"['Some Action', 'Scary Images']",2015-01-23,2015-05-19,99,Comedy,English,Gary Rydstrom,"David Berenbaum,Irene Mecchi,Gary Rydstrom",$12.4M,Walt Disney,Dolby Atmos,12.4
the_gambler_2015,The Gambler,31,43,R,"['Some Sexuality/Nudity', 'Language Throughout']",2015-01-01,2015-04-28,111,Drama,English,Rupert Wyatt,William Monahan,$33.7M,Paramount Pictures,"Datasat, Dolby Digital",33.7
interstellar_2014,Interstellar,86,72,PG-13,"['Some Intense Perilous Action', 'Brief Strong Language']",2014-11-07,2015-03-31,165,Sci-fi,English,Christopher Nolan,"Jonathan Nolan,Christopher Nolan",$188.0M,Paramount Pictures,"Dolby Digital, Datasat",188
cassandras_dream,Cassandra's Dream,49,46,PG-13,"['Thematic Elements', 'Some Sexual Material', 'Brief Violence']",2008-01-18,2008-05-27,108,Drama,English,Woody Allen,Woody Allen,$969.6K,Weinstein Co.,"Dolby SRD, DTS, SDDS",0.9696
enders-game,Ender's Game,65,62,PG-13,"['Some Violence', 'Sci-Fi Action', 'Thematic Material']",2013-11-01,2014-02-11,114,Sci-fi,English,Gavin Hood,Gavin Hood,$61.7M,Summit Entertainment,"Datasat, Dolby Digital",61.7
nightmare_before_christmas,The Nightmare Before Christmas,91,95,PG,['Some Scary Images'],1993-10-29,2000-10-03,75,Comedy,English,Henry Selick,"Michael McDowell,Caroline Thompson",$2.4M,Touchstone Pictures,"Dolby Stereo, Dolby Digital, Surround, Dolby SR",2.4
the_greatest_showman_2017,The Greatest Showman,86,56,PG,"['Thematic Elements', 'A Brawl']",2017-12-20,2018-04-10,105,Drama,English,Michael Gracey,"Jenny Bicks,Bill Condon",$174.0M,20th Century Fox,"Dolby Digital, Dolby Atmos",174
american_hustle,American Hustle,74,92,R,"['Pervasive Language', 'Brief Violence', 'Some Sexual Content']",2013-12-20,2014-03-18,138,Drama,English,David O. Russell,"Eric Warren Singer,David O. Russell",$150.1M,Sony Pictures Entertainment,"Datasat, SDDS, Dolby Digital",150.1
ghost_dog_the_way_of_the_samurai,Ghost Dog: The Way of the Samurai,86,83,R,"['Strong Violence', 'Language']",1999-05-18,2000-08-15,116,Drama,English,Jim Jarmusch,Jim Jarmusch,$3.3M,Artisan Entertainment,"Surround, Dolby Digital",3.3
vacation_2013,Vacation,45,27,R,"['Crude and Sexual Content', 'Brief Graphic Nudity', 'Language Throughout']",2015-07-29,2015-11-03,99,Comedy,English,"Jonathan M. Goldstein,John Francis Daley","Jonathan M. Goldstein,John Francis Daley",$58.9M,Warner Bros. Pictures,Dolby Digital,58.9
johnny_english,Johnny English,51,33,PG,"['Language', 'Comic Nudity', 'Some Crude Humor']",2003-07-18,2004-01-13,86,Comedy,English,Peter Howitt,"Neal Purvis,Robert Wade,Will Davies",$28.0M,Universal Pictures,"Dolby SR, DTS, Dolby Stereo, Surround, SDDS, Dolby A, Dolby Digital",28
super_troopers,Super Troopers,90,36,R,"['Language', 'Drug Use', 'Sexual Content']",2002-02-15,2003-10-14,103,Comedy,English,Jay Chandrasekhar,"Jay Chandrasekhar,Kevin Heffernan,Steve Lemme,Paul Soter,Erik Stolhanske",$18.5M,Fox,"Dolby Stereo, Dolby Digital, Dolby A, Dolby SR",18.5
made_of_honor,Made of Honor,55,16,PG-13,"['Sexual Content', 'Language']",2008-05-02,2008-09-16,101,Comedy,English,Paul Weiland,"Adam Sztykiel,Deborah Kaplan,Harry Elfont",$46.0M,Sony Pictures Entertainment,"Dolby SRD, DTS, SDDS",46
a_thousand_words,A Thousand Words,46,0,PG-13,"['Language', 'Dialogue', 'Sexual Situations', 'Some Drug-Related Humor']",2012-03-09,2012-06-26,91,Comedy,English,Brian Robbins,Steve Koren,$18.4M,Paramount Pictures,"Datasat, SDDS, Dolby Digital",18.4
mr_brooks,Mr. Brooks,76,55,R,"['Nudity', 'Language', 'Some Graphic Sexual Content', 'Strong Bloody Violence']",2007-06-01,2007-10-23,121,Drama,English,Bruce A. Evans,"Bruce A. Evans,Raynold Gideon",$28.5M,Metro-Goldwyn-Mayer,"SDDS, Dolby SRD",28.5
1213718-did_you_hear_about_the_morgans,Did You Hear About the Morgans?,27,12,PG-13,"['Violence', 'Some Sexual References']",2009-12-18,2010-03-16,103,Comedy,English,Marc Lawrence,Marc Lawrence,$29.6M,Sony Pictures Entertainment,"SDDS, Dolby Digital, DTS",29.6
imaginary_heroes,Imaginary Heroes,81,35,R,"['Sexual Content', 'Language', 'Some Violence', 'Substance Abuse']",2005-02-18,2005-06-07,112,Drama,English,Dan Harris,Dan Harris,$228.5K,Sony Pictures Classics,"Surround, Dolby SRD",0.2285
young_adam,Young Adam,49,62,NC-17,"['Some Disturbing Behavior', 'Language', 'Strong Sexual Content']",2003-05-16,2014-01-28,98,Drama,English,David Mackenzie,"David Mackenzie,Alexander Trocchi",$767.2K,Sony Pictures Classics,"Dolby A, Dolby Digital, Dolby Stereo, Dolby SR, Surround",0.7672
grudge_match_2014,Grudge Match,46,30,PG-13,"['Sexual Content', 'Language', 'Sports Action Violence']",2013-12-25,2014-03-18,113,Comedy,English,Peter Segal,"Tim Kelleher,Rodney Rothman",$29.8M,Warner Bros. Pictures,"Datasat, Dolby Digital",29.8
the_banshees_of_inisherin,The Banshees of Inisherin,75,96,R,"['Language Throughout', 'Brief Graphic Nudity', 'Some Violent Content']",2022-11-04,2022-12-13,109,Comedy,English,Martin McDonagh,Martin McDonagh,$10.6M,Searchlight Pictures,Dolby Digital,10.6
where_the_money_is,Where the Money Is,36,48,PG-13,['Sexual Content'],2000-04-14,2020-01-15,90,Drama,English,Marek Kanievska,"E. Max Frye,E. Max Frye,Topper Lilien,Carroll Cartwright",$5.7M,"USA Films, Universal Pictures","Surround, Dolby Digital, Dolby A, Dolby SR",5.7
big_daddy,Big Daddy,74,39,PG-13,"['Some Crude Humor', 'Language']",1999-06-25,2001-03-06,93,Comedy,English,Dennis Dugan,"Steve Franks,Steve Franks,Tim Herlihy,Adam Sandler",$163.5M,Columbia Pictures,"Surround, Dolby Stereo, DTS, SDDS",163.5
eight_below,Eight Below,79,73,PG,"['Some Peril', 'Brief Mild Language']",2006-02-17,2006-06-20,120,Drama,English,Frank Marshall,"Mike Rich,David DiGilio",$81.6M,Buena Vista Pictures,"SDDS, DTS, Surround",81.6
novocaine,Novocaine,38,38,R,"['Language', 'Drug Content', 'Sexuality', 'Violence']",2001-11-16,2002-04-23,94,Comedy,English,David Atkins,"Paul Felopulos,David Atkins,David Atkins",$2.0M,Artisan Entertainment,"Dolby SR, DTS, Dolby Stereo, Surround, Dolby A, Dolby Digital",2
citizen_ruth,Citizen Ruth,74,81,R,"['Substance Abuse', 'Strong Language', 'Sex Scene']",1996-12-13,2003-04-08,104,Comedy,English,Alexander Payne,"Alexander Payne,Jim Taylor",$278.5K,Miramax Films,"Surround, Dolby Stereo",0.2785
a_cure_for_wellness,A Cure for Wellness,42,42,R,"['Disturbing Violent Content', 'An Assault', 'Sexual Content', 'Disturbing Violent Images', 'Graphic Nudity', 'Language']",2017-02-17,2017-06-06,140,Drama,English,Gore Verbinski,Justin Haythe,$7.5M,20th Century Fox,Dolby Digital,7.5
owning_mahowny,Owning Mahowny,75,78,R,"['Some Sexuality', 'Language']",2003-05-02,2003-10-14,104,Drama,English,Richard Kwietniowski,"Maurice Chauvet,Gary Ross",$1.0M,Sony Pictures Classics,"Dolby Stereo, Dolby Digital, Dolby A, Surround, Dolby SR",1
marmaduke,Marmaduke,42,9,PG,"['Rude Humor', 'Language']",2010-06-04,2010-08-31,88,Comedy,English,Tom Dey,"Tim Rasmussen,Vince Di Meglio",$33.6M,20th Century Fox,"Dolby Digital, DTS",33.6
tortilla_soup,Tortilla Soup,71,74,PG-13,['Sexual Content'],2001-08-24,2002-01-15,102,Comedy,English,Maria Ripoll,"Vera Blasi,Tom Musca,Ramón Menéndez",$4.4M,Samuel Goldwyn Company,"Surround, Dolby SR, Dolby Digital, Dolby A, Dolby Stereo",4.4
the_nut_job_2_nutty_by_nature,The Nut Job 2: Nutty by Nature,44,14,PG,['Action and Some Rude Humor'],2017-08-11,2017-11-14,91,Comedy,English,Cal Brunker,"Scott Bindley,Cal Brunker,Bob Barlen",$28.3M,Open Road,Dolby Atmos,28.3
american_wedding,American Wedding,63,53,R,"['Language', 'Crude Humor', 'Sexual Content']",2003-08-01,2004-01-02,97,Comedy,English,Jesse Dylan,"Adam Herz,Adam Herz",$104.4M,Universal Pictures,"DTS, SDDS, Dolby Digital, Surround",104.4
3_strikes,3 Strikes,67,0,R,"['Language', 'Drug Use', 'Brief Violence', 'Strong Sexual Content']",2000-03-01,2017-11-01,82,Comedy,English,DJ Pooh,DJ Pooh,$9.8M,Metro-Goldwyn-Mayer,"Dolby Digital, Dolby, Surround",9.8
auto_focus,Auto Focus,61,71,R,"['Nudity', 'Language', 'Some Drug Use', 'Strong Sexuality', 'Violence']",2002-10-18,2003-03-18,104,Drama,English,Paul Schrader,Michael Gerbosi,$2.1M,Sony Pictures Classics,Surround,2.1
the_last_shot,The Last Shot,32,62,R,"['Some Sexual Content', 'Language']",2004-09-24,2005-05-10,93,Comedy,English,Jeff Nathanson,Jeff Nathanson,$463.7K,Buena Vista Pictures,Surround,0.4637
because_i_said_so,Because I Said So,65,4,PG-13,"['Partial Nudity', 'Dialogue', 'Sexual Content', 'Some Mature Thematic Material']",2007-02-02,2007-05-08,109,Comedy,English,Michael Lehmann,"Karen Leigh Hopkins,Jessie Nelson",$42.6M,Universal Pictures,"Dolby SRD, DTS, SDDS",42.6
16_blocks,16 Blocks,57,56,PG-13,"['Some Strong Language', 'Intense Sequences of Action', 'Violence']",2006-03-03,2006-06-13,102,Drama,English,Richard Donner,Richard Wenk,$36.9M,Warner Bros.,"Dolby SRD, DTS, SDDS",36.9
whats_your_number,What's Your Number?,44,23,R,"['Sexual Content', 'Language']",2011-09-30,2012-01-10,106,Comedy,English,Mark Mylod,"Gabrielle Allan,Jennifer Crittenden",$14.0M,20th Century Fox,"Dolby, DTS",14
better_luck_tomorrow,Better Luck Tomorrow,79,81,R,"['Violence', 'Drug Use', 'Sexuality', 'Language']",2003-04-11,2003-09-30,101,Drama,English,Justin Lin,"Justin Lin,Fabian Marquez,Ernesto Foronda",$3.8M,Paramount Pictures,"Dolby Stereo, Dolby Digital, Dolby A, Surround, Dolby SR",3.8
a_most_violent_year,A Most Violent Year,69,90,R,"['Some Violence', 'Language']",2014-12-31,2015-04-07,124,Drama,English,J.C. Chandor,J.C. Chandor,$5.7M,A24,Dolby Digital,5.7
matchstick_men,Matchstick Men,74,82,PG-13,"['Sexual Content', 'Language', 'Thematic Elements', 'Violence']",2003-09-12,2004-02-24,116,Comedy,English,Ridley Scott,"Ted Griffin,Nicholas Griffin,Eric Garcia",$36.9M,Warner Bros. Pictures,"Dolby SR, DTS, Dolby Stereo, Stereo, SDDS, Dolby A, Dolby Digital",36.9
newton_boys,The Newton Boys,44,65,PG-13,"['Violence', 'Language', 'Bloody Aftermath of a Shooting']",1998-03-27,1999-05-25,122,Drama,English,Richard Linklater,"Claude Stanush,Richard Linklater,Claude Stanush,Clark Walker",$10.3M,20th Century Fox,"Dolby Stereo, Dolby Digital, Dolby A, Surround, Dolby SR",10.3
cirque_du_soleil_worlds_away,Cirque du Soleil: Worlds Away,93,45,PG,"['Some Dramatic Images', 'Mild Sensuality']",2012-12-21,2013-03-12,87,Drama,English,Andrew Adamson,Andrew Adamson,$12.5M,Paramount Pictures,"DTS, Dolby Digital",12.5
star_wars_the_last_jedi,Star Wars: The Last Jedi,42,91,PG-13,"['Violence', 'Sequences of Sci-Fi Action']",2017-12-15,2018-03-27,152,Sci-fi,English,Rian Johnson,Rian Johnson,$620.2M,Walt Disney,"Dolby Digital, Dolby Atmos, DTS",620.2
new_york_minute,New York Minute,47,11,PG,"['Thematic Elements', 'Mild Sensuality']",2004-05-01,2004-08-17,91,Comedy,English,Dennie Gordon,Emily Fox,$14.0M,Warner Bros. Pictures,"Surround, Dolby SRD, DTS, SDDS",14
10012039-lottery_ticket,Lottery Ticket,44,34,PG-13,"['Drug Reference', 'Brief Underage Drinking', 'Language', 'Sexual Content', 'Some Violence']",2010-08-20,2010-11-16,99,Comedy,English,Erik White,Abdul Williams,$24.7M,Warner Bros. Pictures,"Dolby Digital, DTS, SDDS",24.7
2_guns,2 Guns,66,64,R,"['Language', 'Brief Nudity', 'Violence Throughout']",2013-08-02,2013-11-19,109,Comedy,English,Baltasar Kormákur,Blake Masters,$75.6M,Universal Pictures,"SDDS, Dolby Digital, DTS",75.6
hustle_and_flow,Hustle & Flow,82,82,R,"['Sex and Drug Content', 'Pervasive Language', 'Some Violence']",2005-07-22,2006-01-10,115,Drama,English,Craig Brewer,Craig Brewer,$22.2M,MTV Productions,"Dolby SRD, DTS, SDDS",22.2
forever_my_girl,Forever My Girl,79,24,PG,"['Language', 'Drinking', 'Thematic Elements']",2018-01-19,2018-04-24,108,Drama,English,Bethany Ashton Wolf,Bethany Ashton Wolf,$16.4M,"LD Entertainment, Roadside Attractions",Dolby Digital,16.4
the_founder,The Founder,82,81,PG-13,['Brief Strong Language'],2017-01-20,2017-04-18,115,Drama,English,John Lee Hancock,Robert D. Siegel,$12.8M,Weinstein Co.,Dolby Digital,12.8
sugar_and_spice,Sugar & Spice,42,28,PG-13,"['Some Thematic Elements', 'Sex-Related Humor', 'Language']",2001-01-26,2014-11-01,81,Comedy,English,Francine McDougall,Mandy Nelson,$13.3M,"New Line Cinema, New Line Home Video [us], Metropolitan Filmexport [fr], Eagle Pictures S.p.a. [it]","Dolby Digital, Dolby SR, SDDS, DTS, Dolby A",13.3
munich,Munich,83,78,R,"['Nudity', 'Language', 'Some Sexual Content', 'Strong Graphic Violence']",2006-01-06,2006-05-09,164,Drama,English,Steven Spielberg,"Tony Kushner,Charles Randolph,Eric Roth",$47.4M,DreamWorks SKG,"Dolby SRD, DTS, SDDS",47.4
hannibal_rising,Hannibal Rising,55,15,R,"['Some Language', 'Sexual References', 'Strong Grisly Violent Content']",2007-02-09,2007-02-06,121,Drama,English,Peter Webber,Thomas Harris,$27.7M,Metro-Goldwyn-Mayer,"Dolby SRD, DTS, SDDS",27.7
gone_girl,Gone Girl,87,88,R,"['Language', 'A Scene of Bloody Violence', 'Nudity', 'Some Strong Sexual Content']",2014-10-03,2015-01-13,149,Drama,English,David Fincher,Gillian Flynn,$167.8M,20th Century Fox,Dolby Digital,167.8
1212410-get_him_to_the_greek,Get Him to the Greek,62,73,R,"['Pervasive Language', 'Drug Use Throughout', 'Strong Sexual Content']",2010-06-04,2010-09-28,108,Comedy,English,Nicholas Stoller,"Nicholas Stoller,Rodney Rothman",$60.9M,Universal Pictures,"Dolby Digital, DTS, SDDS",60.9
birds_of_prey_2020,Birds of Prey (and the Fantabulous Emancipation of One Harley Quinn),78,78,R,"['Some Sexual and Drug Material', 'Language Throughout', 'Strong Violence']",2020-02-07,2020-03-23,109,Comedy,English,Cathy Yan,Christina Hodson,$84.1M,Warner Bros. Pictures,Dolby Atmos,84.1
to_rome_with_love,To Rome With Love,40,46,R,['Some Sexual References'],2012-07-06,2013-01-15,111,Comedy,English,Woody Allen,Woody Allen,$16.7M,Sony Pictures Classics,Dolby Digital,16.7
the_prince_and_me,The Prince & Me,59,28,PG,"['Some Sex-Related Material', 'Language']",2004-04-02,2004-08-10,110,Comedy,English,Martha Coolidge,"Jack Amiel,Michael Begler",$28.2M,Paramount Pictures,"Dolby SRD, DTS, Surround",28.2
battlefield_earth,Battlefield Earth,12,3,PG-13,['Sci-Fi Violence'],2000-05-12,2008-05-06,117,Sci-fi,English,Roger Christian,"L. Ron Hubbard,Corey Mandell,J.D. Shapiro",$21.5M,Warner Bros.,"SDDS, Dolby Digital, DTS, Surround, Dolby SR",21.5
gangster_squad_2012,Gangster Squad,57,30,R,"['Strong Violence', 'Language']",2013-01-11,2013-04-23,110,Drama,English,Ruben Fleischer,Will Beall,$46.0M,Warner Bros. Pictures,"Datasat, SDDS, Dolby Digital",46
solaris,Solaris,59,66,PG-13,"['Nudity', 'Brief Language', 'Sexuality', 'Thematic Elements']",2002-11-27,2003-07-29,99,Sci-fi,English,Steven Soderbergh,"Steven Soderbergh,Stanislaw Lem",$15.0M,20th Century Fox,"Dolby SR, DTS, Dolby Stereo, SDDS, DTS-ES, Dolby A, Surround, Dolby Digital",15
1190660-over_my_dead_body,Over Her Dead Body,42,14,PG-13,"['Sexual Content', 'Language']",2008-02-01,1992-06-02,95,Comedy,English,Jeff Lowell,Jeff Lowell,$7.6M,New Line Cinema,"Dolby SRD, DTS, SDDS",7.6
tomcats,Tomcats,42,14,R,"['Strong Sexual Content', 'Language']",2001-03-30,2001-08-14,95,Comedy,English,Gregory Poirier,Gregory Poirier,$13.6M,"Columbia Pictures, Sony Pictures Entertainment","Dolby SR, DTS, Dolby Stereo, Surround, SDDS, Dolby A, Dolby Digital",13.6
old_school,Old School,86,60,R,"['Nudity', 'Language', 'Some Strong Sexual Content']",2003-02-21,2003-06-10,90,Comedy,English,Todd Phillips,"Scot Armstrong,Todd Phillips",$74.6M,DreamWorks SKG,"Dolby A, Surround, Dolby Digital, Dolby Stereo, Dolby SR, SDDS, DTS",74.6
erin_brockovich,Erin Brockovich,81,85,R,['Language'],2000-03-17,2000-08-15,131,Drama,English,Steven Soderbergh,Susannah Grant,$125.5M,"Columbia Tristar, Universal Pictures","Surround, Dolby Digital, DTS, SDDS",125.5
fat_albert,Fat Albert,44,23,PG,['Momentary Language'],2004-12-25,2005-03-22,93,Comedy,English,Joel Zwick,"Lowell Ganz,Bill Cosby",$48.1M,20th Century Fox,"Surround, Dolby SRD, DTS",48.1
independence_day_resurgence,Independence Day: Resurgence,30,29,PG-13,"['Sequences of Sci-Fi Action', 'Destruction', 'Some Language']",2016-06-24,2016-10-18,120,Sci-fi,English,Roland Emmerich,"Roland Emmerich,Dean Devlin,Nicolas Wright,James A. Woods,James Vanderbilt",$103.1M,20th Century Fox,Dolby Atmos,103.1
the_addams_family_2019,The Addams Family,69,45,PG,"['Some Action', 'Macabre and Suggestive Humor']",2019-10-11,2019-10-11,87,Comedy,English,"Conrad Vernon,Greg Tiernan","Matt Lieberman,Erica Rivinoja",$673.0K,Metro-Goldwyn-Mayer,Dolby Atmos,0.673
bring_it_on,Bring It On,66,64,PG-13,"['Sex-Related Material', 'Language']",2000-08-25,2005-02-08,98,Comedy,English,Peyton Reed,Jessica Bendinger,$68.3M,Universal Pictures,"SDDS, Dolby Digital, DTS, Surround, Dolby SR",68.3
blue_crush,Blue Crush,58,62,PG-13,"['Language', 'Fight', 'Sexual Content', 'Teen Partying']",2002-08-16,2003-01-14,104,Drama,English,John Stockwell,"Lizzy Weiss,Lizzy Weiss,John Stockwell",$40.1M,Universal Pictures,"Dolby SR, DTS, Dolby Stereo, Surround, SDDS, Dolby A, Dolby EX, Dolby Digital",40.1
1114051-enough,Enough,67,22,PG-13,"['Language', 'Intense Scenes Domestic Viol.', 'Some Sensuality']",2002-05-24,2002-10-08,110,Drama,English,Michael Apted,Nicholas Kazan,$39.2M,Columbia Pictures,"Dolby Stereo, Dolby A, SDDS, DTS, Surround, Dolby Digital, Dolby SR",39.2
whats_the_worst_that_could_happen,What's the Worst That Could Happen?,35,10,PG-13,"['Sexual Content', 'Language']",2001-06-01,2002-01-01,97,Comedy,English,Sam Weisman,"Matthew Chapman,Donald E. Westlake",$32.3M,Metro-Goldwyn-Mayer,"Dolby Stereo, DTS, DTS-ES, Surround, SDDS, Dolby Digital, Dolby SR",32.3
avatar_the_way_of_water,Avatar: The Way of Water,92,76,PG-13,"['Partial Nudity', 'Intense Action', 'Sequences of Strong Violence', 'Some Strong Language']",2022-12-16,2023-03-28,192,Sci-fi,English,James Cameron,"James Cameron,Rick Jaffa,Amanda Silver",$678.3M,20th Century Studios,Dolby Atmos,678.3
starsky_and_hutch,Starsky & Hutch,49,63,PG-13,"['Language', 'Drug Content', 'Partial Nudity', 'Sexual Situations', 'Some Violence']",2004-03-05,2004-07-20,101,Comedy,English,Todd Phillips,"Todd Phillips,John O'Brien,Scot Armstrong,Stevie Long",$88.2M,Warner Bros. Pictures,"Surround, Dolby SRD, DTS, SDDS",88.2
cats_and_dogs,Cats & Dogs,32,53,PG,"['Animal Humor', 'Animal Action']",2001-07-04,2001-10-16,87,Comedy,English,Lawrence Guterman,"John Requa,Glenn Ficarra",$93.4M,Warner Bros. Pictures,"Dolby SR, DTS, Dolby Stereo, Surround, SDDS, Dolby A, Dolby Digital",93.4
girl_with_a_pearl_earring,Girl With a Pearl Earring,68,73,PG-13,['Some Sexual Content'],2004-01-09,2004-05-04,99,Drama,English,Peter Webber,Olivia Hetreed,$11.6M,Lionsgate Films,Surround,11.6
1127787-big_fish,Big Fish,89,75,PG-13,"['Some Nudity', 'Fight', 'Suggestive Reference']",2004-01-09,2004-04-27,125,Drama,English,Tim Burton,John August,$66.3M,"Columbia Pictures, Sony Pictures Entertainment","Surround, Dolby SR, Dolby Digital, Dolby A, Dolby Stereo",66.3
ladder_49,Ladder 49,81,41,PG-13,"['Language', 'Intense Fire/Rescue Situations']",2004-10-01,2006-02-05,114,Drama,English,Jay Russell,Lewis Colick,$74.5M,Buena Vista Pictures,"Surround, Dolby SRD, DTS, SDDS",74.5
star_trek_into_darkness,Star Trek Into Darkness,89,84,PG-13,"['Intense Seq. of Sci-Fi Violenc', 'Intense Seq. of Sci-Fi Action']",2013-05-16,2013-09-10,132,Sci-fi,English,J.J. Abrams,"Alex Kurtzman,Roberto Orci,Damon Lindelof",$228.8M,Paramount Pictures,"Dolby Atmos, Datasat",228.8
random_hearts,Random Hearts,24,15,R,"['Language', 'Brief Violence', 'Sexuality']",1999-10-08,2000-02-29,133,Drama,English,Sydney Pollack,"Daniel Poniscan,Kurt Luedtke",$31.1M,"Columbia Pictures, Sony Pictures Entertainment","Dolby SR, DTS, Dolby Stereo, Surround, SDDS, Dolby A, Dolby Digital",31.1
get_out,Get Out,86,98,R,"['Language', 'Bloody Images', 'Sexual References', 'Violence']",2017-02-24,2017-05-23,104,Comedy,English,Jordan Peele,Jordan Peele,$176.0M,Universal Pictures,"Dolby Digital, DTS, SDDS",176
new_york_i_love_you,"New York, I Love You",37,37,R,"['Sexual Content', 'Language']",2009-10-16,2010-02-02,103,Drama,English,"Fatih Akin,Yvan Attal,Allen Hughes,Shunji Iwai","Hall Powell,Israel Horovitz,James C. Strouse,Shunji Iwai",$1.6M,Vivendi Entertainment,Dolby Digital,1.6
kingdom_of_heaven,Kingdom of Heaven,72,39,R,"['Strong Violence', 'Epic Warfare']",2005-05-06,2005-10-11,145,Drama,English,Ridley Scott,William Monahan,$47.4M,20th Century Fox,"Surround, DTS, Dolby SRD",47.4
head_of_state,Head of State,46,30,PG-13,"['Language', 'Drug References', 'Some Sexuality']",2003-03-28,2003-08-12,95,Comedy,English,Chris Rock,"Chris Rock,Ali LeRoi",$37.8M,DreamWorks SKG,"Dolby SR, DTS, Dolby Stereo, Surround, SDDS, Dolby A, Dolby Digital",37.8
x_men_days_of_future_past,X-Men: Days of Future Past,91,90,PG-13,"['Intense Sci-Fi Violence', 'Intense Sci-Fi Action', 'Language', 'Nudity', 'Some Suggestive Material']",2014-05-23,2014-10-14,131,Sci-fi,English,Bryan Singer,Simon Kinberg,$233.9M,20th Century Fox,"Dolby Atmos, Datasat",233.9
alex_and_emma,Alex & Emma,41,11,PG-13,"['Some Language', 'Sexual Content']",2003-06-20,2003-12-23,96,Comedy,English,Rob Reiner,Jeremy Leven,$14.2M,Warner Bros. Pictures,Surround,14.2
worlds_fastest_indian,The World's Fastest Indian,89,82,PG-13,"['Drug Use', 'Brief Language', 'Sexual Reference']",2005-12-07,2006-06-13,127,Drama,English,Roger Donaldson,Roger Donaldson,$5.1M,Magnolia Pictures,Dolby Digital,5.1
hearts_in_atlantis,Hearts in Atlantis,64,49,PG-13,"['Violence', 'Thematic Elements']",2001-09-28,2002-02-12,101,Drama,English,Scott Hicks,"William Goldman,Stephen King",$24.2M,Warner Bros. Pictures,"Dolby SR, DTS, Dolby Stereo, Surround, SDDS, Dolby A, Dolby Digital",24.2
i_give_it_a_year,I Give It a Year,38,51,R,"['Sexual Content', 'Language', 'Some Graphic Nudity']",2013-08-09,2013-10-22,97,Comedy,English,Dan Mazer,Dan Mazer,$32.5K,Magnolia Pictures,Dolby Digital,0.0325
napoleon_dynamite,Napoleon Dynamite,74,72,PG,"['Thematic Elements', 'Language']",2004-01-17,2004-12-21,86,Comedy,English,Jared Hess,"Jared Hess,Jerusha Hess",$44.5M,Fox,Surround,44.5
four_brothers,Four Brothers,80,52,R,"['Strong Violence', 'Pervasive Language']",2005-08-12,2005-12-20,108,Drama,English,John Singleton,"David Elliot,Paul Lovett",$74.5M,Paramount Pictures,"Dolby SRD, DTS, Surround",74.5
rushmore,Rushmore,91,90,R,"['Language', 'Brief Nudity']",1999-02-05,2000-01-18,93,Comedy,English,Wes Anderson,"Owen Wilson,Wes Anderson",$17.1M,Touchstone Pictures,"Dolby SR, DTS, Dolby Stereo, SDDS, DTS-ES, Dolby A, Surround, Dolby Digital",17.1
hollow_man,Hollow Man,28,26,R,"['Nudity', 'Language', 'Some Sexuality', 'Violence']",2000-08-04,2002-05-28,113,Sci-fi,English,Paul Verhoeven,"Andrew W. Marlowe,Gary Scott Thompson,Andrew W. Marlowe",$73.2M,"Sony Pictures Entertainment, Columbia TriStar Home Video, Columbia Pictures","Surround, Dolby Digital, DTS, SDDS",73.2
the_beach_bum_2019,The Beach Bum,32,57,R,"['Nudity', 'Language Throughout', 'Pervasive Drug and Alcohol Use', 'Some Strong Sexual Content']",2019-03-29,2019-06-18,95,Comedy,English,Harmony Korine,Harmony Korine,$3.5M,"Neon, Vice Studios",Dolby Atmos,3.5
shaun_of_the_dead,Shaun of the Dead,93,92,R,"['Language', 'Gore', 'Zombie Violence']",2004-04-09,2004-12-21,97,Comedy,English,Edgar Wright,"Simon Pegg,Edgar Wright",$13.5M,Focus Features,"Surround, Dolby SRD, DTS, SDDS",13.5
eye_of_god,Eye of God,80,75,R,"['Depiction of Abortion', 'Violence', 'Language']",1997-10-17,2003-03-18,84,Drama,English,Tim Blake Nelson,Tim Blake Nelson,$85.7K,Castle Hill,Surround,0.0857
horrible_bosses,Horrible Bosses,70,69,R,"['Pervasive Language', 'Crude and Sexual Content', 'Some Drug Material']",2011-07-08,2011-10-11,98,Comedy,English,Seth Gordon,"Michael Markowitz,John Francis Daley,Jonathan M. Goldstein",$117.5M,Warner Bros. Pictures,"SDDS, Dolby Digital",117.5
the_heat,The Heat,71,66,R,"['Some Violence', 'Pervasive Language', 'Strong Crude Content']",2013-06-28,2013-10-01,117,Comedy,English,Paul Feig,Katie Dippold,$159.6M,20th Century Fox,"SDDS, Dolby Stereo, Datasat",159.6
wonderstruck,Wonderstruck,55,68,PG,"['Thematic Elements', 'Smoking']",2017-10-20,2018-01-02,117,Drama,English,Todd Haynes,Brian Selznick,$1.0M,"Amazon Studios, Roadside Attractions",Dolby Digital,1
the_fighter_2011,The Fighter,89,91,R,"['Language Throughout', 'Drug Content', 'Sexuality', 'Some Violence']",2010-12-17,2011-03-15,116,Drama,English,David O. Russell,"Scott Silver,Paul Tamasy,Eric Johnson",$93.6M,Paramount Pictures,"Dolby Digital, DTS",93.6
john_tucker_must_die,John Tucker Must Die,69,27,PG-13,"['Sexual Content', 'Language']",2006-07-28,2006-11-14,89,Comedy,English,Betty Thomas,Jeff Lowell,$41.0M,20th Century Fox,"Dolby SRD, DTS, SDDS, Dolby Digital",41
american_psycho,American Psycho,85,68,R,"['Language', 'Drug Use', 'Strong Violence']",2000-04-14,2005-06-21,103,Comedy,English,Mary Harron,"Bret Easton Ellis,Mary Harron,Guinevere Turner",$15.0M,Lionsgate Films,"Dolby Digital, Dolby SR, Dolby Stereo, Dolby A",15
alpha_2018,Alpha,71,80,PG-13,['Some Intense Peril'],2018-08-17,2018-03-17,97,Drama,English,Albert Hughes,Dan Wiedenhaupt,$35.9M,"Sony Pictures Entertainment, Columbia Pictures",Dolby Atmos,35.9
held_up,Held Up,42,17,PG-13,"['Sensuality', 'Language', 'Violence']",2000-05-12,2002-05-07,89,Comedy,English,Steve Rash,"Jeff Eastin,Erik Fleming,Jeff Eastin",$4.7M,Trimark Pictures,"Surround, Dolby SR, Dolby Digital",4.7
zookeeper,Zookeeper,41,14,PG,"['Some Rude/Suggestive Humor', 'Language']",2011-07-08,2011-10-11,101,Comedy,English,Frank Coraci,"Nick Bakay,Rock Reuben,Kevin James,Jay Scherick,David Ronn",$80.4M,Sony Pictures Entertainment,"SDDS, Dolby Digital, DTS",80.4
the_interview_2014,The Interview,48,52,R,"['Crude and Sexual Humor', 'Bloody Violence', 'Nudity', 'Pervasive Language', 'Some Drug Use']",2015-01-02,2015-02-17,111,Comedy,English,"Seth Rogen,Evan Goldberg",Dan Sterling,$6.1M,Sony Pictures Entertainment,"Datasat, Dolby Digital",6.1
judy_moody_and_the_not_bummer_summer,Judy Moody and the NOT Bummer Summer,41,21,PG,"['Some Mild Rude Humor', 'Language']",2011-06-10,2011-10-11,87,Comedy,English,John Schultz,"Kathy Waugh,Megan McDonald",$15.0M,Relativity Media,"SDDS, Dolby Digital, DTS",15
alpha_and_omega,Alpha and Omega,41,19,PG,"['Some Mild Action', 'Rude Humor']",2010-09-17,2011-01-11,88,Comedy,English,"Anthony Bell,Ben Gluck","Chris Denk,Steve Moore",$25.1M,Lionsgate Films,Dolby Digital,25.1
1095420-high_fidelity,High Fidelity,90,91,R,"['Some Sexuality', 'Language']",2000-03-31,2003-04-08,113,Comedy,English,Stephen Frears,"Nick Hornby,D.V. DeVincentis,Steve Pink,John Cusack,Scott Rosenberg",$27.3M,Touchstone Pictures,"Dolby Stereo, DTS, SDDS, Surround, Dolby Digital, Dolby SR",27.3
nine_lives_2016,Nine Lives,41,14,PG,"['Some Rude Humor', 'Language', 'Thematic Elements']",2016-08-05,2016-11-08,89,Comedy,English,Barry Sonnenfeld,"Gwyn Lurie,Matt Allen,Caleb Wilson,Dan Antoniazzi,Ben Shiffrin",$19.6M,EuropaCorp,Dolby Digital,19.6
mistress_america,Mistress America,66,82,R,"['Some Sexual References', 'Language']",2015-09-04,2015-12-01,84,Comedy,English,Noah Baumbach,"Noah Baumbach,Greta Gerwig",$2.4M,Fox Searchlight,Dolby Digital,2.4
darkest_hour_2017,Darkest Hour,82,84,PG-13,['Some Thematic Material'],2017-12-22,2018-02-27,125,Drama,English,Joe Wright,Anthony McCarten,$56.3M,Focus Features,Dolby Atmos,56.3
frozen_ii,Frozen II,92,77,PG,"['Some Thematic Elements', 'Action/Peril']",2019-11-22,2019-11-22,103,Comedy,English,"Chris Buck,Jennifer Lee",Jennifer Lee,$477.4M,Walt Disney,"DTS, Dolby Atmos",477.4
north_country,North Country,76,69,R,"['Sexual Dialogue', 'Language', 'Sexual Harassment', 'Sexual Violence']",2005-10-21,2006-02-21,126,Drama,English,Niki Caro,Michael Seitzman,$18.3M,Warner Bros.,"Surround, Dolby SRD, DTS, SDDS",18.3
victoria_and_abdul,Victoria & Abdul,68,66,PG-13,"['Some Thematic Elements', 'Language']",2017-10-06,2017-12-19,110,Drama,English,Stephen Frears,Lee Hall,$22.2M,Focus Features,Dolby Digital,22.2
wedding_singer,The Wedding Singer,80,72,PG-13,"['Sex-Related Material', 'Language']",1998-02-13,2005-05-10,96,Comedy,English,Frank Coraci,Tim Herlihy,$80.2M,New Line Cinema,"Dolby SR, DTS, SDDS, Surround, Dolby A, Dolby Digital",80.2
bad_santa_2,Bad Santa 2,34,23,R,"['Language Throughout', 'Crude Sexual Content', 'Some Graphic Nudity']",2016-11-23,2017-02-21,92,Comedy,English,Mark Waters,"Johnny Rosenthal,Shauna Cross",$17.7M,Broad Green Pictures,Dolby Digital,17.7
deadpool,Deadpool,90,85,R,"['Language Throughout', 'Graphic Nudity', 'Sexual Content', 'Strong Violence']",2016-02-12,2016-05-10,108,Comedy,English,Tim Miller,"Rhett Reese,Paul Wernick",$363.1M,20th Century Fox,Dolby Atmos,363.1
longest_yard,The Longest Yard,62,31,PG-13,"['Drug References', 'Crude and Sexual Humor', 'Language', 'Violence']",2005-05-27,2005-09-20,113,Comedy,English,Peter Segal,Sheldon Turner,$158.1M,"Paramount Pictures, Sony Pictures Entertainment","Surround, DTS, Dolby SRD",158.1
gladiator,Gladiator,87,79,R,['Intense Graphic Combat'],2000-05-05,2000-09-26,154,Drama,English,Ridley Scott,"David Franzoni,John Logan,William Nicholson,David Franzoni",$187.7M,"Universal Pictures, DreamWorks SKG","Dolby Digital, Dolby EX, Dolby SR, SDDS, Dolby Stereo, Surround, DTS",187.7
inlaws,The In-Laws,40,33,PG-13,"['Drug References', 'Action/Violence', 'Language', 'Suggestive Humor']",2003-05-23,2003-10-07,98,Comedy,English,Andrew Fleming,"Ed Solomon,Nat Mauldin",$20.4M,Warner Bros. Pictures,"Dolby SR, DTS, Dolby Stereo, Surround, SDDS, Dolby A, Dolby Digital",20.4
hot_rod,Hot Rod,64,39,PG-13,"['Crude Humor', 'Comic Drug-Related Content', 'Language', 'Some Comic Violent Content']",2007-08-03,2007-11-27,88,Comedy,English,Akiva Schaffer,Pam Brady,$13.9M,Paramount Pictures,"Dolby SRD, DTS, SDDS",13.9
dark_city,Dark City,85,75,R,"['Violent Images', 'Some Sexuality']",1998-02-20,2010-04-13,101,Sci-fi,English,Alex Proyas,"Alex Proyas,Alex Proyas,Lem Dobbs,David S. Goyer",$14.3M,New Line Cinema,"Dolby Stereo, Dolby A, SDDS, Surround, Dolby Digital, Dolby SR",14.3
the_night_listener,The Night Listener,35,40,R,"['Language', 'Disquieting Sexual Content']",2006-08-04,2007-01-09,91,Drama,English,Patrick Stettner,"Armistead Maupin,Terry Anderson,Patrick Stettner",$7.8M,Miramax Films,"Dolby SRD, Dolby Digital",7.8
war_for_the_planet_of_the_apes,War for the Planet of the Apes,84,94,PG-13,"['Sequences of Sci-Fi Violence', 'Action', 'Some Disturbing Images', 'Thematic Elements']",2017-07-14,2017-10-24,142,Sci-fi,English,Matt Reeves,"Matt Reeves,Mark Bomback",$146.8M,20th Century Fox,Dolby Atmos,146.8
jackass_the_movie,Jackass: The Movie,75,49,R,"['Extremely Crude Stunts', 'Dangerous Stunts', 'Language', 'Nudity']",2002-10-18,2005-12-06,84,Comedy,English,Jeff Tremaine,"Jeff Tremaine,Spike Jonze,Johnny Knoxville",$64.3M,Paramount Pictures,"Surround, Dolby SR, Dolby Digital, Dolby A, Dolby Stereo",64.3
daddys_home_2014,Daddy's Home,49,30,PG-13,"['Language', 'Crude and Suggestive Content', 'Thematic Elements']",2015-12-25,2016-01-11,96,Comedy,English,Sean Anders,"Brian Burns,Sean Anders,John Morris",$150.3M,Paramount Pictures,Dolby Digital,150.3
charlie_and_the_chocolate_factory,Charlie and the Chocolate Factory,51,83,PG,"['Mild Language', 'Action', 'Quirky Situations']",2005-07-15,2005-11-08,115,Comedy,English,Tim Burton,"John August,Roald Dahl",$206.5M,Warner Bros. Pictures,"Dolby SRD, DTS, SDDS",206.5
jersey_boys,Jersey Boys,62,51,R,['Language Throughout'],2014-06-20,2014-11-11,132,Drama,English,Clint Eastwood,"Marshall Brickman,Rick Elice",$47.0M,Warner Bros. Pictures,"Dolby Digital, Datasat",47
urbania-2001,Urbania,71,72,R,"['Strong Sexual Content', 'Some Drug Use', 'Language', 'Strong Violence']",2000-01-24,2001-03-13,107,Drama,English,Jon Shear,"Daniel Reitz,Daniel Reitz,Jon Shear",$1.0M,"Lionsgate Films, here! Films",Stereo,1
solo_a_star_wars_story,Solo: A Star Wars Story,63,69,PG-13,"['Violence', 'Sequences of Sci-Fi Action']",2018-05-25,2018-09-25,135,Sci-fi,English,Ron Howard,"Jonathan Kasdan,Lawrence Kasdan",$213.8M,Walt Disney,"Dolby Atmos, Dolby Digital, DTS",213.8
bend_it_like_beckham,Bend It Like Beckham,73,85,PG-13,"['Sexual Content', 'Language']",2003-03-12,2003-09-30,112,Comedy,English,Gurinder Chadha,"Paul Mayeda Berges,Gurinder Chadha,Guljit Bindra",$32.5M,Fox,"Dolby Stereo, Dolby Digital, Dolby A, Surround, Dolby SR",32.5
the_ides_of_march,The Ides of March,73,83,R,['Pervasive Language'],2011-10-07,2012-01-17,100,Drama,English,George Clooney,"George Clooney,Grant Heslov,Beau Willimon",$41.0M,Sony Pictures Entertainment,"SDDS, Dolby Digital",41
crazy-beautiful,Crazy/Beautiful,69,63,PG-13,"['Language', 'Drug/Alcohol Content', 'Mature Thematic Material', 'Sexuality']",2001-06-29,2003-07-01,99,Drama,English,John Stockwell,"Phil Hay,Matt Manfredi",$16.9M,Touchstone Pictures,"Dolby SR, DTS, Dolby Stereo, Surround, SDDS, Dolby A, Dolby Digital",16.9
in_time,In Time,51,37,PG-13,"['Partial Nudity', 'Brief Strong Language', 'Some Sexuality', 'Violence']",2011-10-28,2012-01-31,109,Sci-fi,English,Andrew Niccol,Andrew Niccol,$37.6M,20th Century Fox,Dolby,37.6
ride_along_2014,Ride Along,58,18,PG-13,"['Sequences of Violence', 'Brief Strong Language', 'Sexual Content']",2014-01-17,2014-04-15,99,Comedy,English,Tim Story,"Greg Coolidge,Jason Mantzoukas,Phil Hay,Matt Manfredi",$134.1M,Universal Pictures,"Datasat, SDDS, Dolby Digital",134.1
the_war_within,The War Within,64,72,R,"['Violent Images', 'Some Language', 'Nudity']",2005-09-30,2006-01-31,100,Drama,English,Joseph Castelo,"Joseph Castelo,Tom Glynn",$73.8K,Magnolia Pictures,Surround,0.07379999999999999
children_of_men,Children of Men,85,92,R,"['Language', 'Brief Nudity', 'Some Drug Use', 'Strong Violence']",2006-12-25,2008-09-23,109,Sci-fi,English,Alfonso Cuarón,"Alfonso Cuarón,David Arata,Timothy J. Sexton,Hawk Ostby,Mark Fergus",$35.3M,Universal Pictures,"Dolby SRD, DTS, SDDS",35.3
beast_2022,Beast,77,68,R,"['Some Language', 'Bloody Images', 'Violent Content']",2022-08-19,2022-10-07,93,Drama,English,Baltasar Kormákur,Ryan Engle,$31.8M,Universal Pictures,"Dolby Atmos, Dolby Digital",31.8
1100318-circus,Circus,46,9,R,"['Strong Violence', 'Sexuality', 'Language']",2000-09-15,2001-11-29,95,Drama,English,Rob Walker,David Logan,$8.4K,"Sony Pictures Entertainment, Columbia Pictures","Dolby Stereo, Surround, SDDS",0.008400000000000001
cq,CQ,69,66,R,"['Some Nudity', 'Language']",2001-05-12,2002-09-10,91,Comedy,English,Roman Coppola,Roman Coppola,$411.0K,"United Artists, MGM Home Entertainment","Dolby SR, DTS, Dolby Stereo, Surround, Dolby A, Dolby Digital",0.411
killers_2010,Killers,41,10,PG-13,"['Sexual Material', 'Language', 'Violent Action']",2010-06-04,2010-09-07,100,Comedy,English,Robert Luketic,"Bob DeRosa,Bob DeRosa,Ted Griffin",$47.0M,Lionsgate Films,"SDDS, Dolby Digital, DTS",47
the_hangover_part_iii,The Hangover Part III,44,20,R,"['Drug Content', 'Brief Graphic Nudity', 'Pervasive Language', 'Sexual References', 'Some Violence']",2013-05-23,2013-10-08,100,Comedy,English,Todd Phillips,"Todd Phillips,Craig Mazin",$112.2M,Warner Bros. Pictures,"Datasat, SDDS, Dolby Digital",112.2
1113375-showtime,Showtime,25,25,PG-13,"['Language', 'Action/Violence', 'Some Drug Content']",2002-03-15,2002-08-13,95,Comedy,English,Tom Dey,"Alfred Gough,Miles Millar,Keith Sharon",$37.9M,Warner Bros. Pictures,"Dolby SR, DTS, Dolby Stereo, Surround, SDDS, Dolby A, Dolby Digital",37.9
far_from_heaven,Far From Heaven,79,87,PG-13,"['Language', 'Brief Violence', 'Mature Thematic Elements', 'Sexual Content']",2002-11-22,2003-04-01,107,Drama,English,Todd Haynes,Todd Haynes,$15.9M,Focus Features,"Surround, Dolby SR, Dolby A, Dolby Stereo",15.9
emperors_new_clothes,The Emperor's New Clothes,63,73,PG,['Brief Language'],2002-06-14,2002-12-10,106,Comedy,English,Alan Taylor,"Simon Leys,Kevin Molony,Alan Taylor,Herbie Wave",$569.4K,Paramount Pictures,"Dolby Stereo, Dolby Digital, Dolby A, Surround, Dolby SR",0.5694
only_the_brave_2017,Only the Brave,91,87,PG-13,"['Language', 'Drug Material', 'Some Sexual References', 'Thematic Content']",2017-10-20,2018-02-06,134,Drama,English,Joseph Kosinski,"Ken Nolan,Eric Warren Singer",$18.1M,Sony Pictures Entertainment,Dolby Atmos,18.1
bee_season,Bee Season,35,43,PG-13,"['Scene of Sensuality', 'Brief Strong Language', 'Thematic Elements']",2005-11-11,2006-04-04,105,Drama,English,"Scott McGehee,David Siegel","Scott McGehee,David Siegel,Naomi Foner",$1.2M,Fox,Surround,1.2
beer_league,Beer League,58,27,R,"['Nudity', 'Nonstop Language', 'Drug Use', 'Sexuality', 'Strong Sexual References']",2006-09-15,2007-01-02,86,Comedy,English,Frank Sebastiano,"Frank Sebastiano,Artie Lange",$475.0K,Echo Bridge,Dolby Digital,0.475
northfork,Northfork,66,57,PG-13,['Brief Sexuality'],2003-07-11,2003-12-30,103,Drama,English,Michael Polish,"Michael Polish,Mark Polish",$1.4M,"Romano Shane Productions, Paramount Pictures","Dolby Stereo, Dolby Digital, Dolby A, Surround, Dolby SR",1.4
no_country_for_old_men,No Country for Old Men,86,93,R,"['Strong Graphic Violence', 'Some Language']",2007-11-21,2008-03-11,122,Drama,English,"Joel Coen,Ethan Coen","Joel Coen,Ethan Coen",$74.3M,Miramax Films,"Dolby Digital, DTS, SDDS",74.3
cloudy_with_a_chance_of_meatballs_2_2013,Cloudy With a Chance of Meatballs 2,66,71,PG,['Mild Rude Humor'],2013-09-27,2014-01-28,95,Comedy,English,"Cody Cameron,Kris Pearn","Erica Rivinoja,John Francis Daley,Jonathan M. Goldstein",$119.8M,Sony Pictures Entertainment,"Dolby Digital, SDDS, Datasat",119.8
the_three_musketeers_2011,The Three Musketeers,39,26,PG-13,['Adventure Action Violence'],2011-10-21,2011-10-25,110,Drama,English,Paul W.S. Anderson,Alex Litvak,$20.4M,Summit Entertainment,Dolby Digital,20.4
anamorph,Anamorph,24,27,R,"['Some Violence', 'Language', 'Disturbing Grisly Images']",2008-04-16,2008-10-07,104,Drama,English,H.S. Miller,"H.S. Miller,Tom Phelan",$5.9K,IFC First Take,"SDDS, Dolby Digital, DTS",0.005900000000000001
the_batman,The Batman,87,85,PG-13,"['Some Suggestive Material', 'Drug Content', 'Strong Disturbing Content', 'Strong Language', 'Strong Violent Content']",2022-03-04,2022-04-19,176,Drama,English,Matt Reeves,"Matt Reeves,Peter Craig",$369.3M,Warner Bros. Pictures,"Dolby Digital, Dolby Atmos, SDDS",369.3
1095081-boiler_room,Boiler Room,78,66,R,"['Strong Language', 'Drug Content']",2000-02-18,2000-07-11,120,Drama,English,Ben Younger,Ben Younger,$16.9M,New Line Cinema,"SDDS, Dolby Digital, DTS, Surround",16.9
star_wars_episode_iii_revenge_of_the_sith,Star Wars: Episode III -- Revenge of the Sith,66,79,PG-13,"['Some Intense Images', 'Sci-Fi Violence']",2005-05-19,2005-11-01,140,Sci-fi,English,George Lucas,George Lucas,$380.3M,20th Century Fox,"Surround, Dolby SRD, DTS, SDDS",380.3
corky_romano,Corky Romano,39,7,PG-13,"['Language', 'Drug Related Humor', 'Sex-Related Humor']",2001-10-12,2003-02-04,86,Comedy,English,Rob Pritts,"David Garrett,Jason Ward",$24.0M,Touchstone Pictures,"Dolby Stereo, Dolby A, SDDS, DTS, Surround, Dolby Digital, Dolby SR",24
rv,RV,45,24,PG,"['Innuendo', 'Crude Humor', 'Language']",2006-04-28,2006-08-15,98,Comedy,English,Barry Sonnenfeld,Geoff Rodkey,$71.4M,Sony Pictures Entertainment,"Dolby SRD, DTS, SDDS",71.4
transformers_age_of_extinction,Transformers: Age of Extinction,50,17,PG-13,"['Language', 'Brief Innuendo', 'Sci-Fi Violence and Action']",2014-06-27,2014-09-30,165,Sci-fi,English,Michael Bay,Ehren Kruger,$245.4M,Paramount Pictures,"Datasat, Dolby Atmos",245.4
x_men_3_the_last_stand,X-Men: The Last Stand,61,57,PG-13,"['Language', 'Intense Action Violence', 'Some Sexual Content']",2006-05-26,2006-10-03,105,Sci-fi,English,Brett Ratner,"Zak Penn,Simon Kinberg",$234.4M,20th Century Fox,"Dolby SRD, DTS, SDDS",234.4
lucky_you,Lucky You,28,28,PG-13,"['Some Language', 'Sexual Humor']",2007-05-04,2007-09-18,124,Drama,English,Curtis Hanson,"Eric Roth,Curtis Hanson",$5.8M,Warner Bros.,"SDDS, Dolby SRD, DTS",5.8
timecode,Timecode,48,68,R,"['Sexuality', 'Language', 'Drug Use', 'Violence']",2000-04-28,2000-12-26,97,Drama,English,Mike Figgis,Mike Figgis,$945.0K,"Screen Gems, Columbia TriStar Domestic Television, Columbia TriStar Home Video","Dolby Stereo, DTS, SDDS, Surround, Dolby Digital, Dolby SR",0.945
sicario_2015,Sicario,85,92,R,"['Language', 'Grisly Images', 'Strong Violence']",2015-10-02,2016-01-05,121,Drama,English,Denis Villeneuve,Taylor Sheridan,$46.9M,Lionsgate Films,Dolby Digital,46.9
10004504-ultraviolet,Ultraviolet,30,9,PG-13,"['Partial Nudity', 'Language', 'Violent Action Throughout']",2006-03-03,2006-06-27,88,Sci-fi,English,Kurt Wimmer,Kurt Wimmer,$18.5M,Sony Pictures Entertainment,"SDDS, DTS, Dolby SRD",18.5
the_lego_ninjago_movie,The LEGO NINJAGO Movie,46,55,PG,"['Some Mild Action', 'Rude Humor']",2017-09-22,2017-12-19,101,Comedy,English,"Charlie Bean,Paul Fisher,Bob Logan","Bob Logan,Paul Fisher,William Wheeler,Tom Wheeler,Jared Stern,John Whittington",$59.3M,Warner Bros. Pictures,"Dolby Atmos, Dolby Digital, DTS, SDDS",59.3
life_2017,Life,54,67,R,"['Some Sci-Fi Violence', 'Language Throughout', 'Terror']",2017-03-24,2017-06-20,103,Sci-fi,English,Daniel Espinosa,"Rhett Reese,Paul Wernick",$30.2M,Sony Pictures Entertainment,"DTS, Dolby Atmos, Dolby Digital",30.2
pacific_rim_2013,Pacific Rim,77,72,PG-13,"['Intense Sci-Fi Action/Violence', 'Brief Language']",2013-07-12,2013-10-15,131,Sci-fi,English,Guillermo del Toro,"Travis Beacham,Guillermo del Toro",$101.8M,Warner Bros. Pictures,"Dolby Atmos, Dolby Digital, Datasat, SDDS",101.8
man_who_wasnt_there,The Man Who Wasn't There,85,81,R,['Scene of Violence'],2001-10-31,2002-10-01,116,Drama,English,Joel Coen,"Joel Coen,Ethan Coen",$7.5M,USA Films,"Dolby Stereo, Dolby Digital, Dolby A, Surround, Dolby SR",7.5
great_raid,The Great Raid,70,38,R,"['Strong War Violence', 'Brief Language']",2005-08-12,2005-12-20,132,Drama,English,John Dahl,"Hossein Amini,Kevin Lund,Douglas Miro,Carlo Bernard",$10.2M,Miramax Films,"SDDS, DTS, Surround, Dolby SRD",10.2
city_of_ghosts,City of Ghosts,46,47,R,"['Some Violence', 'Language']",2002-09-10,2008-09-16,116,Drama,English,Matt Dillon,"Matt Dillon,Barry Gifford",$325.5K,"United Artists, Metro-Goldwyn-Mayer","Dolby Stereo, Dolby Digital, Dolby A, Surround, Dolby SR",0.3255
one_for_the_money,One for the Money,42,2,PG-13,"['Partial Nudity', 'Language', 'Sexual References', 'Some Drug Material', 'Violence']",2012-01-27,2012-05-15,91,Comedy,English,Julie Anne Robinson,"Stacy Sherman,Karen Ray,Liz Brixius",$26.4M,Lionsgate Films,"Datasat, SDDS, Dolby Digital",26.4
not_fade_away_2012,Not Fade Away,42,68,R,"['Sexual Content', 'Pervasive Language', 'Some Drug Use']",2012-12-21,2013-04-30,112,Drama,English,David Chase,David Chase,$607.3K,Paramount Vantage,"Datasat, SDDS, Dolby Digital",0.6073
the_way_back,The Way Back,72,74,PG-13,"['Brief Strong Language', 'A Nude Image', 'Depiction of Physical Hardship', 'Violent Content']",2011-01-21,2011-04-19,133,Drama,English,Peter Weir,"Peter Weir,Keith Clarke",$2.7M,Newmarket Film Group,Dolby Digital,2.7
the_young_messiah,The Young Messiah,66,50,PG-13,"['Thematic Elements', 'Some Violence']",2016-03-11,2016-06-14,111,Drama,English,Cyrus Nowrasteh,"Betsy Giffen Nowrasteh,Cyrus Nowrasteh",$6.5M,Focus Features,"Dolby Digital, DTS, SDDS",6.5
nanny_mcphee_returns,Nanny McPhee Returns,55,75,PG,"['Rude Humor', 'Mild Thematic Elements', 'Some Language']",2010-08-20,2010-12-14,109,Comedy,English,Susanna White,Emma Thompson,$29.0M,Universal Studios,"SDDS, Dolby Digital, DTS",29
dan_in_real_life,Dan in Real Life,69,65,PG-13,['Some Innuendo'],2007-10-26,2008-03-11,98,Comedy,English,Peter Hedges,"Pierce Gardner,Peter Hedges",$47.6M,Buena Vista,"Dolby SRD, DTS, SDDS",47.6
william_shakespeares_romeo_and_juliet,William Shakespeare's Romeo & Juliet,77,73,PG-13,"['Some Sensuality', 'Contemporary Violence']",1996-11-01,2006-04-18,120,Drama,English,Baz Luhrmann,"William Shakespeare,Craig Pearce,Baz Luhrmann",$46.4M,20th Century Fox,"Dolby SR, DTS, Dolby Stereo, Surround, Dolby A, Dolby Digital",46.4
anything_else,Anything Else,44,40,R,"['Some Sexual References', 'Scene of Drug Use']",2003-09-19,2012-05-15,108,Comedy,English,Woody Allen,Woody Allen,$3.2M,DreamWorks SKG,"Surround, Mono",3.2
the_hunger_games_mockingjay_part_2,"The Hunger Games: Mockingjay, Part 2",66,70,PG-13,"['Intense Sequences of Violence', 'Action', 'Some Thematic Material']",2015-11-20,2015-03-06,136,Sci-fi,English,Francis Lawrence,"Peter Craig,Danny Strong",$281.7M,Lionsgate Films,"Datasat, Dolby Digital, Dolby Atmos",281.7
pumpkin,Pumpkin,57,36,R,"['Scene of Sexuality', 'Language']",2002-01-14,2008-09-16,121,Comedy,English,"Adam Larson Broder,Anthony Abrams","Adam Larson Broder,Anthony Abrams",$305.7K,"United Artists, MGM Home Entertainment","Dolby Stereo, Dolby Digital, Dolby A, Surround, Dolby SR",0.30569999999999997
rogue_one_a_star_wars_story,Rogue One: A Star Wars Story,87,84,PG-13,['Sci-Fi Violence and Action'],2016-12-16,2017-04-04,134,Sci-fi,English,Gareth Edwards,"Chris Weitz,Tony Gilroy",$533.2M,Walt Disney,"Dolby Digital, Dolby Atmos",533.2
1159135-hoax,The Hoax,58,86,R,['Language'],2007-04-13,2007-10-16,115,Drama,English,Lasse Hallström,William Wheeler,$7.1M,Miramax Films,"SDDS, DTS",7.1
this_means_war,This Means War,56,25,PG-13,"['Sexual Content/References', 'Language', 'Some Violence and Action']",2012-02-17,2012-05-22,97,Comedy,English,McG,"Timothy Dowling,Simon Kinberg",$54.8M,20th Century Fox,"SDDS, Dolby Stereo, Datasat",54.8
the_good_lie_2013,The Good Lie,82,86,PG-13,"['Drug Use', 'Brief Strong Language', 'Some Violence', 'Thematic Elements']",2014-10-03,2014-12-23,109,Drama,English,Philippe Falardeau,Margaret Nagle,$2.7M,Warner Bros. Pictures,"Dolby Digital, DTS",2.7
cookout,The Cookout,37,5,PG-13,"['Drug Content', 'Sexual References', 'Language']",2004-09-03,2005-01-18,88,Comedy,English,Lance Rivera,Jeffrey Brian Holmes,$11.5M,Lionsgate Films,"Surround, Dolby SRD, DTS, SDDS",11.5
jack_and_jill_2011,Jack and Jill,36,3,PG,"['Crude Material', 'Comic Violence', 'Language', 'Suggestive References']",2011-11-11,2012-03-06,90,Comedy,English,Dennis Dugan,"Steve Koren,Adam Sandler",$74.2M,Sony Pictures Entertainment,"SDDS, Dolby Digital",74.2
green_dragon,Green Dragon,51,61,PG-13,"['Some Disturbing Situations', 'Nudity', 'Language']",2002-05-03,2002-09-10,115,Drama,English,Timothy Linh Bui,"Timothy Linh Bui,Timothy Linh Bui,Tony Bui",$146.1K,Sony Pictures Classics,"Dolby Stereo, Dolby Digital, Dolby A, Surround, Dolby SR",0.1461
barbershop_2_back_in_business,Barbershop 2: Back in Business,48,69,PG-13,"['Language', 'Brief Drug References', 'Sexual Material']",2004-01-20,2004-06-29,106,Comedy,English,Kevin Rodney Sullivan,Don D. Scott,$65.0M,"Metro-Goldwyn-Mayer Distributing Corp., Metro-Goldwyn-Mayer","Surround, Dolby SRD, DTS, SDDS",65
1103281-traffic,Traffic,85,92,R,"['Some Sexuality', 'Pervasive Drug Content', 'Strong Language', 'Violence']",2001-01-05,2004-06-15,147,Drama,English,Steven Soderbergh,"Simon Moore,Stephen Gaghan",$124.1M,"Criterion Collection, USA Films","Dolby SR, DTS, SDDS, Surround, Dolby A, Dolby Digital",124.1
topsyturvy,Topsy-Turvy,79,90,R,['Scene of Risque Nudity'],2000-01-14,2011-03-29,160,Drama,English,Mike Leigh,Mike Leigh,$6.2M,"USA Films, October Films","Dolby Digital, Dolby A, Dolby SR",6.2
tar_2022,Tár,74,91,R,['Some Language and Brief Nudity'],2022-10-28,2022-12-20,158,Drama,English,Todd Field,Todd Field,$6.8M,Focus Features,"Dolby Atmos, Dolby Digital",6.8
music_and_lyrics,Music and Lyrics,68,63,PG-13,['Some Sexual Content'],2007-02-14,2007-05-08,96,Comedy,English,Marc Lawrence,Marc Lawrence,$50.6M,Warner Bros.,"Dolby SRD, DTS, SDDS",50.6
1116086-trapped,Trapped,48,17,R,"['Sexual Content', 'Language', 'Violence']",2002-09-20,2002-12-24,105,Drama,English,Luis Mandoki,"Greg Iles,Greg Iles",$6.9M,Columbia Pictures,"Dolby SR, DTS, Dolby Stereo, Surround, SDDS, Dolby A, Dolby Digital",6.9
1155467-glory_road,Glory Road,81,55,PG,"['Mild Language', 'Epithets', 'Racial Issues', 'Violence']",2006-01-13,2006-06-06,117,Drama,English,James Gartner,Christopher Cleveland,$42.6M,Buena Vista Pictures,"SDDS, DTS",42.6
assassination_tango,Assassination Tango,33,47,R,"['Some Violence', 'Language']",2003-03-28,2008-09-16,114,Drama,English,Robert Duvall,Robert Duvall,$970.2K,United Artists,"Dolby Stereo, Dolby Digital, Dolby A, Surround, Dolby SR",0.9702000000000001
ferdinand,Ferdinand,52,71,PG,"['Rude Humor', 'Action', 'Some Thematic Elements']",2017-12-15,2018-03-13,108,Comedy,English,Carlos Saldanha,"Robert L. Baird,Tim Federle,Brad Copeland",$84.2M,20th Century Fox,"Dolby Digital, Dolby Atmos",84.2
kevin_hart_what_now,Kevin Hart: What Now?,58,76,R,"['Some Sexual Material', 'Language Throughout']",2016-10-14,2017-01-10,96,Comedy,English,"Leslie Small,Tim Story","Kevin Hart,Joey Wells,Harry Ratchford",$23.6M,Universal Pictures,Dolby Digital,23.6
jackass_number_2,Jackass: Number Two,80,65,R,"['Language', 'Crude Dangerous Stunts', 'Nudity', 'Sexual Content']",2006-09-22,2005-12-06,92,Comedy,English,Jeff Tremaine,"Preston Lacy,Sean Cliver",$72.8M,Paramount Pictures,"Dolby SRD, DTS, SDDS",72.8
sweetest_thing,The Sweetest Thing,65,26,R,"['Strong Sexual Content', 'Language']",2002-04-12,2002-08-20,84,Comedy,English,Roger Kumble,Nancy Pimental,$24.4M,Columbia Pictures,"DTS, SDDS, Dolby A, Dolby SR, Surround, Dolby Digital, Dolby Stereo",24.4
people_i_know,People I Know,31,44,R,"['Language', 'Drug Use', 'Brief Sexual Images']",2003-04-25,2004-07-20,100,Drama,English,Daniel Algrant,Jon Robin Baitz,$122.0K,Miramax Films,"Surround, Dolby SR, Dolby Digital, Dolby A, Dolby Stereo",0.122
atonement,Atonement,80,83,R,"['Language', 'Disturbing War Images', 'Some Sexuality']",2007-12-07,2008-03-18,123,Drama,English,Joe Wright,Christopher Hampton,$50.9M,Focus Features,"Dolby SRD, DTS",50.9
good_year,A Good Year,65,26,PG-13,"['Some Sexual Content', 'Language']",2006-11-10,2007-02-27,118,Comedy,English,Ridley Scott,Marc Klein,$7.5M,20th Century Fox,"Dolby SRD, DTS, SDDS",7.5
27_dresses,27 Dresses,57,41,PG-13,"['Sexuality', 'Language', 'Some Innuendo']",2008-01-18,2008-04-29,107,Comedy,English,Anne Fletcher,Aline Brosh McKenna,$76.8M,20th Century Fox,"Dolby SRD, DTS, SDDS",76.8
death-of-a-dynasty2003,Death of a Dynasty,39,47,R,"['Pervasive Language', 'Some Drug Content', 'Sexual Content']",2003-05-07,2005-08-30,91,Comedy,English,Damon Dash,Adam Moreno,$41.4K,TLA Releasing,Dolby Digital,0.0414
elf,Elf,79,85,PG,"['Some Mild Rude Humor', 'Language']",2003-11-07,2004-11-16,97,Comedy,English,Jon Favreau,David Berenbaum,$177.1M,New Line Cinema,"SDDS, Dolby SR, DTS, Surround",177.1
mist,The Mist,65,72,R,"['Terror and Gore', 'Language', 'Violence']",2007-11-21,2008-03-25,125,Sci-fi,English,Frank Darabont,Frank Darabont,$25.6M,Metro-Goldwyn-Mayer,"SDDS, DTS, Dolby SRD",25.6
blow,Blow,87,55,R,"['Pervasive Drug Content', 'Language', 'Sexuality', 'Some Violence']",2001-04-06,2005-04-05,124,Drama,English,Ted Demme,"Bruce Porter,David McKenna,Nick Cassavetes",$53.1M,New Line Cinema,"Dolby SR, DTS, Dolby Stereo, Surround, SDDS, Dolby A, Dolby Digital",53.1
sonic_the_hedgehog_2,Sonic the Hedgehog 2,96,69,PG,"['Mild Language', 'Action', 'Rude Humor', 'Some Violence']",2022-04-08,2022-05-24,122,Comedy,English,Jeff Fowler,"Pat Casey,Worm Miller,John Whittington",$190.7M,Paramount Pictures,"Dolby Atmos, Dolby Digital",190.7
gracie,Gracie,58,61,PG-13,['Brief Sexual Content'],2007-06-01,2007-09-18,97,Drama,English,Davis Guggenheim,"Lisa Marie Petersen,Karen Janszen",$3.0M,Picturehouse,Dolby SRD,3
1093655-diamonds,Diamonds,28,26,PG-13,"['Drug Use', 'Sexual Content', 'Language']",2000-02-18,2000-07-18,91,Comedy,English,John Asher,Allan Aaron Katz,$81.9K,Miramax Films,"Surround, Dolby Digital, DTS, SDDS",0.0819
hot_chick,The Hot Chick,59,21,PG-13,"['Drug References', 'Crude Humor', 'Language', 'Sexual Humor']",2002-12-13,2005-01-25,101,Comedy,English,Tom Brady,"Tom Brady,Tom Brady,Rob Schneider",$35.0M,Touchstone Pictures,"Dolby SR, DTS, Dolby Stereo, Surround, SDDS, Dolby A, Dolby Digital",35
church_ball,Church Ball,39,17,PG,"['Mild Language', 'Rude Humor']",2006-03-17,2006-09-26,91,Comedy,English,Kurt Hale,"Paul Eagleston,Stephen Rose,Kurt Hale",$465.0K,Halestone Distribution,Dolby Digital,0.465
exodus_gods_and_kings,Exodus: Gods and Kings,35,30,PG-13,"['Intense Images', 'Battle Sequences', 'Violence']",2014-12-12,2015-03-17,150,Drama,English,Ridley Scott,"Steven Zaillian,Adam Cooper,Bill Collage,Jeffrey Caine",$65.0M,20th Century Fox,Dolby Atmos,65
hyde_park_on_hudson,Hyde Park on Hudson,31,37,R,['Brief Sexuality'],2012-12-07,2013-04-09,94,Drama,English,Roger Michell,Richard Nelson,$6.4M,Focus Features,"Dolby, DTS",6.4
death_sentence,Death Sentence,60,20,R,"['Strong Bloody Brutal Violence', 'Pervasive Language']",2007-08-31,2008-09-09,110,Drama,English,James Wan,Ian Mackenzie Jeffers,$9.5M,20th Century Fox,"SDDS, DTS, Dolby SRD",9.5
johnny_english_reborn,Johnny English Reborn,45,38,PG,"['Mild Action/Violence', 'Brief Sensuality', 'Rude Humor', 'Some Language']",2011-10-21,2012-02-14,102,Comedy,English,Oliver Parker,Hamish McColl,$8.3M,Universal Pictures,"SDDS, Dolby SRD, DTS",8.3
two_family_house,Two Family House,82,89,R,"['Language', 'Brief Sexuality']",2000-10-06,2003-07-22,107,Drama,English,Raymond De Felitta,Raymond De Felitta,$1.0M,Lionsgate Films,"Dolby SR, Dolby Digital, Dolby Stereo",1
shakespeare_in_love,Shakespeare in Love,80,92,R,['Sexuality'],1998-12-25,1999-12-07,122,Comedy,English,John Madden,"Tom Stoppard,Marc Norman",$100.2M,Miramax Films,"Dolby Stereo, Dolby Digital, Dolby A, Surround, Dolby SR",100.2
golden_door,Golden Door,69,72,PG-13,['Brief Graphic Nudity'],2007-05-25,2008-01-08,117,Drama,English,Emanuele Crialese,Emanuele Crialese,$1.1M,Miramax Films,Dolby SR,1.1
dolphin_tale_2,Dolphin Tale 2,72,66,PG,['Some Mild Thematic Elements'],2014-09-12,2014-12-09,107,Drama,English,Charles Martin Smith,Charles Martin Smith,$42.0M,Warner Bros. Pictures,"Dolby Digital, Datasat",42
miracles_from_heaven,Miracles From Heaven,80,45,PG,"['Thematic Material', 'Accident and Medical Images']",2016-03-16,2016-07-12,109,Drama,English,Patricia Riggen,Randy Brown,$61.7M,Sony Pictures Entertainment,Dolby Digital,61.7
the_family_2013,The Family,41,28,R,"['Language', 'Brief Sexuality', 'Violence']",2013-09-13,2013-11-12,111,Comedy,English,Luc Besson,"Luc Besson,Michael Caleo",$114.5K,Relativity Media,"Datasat, SDDS, Dolby Digital",0.1145
bad_teacher,Bad Teacher,36,45,R,"['Nudity', 'Language', 'Sexual Content', 'Some Drug Use']",2011-06-24,2011-10-18,92,Comedy,English,Jake Kasdan,"Gene Stupnitsky,Lee Eisenberg",$100.3M,Sony Pictures,"Dolby Digital, DTS, SDDS",100.3
sherrybaby,Sherrybaby,57,75,R,"['Nudity', 'Language', 'Drug Content', 'Strong Sexuality']",2006-01-25,2007-01-16,95,Drama,English,Laurie Collyer,Laurie Collyer,$198.4K,IFC Films,Dolby Digital,0.1984
hard_word,The Hard Word,39,39,R,"['Strong Violence', 'Brief Drug Use', 'Sexuality', 'Language']",2003-06-13,2003-10-07,102,Drama,English,Scott Roberts,Scott Roberts,$422.7K,Lionsgate Films,"Surround, Dolby SR, Dolby Digital, Dolby A, Dolby Stereo",0.42269999999999996
transcendence_2014,Transcendence,37,19,PG-13,"['Sci-Fi Action and Violence', 'Brief Strong Language', 'Sensuality', 'Some Bloody Images']",2014-04-18,2014-07-22,119,Sci-fi,English,Wally Pfister,Jack Paglen,$23.0M,Warner Bros. Pictures,"Dolby Digital, Datasat, Dolby Atmos",23
love_liza,Love Liza,76,54,R,"['Language', 'Drug Use', 'Brief Nudity']",2002-12-30,2012-07-10,90,Drama,English,Todd Louiso,Gordy Hoffman,$211.7K,Sony Pictures Classics,"Surround, Dolby Stereo",0.2117
pink_panther,The Pink Panther,51,21,PG,"['Occasional Crude Humor', 'Language', 'Suggestive Humor']",2006-02-10,2006-06-13,93,Comedy,English,Shawn Levy,"Len Blum,Steve Martin",$82.2M,Metro-Goldwyn-Mayer,"Dolby Digital, DTS, SDDS",82.2
philomena,Philomena,89,91,PG-13,"['Some Strong Language', 'Sexual References', 'Thematic Elements']",2013-11-22,2014-04-15,97,Drama,English,Stephen Frears,"Steve Coogan,Jeff Pope",$37.7M,Weinstein Co.,Dolby Digital,37.7
the_help,The Help,89,76,PG-13,['Thematic Material'],2011-08-10,2011-12-06,146,Drama,English,Tate Taylor,Tate Taylor,$169.7M,Walt Disney,"SDDS, Dolby Digital",169.7
get_hard,Get Hard,45,28,R,"['Drug Material', 'Crude and Sexual Content', 'Language', 'Some Graphic Nudity']",2015-03-27,2015-06-30,99,Comedy,English,Etan Cohen,"Jay Martel,Ian Roberts,Etan Cohen",$90.4M,Warner Bros.,"Datasat, Dolby Digital",90.4
persepolis,Persepolis,92,96,PG-13,"['Language', 'Brief Drug Content', 'Mature Thematic Material', 'Sexual References', 'Violent Images']",2007-12-25,2008-06-23,95,Drama,English,"Vincent Paronnaud,Marjane Satrapi","Marjane Satrapi,Vincent Paronnaud",$4.4M,Sony Pictures Classics,Dolby Digital,4.4
suburbicon,Suburbicon,26,28,R,"['Some Sexuality', 'Language', 'Violence']",2017-10-27,2018-02-06,105,Comedy,English,George Clooney,"Joel Coen,Ethan Coen,George Clooney,Grant Heslov",$5.7M,Paramount Pictures,Dolby Digital,5.7
derailed,Derailed,58,21,R,"['Some Sexuality', 'Language', 'Strong Disturbing Violence']",2005-11-11,2006-03-21,107,Drama,English,Mikael Håfström,Stuart Beattie,$36.0M,Weinstein Co.,"Dolby Digital, DTS, SDDS",36
the_whale_2022,The Whale,91,64,R,"['Sexual Content', 'Language', 'Some Drug Use']",2022-12-21,2023-02-21,117,Drama,English,Darren Aronofsky,Samuel D. Hunter,$17.2M,A24,Dolby Digital,17.2
undercover_blues,Undercover Blues,67,37,PG-13,['One Use of Strong Language'],1993-09-10,2002-09-17,89,Comedy,English,Herbert Ross,Ian Abrams,$12.0M,"Warner Home Vídeo, Argentina Video Home","Stereo, Surround",12
life_as_a_house,Life as a House,88,47,R,"['Language', 'Drug Use', 'Sexuality']",2001-10-26,2007-06-05,124,Drama,English,Irwin Winkler,Mark Andrus,$15.6M,New Line Cinema,"Dolby SR, DTS, Dolby Stereo, Surround, SDDS, Dolby A, Dolby Digital",15.6
in_the_bedroom,In the Bedroom,81,93,R,"['Some Violence', 'Language']",2001-11-23,2002-08-13,138,Drama,English,Todd Field,"Robert Festinger,Todd Field,Andre Dubus",$35.9M,Miramax Films,"Dolby Stereo, Dolby Digital, Dolby A, Surround, Dolby SR",35.9
bohemian_rhapsody,Bohemian Rhapsody,85,60,PG-13,"['Language', 'Drug Content', 'Suggestive Material', 'Thematic Elements']",2018-11-02,2019-01-22,135,Drama,English,Bryan Singer,Anthony McCarten,$216.3M,20th Century Fox,Dolby Atmos,216.3
harsh_times,Harsh Times,55,48,R,"['Language', 'Drug Use', 'Strong Violence']",2006-11-10,2007-03-13,115,Drama,English,David Ayer,David Ayer,$3.3M,Metro-Goldwyn-Mayer,"SDDS, Dolby Digital, DTS, Dolby SRD",3.3
jumanji_welcome_to_the_jungle,Jumanji: Welcome to the Jungle,87,76,PG-13,"['Some Language', 'Adventure Action', 'Suggestive Content']",2017-12-20,2018-03-20,119,Comedy,English,Jake Kasdan,"Chris McKenna,Erik Sommers,Scott Rosenberg,Jeff Pinkner",$404.6M,Sony Pictures Entertainment,Dolby Atmos,404.6
space_jam_a_new_legacy,Space Jam: A New Legacy,79,26,PG,"['Some Language', 'Some Cartoon Violence']",2021-07-16,2021-07-16,115,Comedy,English,Malcolm D. Lee,"Juel Taylor,Tony Rettenmaier,Keenan Coogler,Terence Nance,Jesse Gordon,Celeste Ballard",$70.5M,Warner Bros. Pictures,"Datasat, SDDS, Dolby Digital, Dolby Atmos",70.5
memoirs_of_a_geisha,Memoirs of a Geisha,83,35,PG-13,"['Some Sexual Content', 'Mature Subject Matter']",2005-12-23,2006-03-28,136,Drama,English,Rob Marshall,Robin Swicord,$57.0M,"DreamWorks SKG, Sony Pictures Entertainment","Dolby SRD, DTS, SDDS",57
pavilion_of_women,Pavilion of Women,53,6,R,"['War Images', 'Sexuality']",2001-05-04,2004-08-24,116,Drama,English,Yim Ho,"Luo Yan,Paul R. Collins,Pearl S. Buck",$35.9K,Universal Focus,Surround,0.0359
the_walk_2015,The Walk,77,83,PG,"['Language', 'Brief Drug References', 'Thematic Elements', 'Perilous Situations', 'Smoking', 'Some Nudity']",2015-10-09,2016-01-05,124,Drama,English,Robert Zemeckis,"Robert Zemeckis,Christopher Browne",$10.1M,Sony Pictures Entertainment,Dolby Digital,10.1
playing_for_keeps_2012,Playing for Keeps,41,4,PG-13,"['Language', 'A Brief Intense Image', 'Some Sexual Situations']",2012-12-07,2013-03-05,105,Comedy,English,Gabriele Muccino,Robbie Fox,$13.1M,FilmDistrict,Dolby Digital,13.1
for-colored-girls-who-have-considered-suicide-when-the-rainbow-is-enuf,For Colored Girls,73,32,R,"['Language', 'A Rape', 'Sexual Content', 'Some Disturbing Violence']",2010-11-05,2011-02-08,134,Drama,English,Tyler Perry,Tyler Perry,$37.7M,Lionsgate Films,"SDDS, Dolby Digital, DTS",37.7
takers,Takers,62,28,PG-13,"['Intense Sequences of Violence', 'Intense Sequences of Action', 'Partial Nudity', 'Sexual Situations', 'Some Language']",2010-08-27,2011-01-18,107,Drama,English,John Luessenhop,"Peter Allen,Gabriel Casseus,John Luessenhop,Avery Duff",$57.7M,Screen Gems,"SDDS, Dolby Digital, DTS",57.7
ice_age_2,Ice Age: The Meltdown,71,57,PG,"['Some Mild Language', 'Innuendo']",2006-03-31,2006-11-21,91,Comedy,English,Carlos Saldanha,"Peter Gaulke,Jon Vitti",$195.3M,20th Century Fox,"Dolby SRD, DTS",195.3
alamo,The Alamo,45,29,PG-13,['Sustained Battle Sequences'],2004-03-27,2005-05-03,137,Drama,English,John Lee Hancock,"Leslie Bohem,Stephen Gaghan,John Lee Hancock",$22.4M,Buena Vista Pictures,"Surround, Dolby SRD, DTS, SDDS",22.4
battle_of_the_year,Battle of the Year,49,6,PG-13,"['Some Rude Behavior', 'Language']",2013-09-20,2013-12-10,109,Drama,English,Benson Lee,"Brin Hill,Chris Parker",$8.8M,Sony Pictures Entertainment,"SDDS, Datasat, Dolby Digital",8.8
lost_in_space,Lost in Space,24,27,PG-13,['Some Intense Sci-Fi Action'],1998-04-03,2004-11-02,131,Sci-fi,English,Stephen Hopkins,"Irwin Allen,Akiva Goldsman",$69.1M,New Line Cinema,"Dolby SR, DTS, Dolby Stereo, Surround, SDDS, Dolby A, Dolby Digital",69.1
bride_and_prejudice,Bride & Prejudice,70,64,PG-13,['Some Sexual References'],2005-02-11,2005-07-05,110,Comedy,English,Gurinder Chadha,"Gurinder Chadha,Jane Austen,Paul Mayeda Berges",$6.6M,"Pathé Films, Miramax Films","Surround, Dolby SRD, DTS, SDDS",6.6
golden_bowl,The Golden Bowl,39,54,R,['Sex Scene'],2001-04-27,2001-11-06,134,Drama,English,James Ivory,"Henry James,Ruth Prawer Jhabvala",$3.0M,Lionsgate Films,"SDDS, Dolby Stereo, Surround",3
project_almanac,Project Almanac,45,38,PG-13,"['Some Language', 'Sexual Content']",2015-01-30,2015-06-09,106,Sci-fi,English,Dean Israelite,"Jason Harry Pagan,Andrew Deutschman",$22.3M,Paramount Pictures,"Datasat, Dolby Digital",22.3
300_rise_of_an_empire,300: Rise of an Empire,51,45,R,"['Nudity', 'A Sex Scene', 'Some Language', 'Stylized Bloody Violence']",2014-03-07,2014-06-24,103,Drama,English,Noam Murro,"Zack Snyder,Kurt Johnstad",$106.6M,Warner Bros. Pictures,"Dolby Digital, Datasat",106.6
welcome_home_roscoe_jenkins,Welcome Home Roscoe Jenkins,63,23,PG-13,"['Language', 'Crude and Sexual Content', 'Some Drug References']",2008-02-08,2008-06-17,114,Comedy,English,Malcolm D. Lee,Malcolm D. Lee,$42.2M,Universal Pictures,"Dolby SRD, DTS, SDDS",42.2
underdog,Underdog,42,15,PG,"['Mild Language', 'Action', 'Rude Humor']",2007-08-03,2007-12-18,80,Comedy,English,Frederik Du Chau,"Adam Rifkin,Joe Piscatella,Craig A. Williams",$43.8M,Buena Vista Pictures,"Dolby SRD, DTS, SDDS",43.8
assassination_of_jesse_james_by_the_coward_robert_ford,The Assassination of Jesse James by the Coward Robert Ford,75,77,R,"['Some Strong Violence', 'Brief Sexual References']",2007-09-21,2008-02-05,160,Drama,English,Andrew Dominik,Andrew Dominik,$3.9M,Warner Bros.,"SDDS, Dolby Digital, DTS",3.9
mississippi_grind,Mississippi Grind,55,91,R,['Language'],2015-09-25,2015-12-01,108,Drama,English,"Ryan Fleck,Anna Boden","Ryan Fleck,Anna Boden",$129.7K,A24,Dolby,0.12969999999999998
shes_funny_that_way,She's Funny That Way,35,45,R,"['Some Language', 'Sexual References']",2015-08-21,2015-11-03,93,Comedy,English,Peter Bogdanovich,"Peter Bogdanovich,Louise Stratten",$106.4K,Clarius Entertainment,Dolby Digital,0.10640000000000001
j_edgar,J. Edgar,44,43,R,['Brief Strong Language'],2011-11-11,2012-02-21,137,Drama,English,Clint Eastwood,Dustin Lance Black,$37.3M,Warner Bros. Pictures,"SDDS, Dolby Digital",37.3
mr_turner,Mr. Turner,56,97,R,['Some Sexual Content'],2014-12-19,2015-05-05,149,Drama,English,Mike Leigh,Mike Leigh,$4.2M,Sony Pictures Classics,Dolby Digital,4.2
school_for_scoundrels,School for Scoundrels,52,27,PG-13,"['Language', 'Crude and Sexual Content', 'Some Violence']",2006-09-29,2007-02-13,100,Comedy,English,Todd Phillips,"Scot Armstrong,Todd Phillips",$17.8M,Metro-Goldwyn-Mayer,"DTS, Dolby SRD",17.8
mr_deeds,Mr. Deeds,59,22,PG-13,"['Sexual References', 'Language', 'Some Rear Nudity']",2002-06-28,2002-10-22,96,Comedy,English,Steven Brill,Tim Herlihy,$126.2M,Columbia Pictures,"Dolby SR, DTS, Dolby Stereo, Surround, SDDS, Dolby A, Dolby Digital",126.2
before_i_go_to_sleep,Before I Go to Sleep,40,37,R,"['Some Brutal Violence', 'Language']",2014-10-31,2015-01-27,92,Drama,English,Rowan Joffe,Rowan Joffe,$3.2M,Clarius Entertainment,Dolby Digital,3.2
dear_frankie,Dear Frankie,90,81,PG-13,['Language'],2005-03-04,2005-07-05,105,Drama,English,Shona Auerbach,Andrea Gibb,$1.3M,Miramax Films,"Surround, Dolby SRD",1.3
like_mike,Like Mike,52,57,PG,['Brief Mild Language'],2002-07-03,2003-10-14,99,Comedy,English,John Schultz,"Michael Elliot,Jordan Moffet,Michael Elliot",$51.4M,20th Century Fox,"Dolby Stereo, Dolby A, SDDS, DTS, Surround, Dolby Digital, Dolby SR",51.4
house_party_2023,House Party,60,28,R,"['Sexual Material', 'Pervasive Language', 'Drug Use', 'Some Violence']",2023-01-13,2023-01-31,100,Comedy,English,Calmatic,"Jamal Olori,Stephen Glover",$9.0M,Warner Bros. Pictures,Dolby Digital,9
cinderella_story,A Cinderella Story,53,12,PG,"['Mild Language', 'Innuendo']",2004-07-16,2004-10-19,95,Comedy,English,Mark Rosman,Leigh Dunlap,$51.4M,Warner Bros. Pictures,"SDDS, DTS, Surround, Dolby SRD",51.4
1188347-mad_money,Mad Money,48,22,PG-13,"['Language', 'Brief Drug References', 'Sexual Material']",2008-01-18,2008-05-13,103,Comedy,English,Callie Khouri,Glenn Gers,$20.7M,Overture Films,"SDDS, Dolby SRD",20.7
street_kings,Street Kings,58,36,R,"['Strong Violence', 'Pervasive Language']",2008-04-11,2008-08-19,107,Drama,English,David Ayer,"Kurt Wimmer,Jamie Moss,James Ellroy",$26.4M,Fox,"Dolby SRD, DTS, SDDS",26.4
the_rundown,The Rundown,66,69,PG-13,"['Some Crude Dialogue', 'Adventure Violence']",2003-09-26,2008-09-23,104,Comedy,English,Peter Berg,"R.J. Stewart,R.J. Stewart,James Vanderbilt",$47.6M,Universal Pictures,Surround,47.6
ballad_of_jack_and_rose,The Ballad of Jack and Rose,61,47,R,"['Some Drug Material', 'Sexual Content', 'Language']",2005-03-25,2005-08-16,111,Drama,English,Rebecca Miller,Rebecca Miller,$712.3K,IFC Films,Stereo,0.7122999999999999
better_than_sex,Better Than Sex,69,47,R,"['Strong Sexual Content', 'Language']",2001-10-26,2003-07-29,81,Comedy,English,Jonathan Teplitzky,Jonathan Teplitzky,$94.9K,"Samuel Goldwyn Company, President Films","Surround, Dolby SR, Dolby Digital",0.09490000000000001
alien_covenant,Alien: Covenant,55,65,R,"['Language', 'Bloody Images', 'Sci-Fi Violence', 'Some Sexuality/Nudity']",2017-05-19,2017-08-15,122,Sci-fi,English,Ridley Scott,"John Logan,Dante Harper",$74.2M,20th Century Fox,"Dolby Atmos, Datasat",74.2
walk_of_shame_2013,Walk of Shame,37,15,R,"['Some Sexual Content', 'Language']",2014-05-02,2014-06-17,95,Comedy,English,Steven Brill,Steven Brill,$39.8K,Focus Features,"Datasat, SDDS, Dolby Digital",0.039799999999999995
shape_of_things,The Shape of Things,65,64,R,"['Some Sexuality', 'Language']",2003-05-09,2003-09-23,96,Drama,English,Neil LaBute,Neil LaBute,$732.2K,Focus Features,"Dolby Stereo, Dolby Digital, Dolby A, Surround, Dolby SR",0.7322000000000001
1110008-sidewalks_of_new_york,Sidewalks of New York,54,56,R,"['Sexual Content', 'Language']",2001-11-21,2013-09-24,107,Comedy,English,Edward Burns,Edward Burns,$2.4M,Paramount Pictures,"Dolby Stereo, Dolby Digital, Dolby A, Surround, Dolby SR",2.4
godfather_part_iii,"The Godfather, Part III",64,67,R,['Violence and Language'],1990-12-25,2008-09-23,161,Drama,English,Francis Ford Coppola,"Francis Ford Coppola,Mario Puzo",$64.6M,Paramount Pictures,"Magnetic Stereo 6 Track, Dolby SR, Surround",64.6
sydney_white,Sydney White,70,35,PG-13,"['Sexual Humor', 'Partying', 'Some Language']",2007-09-21,2008-01-22,108,Comedy,English,Joe Nussbaum,Chad Gomez Creasey,$11.7M,Universal,"Dolby SRD, DTS, SDDS",11.7
dr_dolittle_2,Dr. Dolittle 2,26,42,PG,"['Language', 'Crude Humor']",2001-06-22,2002-08-27,87,Comedy,English,Steve Carr,"Larry Levin,Hugh Lofting",$113.0M,20th Century Fox,"Dolby SR, DTS, Dolby Stereo, Surround, Dolby A, Dolby Digital",113
legally_blonde,Legally Blonde,72,71,PG-13,"['Sexual References', 'Language']",2001-07-13,2001-11-06,96,Comedy,English,Robert Luketic,"Karen McCullah,Kirsten Smith,Amanda Brown",$96.5M,Metro-Goldwyn-Mayer,"Dolby Stereo, DTS, SDDS, Surround, Dolby Digital, Dolby SR",96.5
frank_millers_sin_city_a_dame_to_kill_for,Frank Miller's Sin City: A Dame to Kill For,44,43,R,"['Nudity', 'Brief Drug Use', 'Sexual Content', 'Strong Brutal Violence']",2014-08-22,2014-11-18,101,Drama,English,"Robert Rodriguez,Frank Miller",Frank Miller,$13.8M,Weinstein Co.,Dolby Digital,13.8
seberg,Seberg,51,35,R,"['Sexual Content/Nudity', 'Language', 'Some Drug Use']",2019-12-13,2020-05-16,103,Drama,English,Benedict Andrews,"Joe Shrapnel,Anna Waterhouse",$413.8K,Amazon Studios,"Dolby Atmos, Datasat",0.4138
company_man,Company Man,44,14,PG-13,"['Sexual Humor', 'Drug Content']",2000-05-03,2001-08-28,86,Comedy,English,"Peter Askin,Douglas McGrath","Peter Askin,Douglas McGrath",$146.0K,Paramount Pictures,"Surround, Dolby Digital, Dolby A, Dolby SR",0.146
green_mile,The Green Mile,94,79,R,"['Sex-Related Material', 'Language', 'Violence']",1999-12-10,2000-06-13,189,Drama,English,Frank Darabont,"Stephen King,Frank Darabont",$136.8M,"Warner Bros. Pictures, Warner Home Vídeo, Warner Bros.","Surround, Dolby Digital, DTS, SDDS",136.8
fighting_temptations,The Fighting Temptations,66,42,PG-13,['Some Sexual References'],2003-09-19,2004-02-03,122,Comedy,English,Jonathan Lynn,"Elizabeth Hunter,Elizabeth Hunter,Saladin Patterson",$30.2M,Paramount Pictures,"Dolby SR, DTS, Dolby Stereo, Surround, SDDS, Dolby A, Dolby Digital",30.2
little_black_book,Little Black Book,37,22,PG-13,"['Sexual Content', 'Language', 'Sexual Humor']",2004-08-06,2005-01-04,106,Comedy,English,Nick Hurran,"Elisa Bell,Melissa Carter",$20.4M,Sony Pictures Entertainment,"SDDS, Dolby SRD, DTS, Surround",20.4
turbo_2013,Turbo,65,67,PG,"['Thematic Elements', 'Some Mild Action']",2013-07-17,2013-11-12,96,Comedy,English,David Soren,"David Soren,Darren Lemke,Robert D. Siegel",$83.0M,DreamWorks SKG,"SDDS, Datasat, Dolby Digital",83
50_first_dates,50 First Dates,65,45,PG-13,"['Drug Reference', 'Crude Sexual Humor']",2004-02-13,2004-06-15,96,Comedy,English,Peter Segal,George Wing,$120.8M,"Columbia Pictures, Sony Pictures Entertainment","Surround, Dolby SRD, DTS, SDDS",120.8
da_vinci_code,The Da Vinci Code,57,25,PG-13,"['Disturbing Images', 'Brief Drug References', 'Violence', 'Sexual Content', 'Some Nudity', 'Thematic Material']",2006-05-19,2006-11-14,149,Drama,English,Ron Howard,Akiva Goldsman,$217.5M,Sony Pictures Entertainment,"Dolby SRD, DTS, SDDS",217.5
venom_2018,Venom,80,30,PG-13,"['Intense Sci-Fi Violence', 'Action', 'Language']",2018-10-05,2019-06-18,112,Sci-fi,English,Ruben Fleischer,"Jeff Pinkner,Scott Rosenberg,Kelly Marcel",$213.5M,"Sony Pictures Entertainment, Columbia Pictures",Dolby Atmos,213.5
motherhood,Motherhood,16,20,PG-13,"['Sexual References', 'Language', 'Brief Drug Content']",2009-10-23,2010-02-23,89,Comedy,English,Katherine Dieckmann,Katherine Dieckmann,$92.9K,Freestyle Releasing,Dolby Digital,0.09290000000000001
gossip,Gossip,47,29,R,"['Language', 'Brief Violence', 'Sexual Content']",2000-04-21,2009-02-01,91,Drama,English,Davis Guggenheim,"Gregory Poirier,Gregory Poirier,Theresa Rebeck",$5.1M,Warner Bros. Pictures,"SDDS, Dolby SR, Dolby Digital, Surround, DTS, Dolby Stereo",5.1
joe_somebody,Joe Somebody,27,21,PG,"['Some Mild Violence', 'Language', 'Thematic Elements']",2001-12-21,2002-08-20,108,Comedy,English,John Pasquin,John Scott Shepherd,$22.8M,20th Century Fox,"Dolby Stereo, Dolby Digital, Dolby A, Surround, Dolby SR",22.8
boogie_nights,Boogie Nights,89,93,R,"['Explicit Dialogue', 'Drug Use', 'Violence', 'Language', 'Nudity', 'Strong Sex Scenes']",1997-10-10,2007-05-08,152,Drama,English,Paul Thomas Anderson,Paul Thomas Anderson,$26.4M,"New Line Cinema, Criterion Collection","Surround, Dolby Digital, SDDS",26.4
beyond_the_sea,Beyond the Sea,64,42,PG-13,"['Some Strong Language', 'Scene of Sensuality']",2004-09-11,2005-06-07,121,Drama,English,Kevin Spacey,"Kevin Spacey,Lewis Colick",$6.1M,Lionsgate Films,"Surround, Dolby SRD, DTS, SDDS",6.1
cloverfield,Cloverfield,68,78,PG-13,"['Terror', 'Disturbing Images', 'Violence']",2008-01-18,2008-04-22,85,Sci-fi,English,Matt Reeves,Drew Goddard,$80.0M,Paramount Pictures,"Dolby SRD, DTS, SDDS",80
danny_the_dog,Unleashed,74,66,R,"['Nudity', 'Language', 'Some Sexuality', 'Strong Violent Content']",2005-05-13,2005-10-11,102,Drama,English,Louis Leterrier,"Luc Besson,Robert Mark Kamen",$24.5M,Focus Features,"Dolby SRD, Surround, DTS",24.5
a_walk_in_the_woods_2015,A Walk in the Woods,48,47,R,"['Some Sexual References', 'Language']",2015-09-02,2015-12-29,104,Comedy,English,Ken Kwapis,"Rick Kerb,Bill Holderman",$29.5M,Broad Green Pictures,"Datasat, Dolby Digital",29.5
sound_of_thunder,A Sound of Thunder,18,6,PG-13,"['Partial Nudity', 'Language', 'Sci-Fi Violence']",2005-09-02,2006-09-05,101,Sci-fi,English,Peter Hyams,"Thomas Dean Donnelly,Joshua Oppenheimer,Clement Enlatarne,Gregory Poirier",$1.9M,Warner Bros. Pictures,"Dolby SRD, DTS, SDDS",1.9
the_wedding_ringer,The Wedding Ringer,63,29,R,"['Crude and Sexual Content', 'Brief Graphic Nudity', 'Language Throughout', 'Some Drug Use']",2015-01-16,2015-04-28,101,Comedy,English,Jeremy Garelick,"Jeremy Garelick,Jay Lavender",$64.5M,Sony Pictures Entertainment,Dolby Digital,64.5
nativity_story,The Nativity Story,76,37,PG,['Some Violent Content'],2006-12-01,2007-03-20,100,Drama,English,Catherine Hardwicke,Mike Rich,$37.6M,New Line Cinema,"Dolby SRD, DTS, SDDS",37.6
macgruber,MacGruber,35,47,R,"['Some Nudity', 'Language', 'Strong Crude Content', 'Strong Sexual Content', 'Violence']",2010-05-21,2010-09-07,90,Comedy,English,Jorma Taccone,"Will Forte,John Solomon,Jorma Taccone",$8.5M,Universal Studios,"Dolby Digital, DTS",8.5
we_are_marshall,We Are Marshall,79,49,PG,"['Emotional Thematic Material', 'A Crash Scene', 'Mild Language']",2006-12-22,2007-09-18,127,Drama,English,McG,Jamie Linden,$43.5M,Warner Bros.,"SDDS, Dolby SRD, DTS",43.5
phantom_thread,Phantom Thread,71,91,R,['Language'],2018-01-19,2018-04-10,130,Drama,English,Paul Thomas Anderson,Paul Thomas Anderson,$20.9M,Focus Features,Dolby Digital,20.9
bad_boys_ii,Bad Boys II,78,23,R,"['Pervasive Language', 'Drug Content', 'Sexuality', 'Strong Action', 'Strong Violence']",2003-07-18,2004-09-07,146,Comedy,English,Michael Bay,"Ron Shelton,Ron Shelton,Jerry Stahl,Marianne Wibberley,Cormac Wibberley",$138.4M,Columbia Pictures,"Dolby SR, DTS, Dolby Stereo, Surround, SDDS, Dolby A, Dolby Digital",138.4
how_the_grinch_stole_christmas,How the Grinch Stole Christmas,56,49,PG,['Crude Humor'],2000-11-17,2003-09-17,105,Comedy,English,Ron Howard,"Dr. Seuss,Jeffrey Price,Peter S. Seaman",$260.4M,MCA/Universal Pictures [us],"Dolby Stereo, DTS, SDDS, Surround, Dolby Digital, Dolby SR",260.4
changing_lanes,Changing Lanes,53,77,R,['Language'],2002-04-12,2002-09-10,98,Drama,English,Roger Michell,"Chap Taylor,Michael Tolkin",$66.8M,Paramount Pictures,"Dolby SR, DTS, Dolby Stereo, Surround, Dolby A, Dolby Digital",66.8
the_american,The American,39,65,R,"['Sexual Content', 'Nudity', 'Violence']",2010-09-01,2010-12-28,105,Drama,English,Anton Corbijn,Rowan Joffe,$35.6M,Focus Features,"Dolby Digital, DTS",35.6
1101051-bedazzled,Bedazzled,43,50,PG-13,"['Language', 'Drug Content', 'Sex-Related Humor']",2000-10-20,2001-12-18,93,Comedy,English,Harold Ramis,"Peter Cook,Peter Cook,Dudley Moore,Larry Gelbart,Harold Ramis,Peter Tolan",$37.9M,20th Century Fox,"SDDS, Dolby Digital, DTS, Surround, Dolby SR",37.9
spinning_into_butter,Spinning Into Butter,32,16,R,['Language'],2009-03-20,2009-06-09,86,Drama,English,Mark Brokaw,"Rebecca Gilman,Doug Atchison",$5.5K,Screen Media Ventures,Dolby,0.0055
inkwell,The Inkwell,83,22,R,['Language'],1994-04-22,2003-04-08,112,Comedy,English,Matty Rich,"Trey Ellis,Paris Qualles",$8.9M,Buena Vista Pictures,"Dolby, Stereo",8.9
1098149-patriot,The Patriot,81,62,R,['Strong Violence'],2000-06-28,2002-09-03,158,Drama,English,Roland Emmerich,Robert Rodat,$113.3M,"Columbia Pictures, Columbia TriStar Home Video, Sony Pictures Entertainment","Dolby SR, SDDS, Surround, DTS, Dolby Digital",113.3
smiley_face,Smiley Face,44,66,R,"['Some Sexual Material', 'Language', 'Drug Content']",2007-11-16,2008-01-08,84,Comedy,English,Gregg Araki,Dylan Haggerty,$8.8K,First Look,Dolby Digital,0.0088
bicentennial_man,Bicentennial Man,59,36,PG,"['Sexual Content', 'Language']",1999-12-17,2002-01-15,131,Sci-fi,English,Chris Columbus,"Nicholas Kazan,Isaac Asimov",$58.2M,Touchstone Pictures,"SDDS, DTS, Surround, Dolby Digital",58.2
harrisons_flowers,Harrison's Flowers,76,49,R,"['Gruesome Images', 'Brief Drug Use', 'Pervasive Language', 'Strong War Violence']",2002-03-15,2005-12-01,130,Drama,English,Élie Chouraqui,"Élie Chouraqui,Isabel Ellsen,Michael Katims,Didier Le Pêcheur",$1.8M,Universal Focus,"Dolby SR, DTS, Dolby Stereo, Surround, Dolby A, Dolby Digital",1.8
unbroken_2014,Unbroken,70,52,PG-13,"['Intense Sequences of Brutality', 'Brief Language', 'War Violence']",2014-12-25,2015-03-24,137,Drama,English,Angelina Jolie,"Joel Coen,Ethan Coen,Richard LaGravenese,William Nicholson",$115.6M,Universal Pictures,"Dolby Atmos, SDDS, Dolby Digital, Datasat",115.6
10008760-what_happens_in_vegas,What Happens in Vegas,37,25,PG-13,"['Language', 'A Drug Reference', 'Some Sexual and Crude Content']",2008-05-09,2008-08-26,99,Comedy,English,Tom Vaughan,Dana Fox,$80.3M,20th Century Fox,"SDDS, DTS, Dolby SRD",80.3
master_of_disguise,The Master of Disguise,35,1,PG,"['Some Crude Humor', 'Mild Language']",2002-08-02,2003-01-28,80,Comedy,English,Perry Andelin Blake,"Dana Carvey,Harris Goldberg",$40.4M,Columbia Pictures,"Dolby Stereo, Dolby A, SDDS, DTS, Surround, Dolby Digital, Dolby SR",40.4
dc_league_of_super_pets,DC League of Super-Pets,88,73,PG,"['Language', 'Action', 'Mild Violence', 'Rude Humor']",2022-07-29,2022-08-23,106,Comedy,English,Jared Stern,"Jared Stern,John Whittington",$93.7M,Warner Bros. Pictures,"Dolby Atmos, Dolby Digital",93.7
city_by_the_sea,City by the Sea,40,48,R,"['Language', 'Drug Use', 'Some Violence']",2002-09-06,2003-02-18,108,Drama,English,Michael Caton-Jones,"Ken Hixon,Michael Caton-Jones",$22.4M,Warner Bros. Pictures,"Dolby Stereo, Dolby Digital, Dolby A, Surround, Dolby SR",22.4
1071413-last_dance,Last Dance,51,30,R,"['Violence', 'Some Drug Content', 'Language']",1996-05-03,2003-04-08,103,Drama,English,Bruce Beresford,"Steven Haft,Ron Koslow,Ron Koslow",$5.9M,Touchstone Pictures,"Stereo, Dolby Digital, Dolby A, Surround, Dolby SR",5.9
marci_x,Marci X,29,8,R,"['Sexual Content', 'Language']",2003-08-22,2004-01-20,84,Comedy,English,Richard Benjamin,Paul Rudnick,$1.6M,"United International Pictures, Paramount Pictures","Surround, Dolby Digital",1.6
stealing_harvard,Stealing Harvard,39,9,PG-13,"['Drug References', 'Crude Humor', 'Language', 'Sexual Humor']",2002-09-13,2003-02-18,80,Comedy,English,Bruce McCulloch,"Peter Tolan,Peter Tolan,Martin Hynes",$14.0M,Columbia Pictures,"Dolby SR, DTS, Dolby Stereo, Surround, SDDS, Dolby A, Dolby Digital",14
doa_dead_or_alive,D.O.A.: Dead or Alive,36,33,PG-13,"['Nudity', 'Martial Arts Action/Violence', 'Some Sexuality']",2007-06-15,2007-09-11,90,Sci-fi,English,Corey Yuen,"Adam Gross,Seth Gross,Granz Henman,J.F. Lawton",$480.3K,Weinstein Co.,"Dolby SRD, DTS, SDDS",0.4803
ford_v_ferrari,Ford v Ferrari,98,92,PG-13,['Some Language and Peril'],2019-11-15,2019-11-15,152,Drama,English,James Mangold,"Jez Butterworth,John-Henry Butterworth,Jason Keller",$117.6M,20th Century Fox,Dolby Atmos,117.6
about_time,About Time,81,70,R,"['Some Sexual Content', 'Language']",2013-11-08,2014-02-04,124,Comedy,English,Richard Curtis,Richard Curtis,$15.3M,Universal Pictures,Dolby Digital,15.3
1110236-wash,The Wash,64,8,R,"['Pervasive Language', 'Drug Use', 'Some Sexuality', 'Violence']",2001-11-14,2002-09-17,96,Comedy,English,DJ Pooh,DJ Pooh,$10.1M,Lionsgate Films,"SDDS, Dolby SR, Dolby Digital, Surround, Dolby A, Dolby Stereo",10.1
tracks_2013,Tracks,77,82,PG-13,"['Disturbing Images', 'Brief Strong Language', 'Some Partial Nudity', 'Thematic Elements']",2014-09-19,2014-10-07,110,Drama,English,John Curran,Marion Nelson,$508.8K,Weinstein Co.,Dolby Digital,0.5088
avengers_infinity_war,Avengers: Infinity War,92,85,PG-13,"['Intense Sci-Fi Violence', 'Action Throughout', 'Language', 'Some Crude References']",2018-04-27,2018-08-14,149,Sci-fi,English,"Anthony Russo,Joe Russo","Christopher Markus,Stephen McFeely",$678.8M,Walt Disney,"Dolby Atmos, Dolby Digital, DTS",678.8
ray,Ray,87,79,PG-13,"['Sexuality', 'Drug Addiction', 'Some Thematic Elements']",2004-10-29,2005-02-01,155,Drama,English,Taylor Hackford,"Robert Eisele,James L. White",$75.3M,Universal Pictures,"Surround, Dolby SRD, DTS, SDDS",75.3
replacements,The Replacements,66,41,PG-13,"['Sexual Humor', 'Language']",2000-08-11,2002-04-02,118,Comedy,English,Howard Deutch,Vince McKewin,$44.7M,Warner Bros. Pictures,"SDDS, Dolby Digital, DTS, Surround",44.7
she_said,She Said,91,88,R,"['Language', 'Descriptions of Sexual Assault']",2022-11-18,2023-01-06,129,Drama,English,Maria Schrader,Rebecca Lenkiewicz,$5.8M,Universal Pictures,Dolby Digital,5.8
woodsman,The Woodsman,77,88,R,"['Language', 'Disturbing Behavior', 'Sexuality']",2004-12-24,2005-04-12,89,Drama,English,Nicole Kassell,"Nicole Kassell,Steven Fechter",$1.6M,Newmarket Film Group,"Stereo, Dolby SRD",1.6
penguins_of_madagascar,Penguins of Madagascar,63,74,PG,"['Some Rude Humor', 'Mild Action']",2014-11-26,2014-11-04,92,Comedy,English,"Eric Darnell,Simon J. Smith","Michael Colton,John Aboud,Brandon Sawyer",$83.3M,20th Century Fox,Dolby Atmos,83.3
cheaper_by_the_dozen,Cheaper by the Dozen,56,24,PG,"['Thematic Elements', 'Language']",2003-12-25,2004-10-12,98,Comedy,English,Shawn Levy,"Sam Harper,Joel Cohen,Alec Sokolow",$138.6M,20th Century Fox,"Surround, Dolby Stereo, DTS",138.6
kong_skull_island,Kong: Skull Island,69,75,PG-13,"['Intense Sci-Fi Violence/Action', 'Brief Strong Language']",2017-03-10,2017-07-04,118,Sci-fi,English,Jordan Vogt-Roberts,"Dan Gilroy,Max Borenstein,Derek Connolly",$168.0M,Warner Bros. Pictures,"SDDS, Datasat, Dolby Digital",168
almost_heroes,Almost Heroes,64,5,PG-13,"['Some Crude Humor', 'Nudity']",1998-05-29,2008-08-18,90,Comedy,English,Christopher Guest,"Mark Nutter,Tom Wolfe,Boyd Hale",$6.1M,Warner Bros. Pictures,"Surround, Dolby SR, Dolby Digital, DTS, SDDS",6.1
10005499-oliver_twist,Oliver Twist,63,60,PG-13,['Disturbing Images'],2005-09-30,2006-01-24,130,Drama,English,Roman Polanski,"Ronald Harwood,Charles Dickens",$2.0M,Sony Pictures Entertainment,Surround,2
racing_stripes,Racing Stripes,42,35,PG,"['Some Language', 'Mild Crude Humor']",2005-01-14,2008-01-08,101,Comedy,English,Frederik Du Chau,"Kirk DeMicco,Michael Samonek,Mike Samonek,David Schmidt",$49.2M,"Warner Bros., Summit Entertainment","Surround, Dolby SRD, DTS, SDDS",49.2
invictus,Invictus,75,76,PG-13,['Brief Strong Language'],2009-12-11,2010-05-18,134,Drama,English,Clint Eastwood,Anthony Peckham,$37.5M,Warner Bros.,"SDDS, Dolby Digital, DTS",37.5
eagle_vs_shark,Eagle vs. Shark,67,56,R,"['Language', 'Brief Animated Violence', 'Some Sexual Content']",2007-06-15,2008-01-08,94,Comedy,English,Taika Waititi,Taika Waititi,$221.8K,Miramax Films,"Dolby Digital, DTS",0.22180000000000002
training_day,Training Day,89,74,R,"['Drug Content', 'Brief Nudity', 'Pervasive Language', 'Strong Brutal Violence']",2001-10-05,2002-03-19,120,Drama,English,Antoine Fuqua,David Ayer,$76.3M,Warner Bros. Pictures,"Dolby SR, DTS, Dolby Stereo, Surround, SDDS, Dolby A, Dolby Digital",76.3
center_stage,Center Stage,82,42,PG-13,"['Sensuality', 'Language']",2000-05-12,2003-02-04,114,Drama,English,Nicholas Hytner,Carol Heikkinen,$17.2M,"Columbia Pictures, Sony Pictures Entertainment","Dolby Stereo, DTS, SDDS, Surround, Dolby Digital, Dolby SR",17.2
stone,Stone,21,50,R,"['Strong Sexuality', 'Pervasive Language', 'Strong Violence']",2010-10-08,2011-01-18,105,Drama,English,John Curran,Angus MacLachlan,$1.8M,Overture Films,"SDDS, Dolby Digital, DTS",1.8
macbeth_2015,Macbeth,64,80,R,"['Strong Violence', 'Brief Sexuality']",2015-12-04,2016-03-08,113,Drama,English,Justin Kurzel,"Todd Louiso,Jacob Koskoff,Michael Lesslie",$1.1M,Weinstein Co.,Dolby Digital,1.1
shrek_3,Shrek the Third,52,41,PG,"['Suggestive Content', 'Some Crude Humor', 'Swashbuckling Action']",2007-05-18,2007-11-13,93,Comedy,English,Chris Miller,"Jeffrey Price,Peter S. Seaman,Chris Miller,Aron Warner",$320.7M,Paramount Pictures,"Dolby SRD, DTS, SDDS",320.7
1158195-marie_antoinette,Marie Antoinette,56,57,PG-13,"['Partial Nudity', 'Innuendo', 'Sexual Content']",2006-10-13,2007-02-13,123,Drama,English,Sofia Coppola,Sofia Coppola,$16.0M,Columbia Pictures,"SDDS, Dolby Digital, DTS, Dolby SRD",16
molly,Molly,53,14,PG-13,"['Some Sex-Related Material', 'Nudity']",1999-08-16,2000-04-25,89,Drama,English,John Duigan,Dick Christie,$17.4K,Metro-Goldwyn-Mayer Distributing Corp.,Surround,0.0174
zodiac,Zodiac,77,90,R,"['Drug Material', 'Brief Sexual Images', 'Language', 'Some Strong Killings']",2007-03-02,2006-08-29,157,Drama,English,David Fincher,James Vanderbilt,$33.0M,Paramount Pictures,"SDDS, DTS, Dolby Digital, Dolby SRD",33
against_the_ropes,Against the Ropes,29,12,PG-13,"['Crude Language', 'Brief Sensuality', 'Some Drug Material', 'Violence']",2004-02-20,2004-07-13,111,Drama,English,Charles S. Dutton,Cheryl Edwards,$5.9M,Paramount Pictures,"Dolby SRD, DTS, Surround",5.9
miss_congeniality_2,Miss Congeniality 2: Armed and Fabulous,42,15,PG-13,['Sex-Related Humor'],2005-03-24,2005-06-21,115,Comedy,English,John Pasquin,Marc Lawrence,$48.5M,Warner Bros. Pictures,"Surround, Dolby SRD, DTS, SDDS",48.5
forgetting_sarah_marshall,Forgetting Sarah Marshall,76,83,R,"['Sexual Content', 'Language', 'Some Graphic Nudity']",2008-04-18,2008-09-30,112,Comedy,English,Nicholas Stoller,Jason Segel,$62.9M,Universal Pictures,"SDDS, DTS, Dolby SRD",62.9
all_over_the_guy,All Over the Guy,67,43,R,"['Strong Sexual Content', 'Language']",2001-08-10,2001-12-18,95,Comedy,English,Julie Davis,Dan Bucatinsky,$1.0M,Lionsgate Films,Surround,1
behind_the_lines,Regeneration,77,60,R,"['Some War-Related Images', 'Sexuality', 'Language']",1997-08-28,2003-04-22,96,Drama,English,Gillies MacKinnon,"Pat Barker,Allan Scott",$19.3K,Artisan Entertainment,"Dolby, Surround",0.0193
the_disappearance_of_eleanor_rigby_them,The Disappearance of Eleanor Rigby,51,66,R,['Language'],2014-09-12,2015-02-03,123,Drama,English,Ned Benson,Ned Benson,$511.7K,Weinstein Co.,"Datasat, Dolby Digital",0.5117
movie_43,Movie 43,24,4,R,"['Graphic Nudity', 'Dialogue', 'Language', 'Some Violence', 'Strong & Crude Sexual Content']",2013-01-25,2013-06-18,94,Comedy,English,"Steven Brill,Peter Farrelly,Will Graham,Steve Carr,Griffin Dunne,James Stuart Duffy,Jonathan Van Tulleken,Elizabeth Banks,Patrik Forsberg,Brett Ratner,Rusty Cundieff,James Gunn","Will Carlough,Tobias Carlson,Jacob Fleisher,Patrik Forsberg,Will Graham,James Gunn,Claes Kjellström,Jack Kukoda",$8.8M,Relativity Media,"Datasat, Dolby Digital",8.8
jump_tomorrow,Jump Tomorrow,88,82,PG,"['Language', 'Thematic Material', 'Mild Sensuality']",2001-07-13,2016-03-22,95,Comedy,English,Joel Hopkins,Joel Hopkins,$187.5K,IFC Films,"Surround, Dolby SR, Dolby Digital, Dolby A, Dolby Stereo",0.1875
one_good_cop,One Good Cop,32,14,R,"['Violence', 'Language', 'Drug Content']",1991-05-03,2003-03-04,105,Drama,English,Heywood Gould,Heywood Gould,$11.3M,Buena Vista Pictures,"Surround, Dolby",11.3
unaccompanied_minors,Unaccompanied Minors,53,30,PG,"['Mild Rude Humor', 'Language']",2006-12-08,2007-08-07,89,Comedy,English,Paul Feig,"Paul Feig,Sandra Tsing Loh",$16.6M,Warner Bros.,"Dolby SRD, DTS, SDDS",16.6
tigerland,Tigerland,71,77,R,"['Language', 'Drug Use', 'Strong Sexuality', 'Violence']",2000-09-13,2003-04-15,109,Drama,English,Joel Schumacher,"Ross Klavan,Michael McGruther",$139.3K,20th Century Fox,"Surround, Dolby SR, Dolby Digital, Dolby Stereo",0.1393
the_ex,The Ex,32,19,PG-13,"['Brief Language', 'A Drug Reference', 'Sexual Content']",2007-05-11,2007-08-21,90,Comedy,English,Jesse Peretz,"David Guion,Michael Handelman",$3.1M,Metro-Goldwyn-Mayer,"SDDS, DTS, Dolby SRD",3.1
all_about_the_benjamins,All About the Benjamins,77,31,R,"['Strong Violence', 'Pervasive Language', 'Brief Sexuality']",2002-03-08,2002-08-20,98,Comedy,English,Kevin Bray,"Ice Cube,Ronald Lang",$25.5M,New Line Cinema,"Dolby Stereo, Dolby Digital, Dolby A, Surround, Dolby SR",25.5
muppets_most_wanted,Muppets Most Wanted,58,80,PG,['Some Mild Action'],2014-03-21,2014-08-12,106,Comedy,English,James Bobin,"James Bobin,Nicholas Stoller",$51.2M,Walt Disney,Dolby Digital,51.2
ice_age,Ice Age,82,77,PG,['Mild Peril'],2002-03-15,2005-02-08,81,Comedy,English,Chris Wedge,"Michael J. Wilson,Michael Berg,Peter Ackerman,Michael J. Wilson",$176.4M,20th Century Fox,"Dolby Stereo, Dolby Digital, Dolby A, Surround, Dolby SR",176.4
the_hitmans_wifes_bodyguard,The Hitman's Wife's Bodyguard,79,26,R,"['Some Sexual Content', 'Pervasive Language', 'Strong Bloody Violence']",2021-06-16,2021-07-23,100,Comedy,English,Patrick Hughes,"Tom O'Connor,Phillip Murphy,Brandon Murphy",$38.0M,Lionsgate,Dolby Digital,38
step_up_3,Step Up 3,64,46,PG-13,['Brief Strong Language'],2010-08-06,2010-12-21,106,Drama,English,Jon M. Chu,"Amy Andelson,Emily Meyer",$42.4M,Walt Disney,"Dolby Digital, DTS, SDDS",42.4
parker_2012,Parker,48,41,R,"['Brief Sexual Content', 'Brief Nudity', 'Language Throughout', 'Strong Violence']",2013-01-25,2013-05-07,118,Drama,English,Taylor Hackford,John J. McLaughlin,$17.6M,FilmDistrict,"Datasat, Dolby Digital",17.6
1105990-heartbreakers,Heartbreakers,51,54,PG-13,['Sex-Related Material'],2001-03-23,2002-04-02,123,Comedy,English,David Mirkin,"Robert Dunn,Paul Guay,Stephen Mazur",$40.3M,Metro-Goldwyn-Mayer,"Dolby SR, DTS, Dolby Stereo, Surround, SDDS, Dolby A, Dolby Digital",40.3
1104207-panic,Panic,62,91,R,"['Language', 'Elements of Violence']",2000-01-22,2001-06-19,90,Drama,English,Henry Bromell,Henry Bromell,$775.8K,"Roxie Releasing, Artisan Entertainment","Dolby Digital, Dolby A, Dolby SR",0.7757999999999999
1108389-pearl_harbor,Pearl Harbor,66,24,PG-13,"['Images of Wound', 'Brief Sensuality', 'Intense War Sequences', 'Some Language']",2001-05-25,2001-04-24,183,Drama,English,Michael Bay,Randall Wallace,$198.5M,"Touchstone Pictures, Buena Vista Pictures, Buena Vista Home Video (BVHV)","Dolby A, Surround, Dolby Digital, Dolby Stereo, Dolby SR, SDDS, DTS",198.5
clone_wars,Star Wars: The Clone Wars,40,18,PG,"['Momentary Smoking', 'Brief Language', 'Sci-Fi Action Violence Through']",2008-08-15,2008-11-11,98,Sci-fi,English,Dave Filoni,"Henry Gilroy,Steven Melching,Scott Murphy",$456.8K,Warner Bros.,"Dolby SRD, DTS, SDDS",0.4568
1120292-spider,Spider,68,85,R,"['Language', 'Brief Violence', 'Sexuality']",2003-02-28,2017-10-01,98,Drama,English,David Cronenberg,"Patrick McGrath,Patrick McGrath,David Cronenberg",$1.6M,Sony Pictures Classics,"Dolby Stereo, Dolby Digital, Dolby A, Surround, Dolby SR",1.6
sausage_party,Sausage Party,50,82,R,"['Pervasive Language', 'Drug Use', 'Strong Crude Sexual Content']",2016-08-12,2016-11-08,89,Comedy,English,"Conrad Vernon,Greg Tiernan","Kyle Hunter,Ariel Shaffir,Seth Rogen,Evan Goldberg",$97.7M,Sony Pictures Entertainment,"DTS, Dolby Digital, Dolby Atmos",97.7
blackhat,Blackhat,24,33,R,"['Violence', 'Some Language']",2015-01-16,2015-05-12,134,Drama,English,Michael Mann,Morgan Davis Foehl,$7.8M,Universal Pictures,"Datasat, Dolby Digital",7.8
duplex,Duplex,40,35,PG-13,"['Sexual Content', 'Language', 'Some Violence']",2003-09-26,2004-03-02,89,Comedy,English,Danny DeVito,Larry Doyle,$9.7M,Miramax Films,Surround,9.7
midnight_special_2015,Midnight Special,67,83,PG-13,"['Some Violence', 'Action']",2016-04-08,2016-06-21,111,Sci-fi,English,Jeff Nichols,Jeff Nichols,$3.7M,Warner Bros. Pictures,Dolby Digital,3.7
jason_x,Jason X,25,19,R,"['Some Sexuality', 'Language', 'Strong Horror Violence']",2002-04-26,2002-10-08,92,Sci-fi,English,James Isaac,"Victor Miller,Todd Farmer",$12.6M,"New Line Cinema, New Line Home Video [us]","Dolby SR, DTS, Dolby Stereo, Surround, SDDS, Dolby A, Dolby Digital",12.6
mean_girls,Mean Girls,66,84,PG-13,"['Sexual Content', 'Language']",2004-04-30,2004-09-21,97,Comedy,English,Mark Waters,Tina Fey,$86.1M,Paramount Pictures,"Dolby SRD, DTS, Surround",86.1
americas_sweethearts,America's Sweethearts,40,32,PG-13,"['Language', 'Crude Humor', 'Sexual Humor']",2001-07-20,2006-01-31,102,Comedy,English,Joe Roth,"Billy Crystal,Peter Tolan",$93.6M,Columbia Pictures,"Dolby SR, DTS, Dolby Stereo, Surround, SDDS, Dolby A, Dolby Digital",93.6
mission_to_mars,Mission to Mars,30,24,PG,"['Sci-Fi Violence', 'Language']",2000-03-10,2003-09-02,112,Sci-fi,English,Brian De Palma,"Lowell Cannon,John Thomas,John Thomas,Jim Thomas,Jim Thomas,Graham Yost",$60.9M,"Touchstone Pictures, Buena Vista Pictures","SDDS, Surround, Dolby EX, DTS, Dolby Digital",60.9
illusion_2006,Illusion,87,36,PG-13,['Some Violence'],2004-10-23,2015-11-12,106,Drama,English,Michael A. Goorjian,"Michael A. Goorjian,Chris Horvath,Tressa DiFiglia",$9.3K,Entitled Entertainment,Dolby Digital,0.009300000000000001
chocolat,Chocolat,83,63,PG-13,"['Some Violence', 'Scene of Sexuality']",2001-01-05,2002-04-08,121,Drama,English,Lasse Hallström,"Joanne Harris,Robert Nelson Jacobs",$165.5K,Miramax Films,"SDDS, Dolby Digital, DTS, Surround, Dolby SR",0.1655
mighty_heart,A Mighty Heart,70,79,R,['Language'],2007-06-22,2013-01-01,103,Drama,English,Michael Winterbottom,John Orloff,$9.2M,Paramount Pictures,"SDDS, Dolby Digital, DTS, Dolby SRD",9.2
avengers_endgame,Avengers: Endgame,90,94,PG-13,"['Sequences of Sci-Fi Violence', 'Action', 'Some Language']",2019-04-26,2019-07-30,181,Sci-fi,English,"Anthony Russo,Joe Russo","Christopher Markus,Stephen McFeely",$858.4M,Walt Disney,"Dolby Atmos, DTS, SDDS, Dolby Digital",858.4
code_name_the_cleaner,Code Name: The Cleaner,38,4,PG-13,"['Sexual Content', 'Crude Humor', 'Some Violence']",2007-01-05,2007-04-24,91,Comedy,English,Les Mayfield,"Robert Adetuyi,George Gallo",$8.1M,New Line Cinema,"Dolby SRD, DTS, SDDS",8.1
low_down_dirty_shame,A Low Down Dirty Shame,71,4,R,"['Violence', 'Strong Language', 'Brief Sexuality']",1994-11-23,2004-01-13,100,Comedy,English,Keenen Ivory Wayans,Keenen Ivory Wayans,$29.4M,Buena Vista Pictures,"Surround, Stereo, Dolby SR",29.4
looking_for_comedy_in_the_muslim_world,Looking for Comedy in the Muslim World,27,42,PG-13,"['Drug Content', 'Brief Strong Language']",2006-01-20,2006-08-29,99,Comedy,English,Albert Brooks,Albert Brooks,$887.4K,Warner Independent,Dolby SR,0.8874
the_woman_king,The Woman King,99,94,PG-13,"['Partial Nudity', 'Brief Language', 'Sequences of Strong Violence', 'Some Disturbing Material', 'Thematic Content']",2022-09-16,2022-12-13,135,Drama,English,Gina Prince-Bythewood,Dana Stevens,$67.1M,TriStar Pictures,Dolby Digital,67.1
a-rumor-of-angels,A Rumor of Angels,75,32,PG-13,"['Accident Scene', 'Thematic Elements']",2002-02-01,2017-03-23,106,Drama,English,Peter O'Fallon,"Grace Duffie Boylan,James Eric,Jamie Horton,Peter O'Fallon",$38.2K,Metro-Goldwyn-Mayer,"Dolby Stereo, Dolby Digital, Dolby A, Dolby SR",0.038200000000000005
daddys_little_girls,Daddy's Little Girls,81,26,PG-13,"['Language', 'Drug and Sexual Content', 'Some Violence', 'Thematic Material']",2007-02-14,2007-06-12,95,Drama,English,Tyler Perry,Tyler Perry,$31.3M,Lionsgate Films,"SDDS, Dolby Digital, DTS, Dolby SRD",31.3
fences_2016,Fences,75,92,PG-13,"['Some Suggestive References', 'Language', 'Thematic Elements']",2016-12-25,2017-03-14,133,Drama,English,Denzel Washington,August Wilson,$57.6M,Paramount Pictures,Dolby Digital,57.6
max,Max,64,69,R,['Language'],2002-12-27,2003-05-20,109,Drama,English,Menno Meyjes,Menno Meyjes,$527.0K,Lionsgate Films,"Stereo, Dolby SR, Dolby Digital, Surround, Dolby A, Dolby Stereo",0.527
harriet,Harriet,97,74,PG-13,"['Racial Epithets', 'Language', 'Thematic Content Throughout', 'Violent Material']",2019-11-01,2019-11-01,125,Drama,English,Kasi Lemmons,"Kasi Lemmons,Gregory Allen Howard",$43.0M,Focus Features,Dolby Atmos,43
draft_day,Draft Day,65,60,PG-13,"['Sexual References', 'Brief Strong Language']",2014-04-11,2014-09-02,109,Drama,English,Ivan Reitman,"Rajiv Joseph,Scott Rothman",$28.8M,Lionsgate Films,"Datasat, Dolby Digital",28.8
finding_dory,Finding Dory,84,94,PG,['Mild Thematic Elements'],2016-06-17,2016-11-15,103,Comedy,English,Andrew Stanton,"Andrew Stanton,Victoria Strouse",$486.2M,Walt Disney,"Datasat, Dolby Atmos, SDDS, DTS, Dolby Digital",486.2
everybody_wants_some,Everybody Wants Some!!,68,87,R,"['Language Throughout', 'Drug Use', 'Sexual Content', 'Some Nudity']",2016-04-22,2016-07-12,116,Comedy,English,Richard Linklater,Richard Linklater,$3.4M,Paramount Pictures,Dolby Digital,3.4
crazy_stupid_love_2011,"Crazy, Stupid, Love.",78,79,PG-13,"['Language', 'Coarse Humor', 'Sexual Content']",2011-07-29,2011-11-01,118,Comedy,English,"Glenn Ficarra,John Requa",Dan Fogelman,$84.3M,Warner Bros. Pictures,"SDDS, Dolby Digital, DTS",84.3
the-company-men,The Company Men,55,67,R,"['Language', 'Brief Nudity']",2011-01-21,2011-06-07,115,Drama,English,John Wells,John Wells,$4.4M,Weinstein Co.,Dolby,4.4
friends_with_kids,Friends With Kids,49,67,R,"['Sexual Content', 'Language']",2012-03-09,2012-07-17,100,Comedy,English,Jennifer Westfeldt,Jennifer Westfeldt,$7.3M,Roadside Attractions,Dolby Digital,7.3
the_astronaut_farmer,The Astronaut farmer,49,58,PG,"['Thematic Material', 'Peril', 'Language']",2007-02-23,2008-05-06,105,Drama,English,Michael Polish,"Michael Polish,Mark Polish",$11.0M,Warner Bros.,"Dolby SRD, DTS, SDDS",11
living_2022,Living,86,96,PG-13,"['Smoking', 'Some Suggestive Material']",2022-12-23,2023-03-03,102,Drama,English,Oliver Hermanus,Kazuo Ishiguro,$3.0M,Sony Pictures Classics,Dolby Digital,3
planes_fire_and_rescue,Planes: Fire & Rescue,56,45,PG,"['Some Peril', 'Action']",2014-07-18,2014-11-04,83,Comedy,English,Bobs Gannaway,"Bobs Gannaway,Jeffrey M. Howard",$59.2M,Walt Disney,Dolby Atmos,59.2
isle_of_dogs_2018,Isle of Dogs,87,90,PG-13,"['Thematic Elements', 'Some Violent Images']",2018-04-06,2018-07-17,101,Comedy,English,Wes Anderson,Wes Anderson,$31.9M,Fox Searchlight,Dolby Digital,31.9
storks,Storks,62,65,PG,"['Some Thematic Elements', 'Mild Action']",2016-09-23,2016-12-20,83,Comedy,English,"Nicholas Stoller,Doug Sweetland",Nicholas Stoller,$72.7M,Warner Bros. Pictures,"Dolby Atmos, DTS, Dolby Digital, Datasat",72.7
sorority_boys,Sorority Boys,54,12,R,"['Nudity', 'Crude Sexual Content', 'Some Drug Use', 'Strong Language']",2002-03-22,2005-05-03,93,Comedy,English,Wallace Wolodarsky,"Joe Jarvis,Greg Coolidge",$10.2M,Touchstone Pictures,"Surround, Dolby SR, Dolby Digital, Dolby A, Dolby Stereo",10.2
out_cold,Out Cold,84,8,PG-13,"['Language', 'Crude Humor', 'Sexual Humor', 'Substance Abuse']",2001-11-21,2004-02-03,89,Comedy,English,"Brendan Malloy,Emmett Malloy",Jon Zack,$13.9M,"Touchstone Pictures, Buena Vista Pictures","Surround, Dolby SR, Dolby Digital, Dolby A, Dolby Stereo",13.9
oblivion_2013,Oblivion,61,54,PG-13,"['Nudity', 'Brief Strong Language', 'Sci-Fi Action Violence', 'Some Sensuality']",2013-04-19,2013-08-06,135,Sci-fi,English,Joseph Kosinski,"Karl Gajdusek,Michael Arndt",$89.0M,Universal Pictures,"Dolby SRD, DTS, SDDS",89
pi,Pi,85,88,R,"['Some Disturbing Images', 'Language']",1998-07-10,2002-02-26,85,Drama,English,Darren Aronofsky,"Darren Aronofsky,Sean Gullette,Eric Watson,Darren Aronofsky",$3.2M,Artisan Entertainment,Dolby Stereo,3.2
encanto_2021,Encanto,93,91,PG,"['Some Thematic Elements', 'Mild Peril']",2021-11-24,2021-12-24,99,Comedy,English,"Jared Bush,Byron Howard","Charise Castro Smith,Jared Bush",$96.1M,Walt Disney,"DTS, Dolby Digital, Dolby Atmos",96.1
shaggy_dog,The Shaggy Dog,39,26,PG,['Some Mild Rude Humor'],2006-03-10,2006-08-01,99,Comedy,English,Brian Robbins,"Cormac Wibberley,Marianne Wibberley,Geoff Rodkey,Jack Amiel,Michael Begler",$61.1M,Buena Vista Pictures,"Dolby SRD, DTS, SDDS",61.1
flightplan,Flightplan,48,37,PG-13,"['Violence', 'Intense Plot Material']",2005-09-23,2006-01-24,98,Drama,English,Robert Schwentke,"Terry Hayes,Billy Ray",$89.7M,Buena Vista Pictures,"Surround, Dolby SRD, DTS, SDDS",89.7
1097859-sunshine,Sunshine,81,74,R,"['Strong Sexuality', 'Nudity', 'Language', 'Violence']",1999-09-13,2001-05-08,180,Drama,English,István Szabó,"István Szabó,István Szabó,Israel Horovitz",$6.1M,Paramount Pictures,"Surround, Dolby SR, Dolby Digital, DTS, SDDS",6.1
scary_movie_4,Scary Movie 4,51,34,PG-13,"['Language', 'Crude and Sexual Humor', 'Some Comic Violence']",2006-04-14,2006-08-15,83,Comedy,English,David Zucker,"Jim Abrahams,Craig Mazin,Pat Proft",$90.7M,Weinstein Co.,"SDDS, DTS, Dolby SRD",90.7
think_like_a_man_too,Think Like a Man Too,59,23,PG-13,"['Drug Material', 'Crude Sexual Content', 'Language', 'Partial Nudity']",2014-06-20,2014-09-16,105,Comedy,English,Tim Story,"Keith Merryman,David A. Newman",$65.1M,Sony Pictures Entertainment,"Dolby Digital, Datasat",65.1
overboard_2018,Overboard,54,23,PG-13,"['Some Language', 'Partial Nudity', 'Suggestive Material']",2018-05-04,2018-07-13,112,Comedy,English,Rob Greenberg,"Bob Fisher,Rob Greenberg,Leslie Dixon",$50.2M,Pantelion Films,Dolby Digital,50.2
great_debaters,The Great Debaters,86,80,PG-13,"['Disturbing Images', 'Brief Sexuality', 'Language', 'Strong Thematic Material', 'Violence']",2007-12-25,2008-05-13,127,Drama,English,Denzel Washington,Robert Eisele,$30.2M,Weinstein Co.,"Dolby SRD, DTS, SDDS",30.2
1131155-envy,Envy,27,8,PG-13,"['Language', 'Crude Humor', 'Sexual Humor']",2004-04-30,2009-11-10,99,Comedy,English,Barry Levinson,Steve Adams,$12.2M,DreamWorks SKG,"SDDS, Dolby SRD, DTS, Surround",12.2
messenger_the_story_of_joan_of_arc,The Messenger: The Story of Joan of Arc,58,32,R,"['Some Language', 'Rape', 'Strong Graphic Battles']",1999-11-12,2000-04-04,148,Drama,English,Luc Besson,"Luc Besson,Andrew Birkin",$14.3M,Columbia Pictures,"Dolby SR, DTS, SDDS, Dolby EX, Surround, Dolby A, Dolby Digital",14.3
reservoir_dogs,Reservoir Dogs,94,90,R,"['Strong Violence', 'Language']",1992-10-23,2003-03-18,105,Drama,English,Quentin Tarantino,"Roger Avary,Quentin Tarantino",$2.5M,"Miramax Films, Artisan Entertainment","Stereo, Dolby Stereo, Surround",2.5
passengers_2016,Passengers,63,30,PG-13,"['Nudity', 'Action/Peril', 'Sexuality']",2016-12-21,2017-03-14,111,Sci-fi,English,Morten Tyldum,Jon Spaihts,$100.0M,Sony Pictures Entertainment,Dolby Atmos,100
the_closer_you_get,The Closer You Get,46,32,PG-13,"['Some Sexual Material', 'Brief Language']",2000-02-25,2006-01-10,90,Comedy,English,Aileen Ritchie,"Herbie Wave,William Ivory",$221.9K,"20th Century Fox, Fox","Dolby, Surround, Dolby Stereo",0.22190000000000001
x2_xmen_united,X2,85,85,PG-13,"['Sci-Fi Action', 'Brief Language', 'Sci-Fi Violence', 'Some Sexuality']",2003-05-02,2004-05-25,134,Sci-fi,English,Bryan Singer,"Dan Harris,Michael Dougherty,David Hayter,Bryan Singer,Zak Penn",$214.9M,20th Century Fox,"Dolby SR, DTS, Dolby Stereo, Surround, Dolby A, Dolby Digital",214.9
bullet_train_2022,Bullet Train,76,54,R,"['Pervasive Language', 'Brief Sexuality', 'Strong and Bloody Violence']",2022-08-05,2022-12-03,126,Comedy,English,David Leitch,Zak Olkewicz,$103.1M,Columbia Pictures,Dolby Atmos,103.1
avatar,Avatar,82,82,PG-13,"['Language', 'Warfare', 'Intense Battle Sequences', 'Sensuality', 'Some Smoking']",2009-12-18,2010-04-22,155,Sci-fi,English,James Cameron,James Cameron,$23.5M,20th Century Fox,"DTS, Dolby, Dolby Digital, SDDS",23.5
win_a_date_with_tad_hamilton,Win a Date With Tad Hamilton!,47,55,PG-13,"['Sexual Content', 'Language', 'Some Drug References']",2004-01-23,2005-08-23,96,Comedy,English,Robert Luketic,Victor Levin,$17.0M,DreamWorks SKG,"Surround, Dolby SRD, DTS, SDDS",17
noah_2014,Noah,41,75,PG-13,"['Disturbing Images', 'Brief Suggestive Content', 'Violence']",2014-03-28,2014-07-29,137,Drama,English,Darren Aronofsky,"Darren Aronofsky,Ari Handel",$101.2M,Paramount Pictures,"Dolby Atmos, Datasat",101.2
1112951-time_machine,The Time Machine,37,28,PG-13,['Intense Action Violence'],2002-03-08,2002-07-23,96,Sci-fi,English,Simon Wells,John Logan,$56.7M,"DreamWorks SKG, Warner Bros. Pictures","Dolby SR, DTS, Dolby Stereo, Surround, SDDS, Dolby A, Dolby Digital",56.7
interpreter,The Interpreter,54,57,PG-13,"['Some Sexual Content', 'Brief Strong Language', 'Violence']",2005-04-22,2007-07-10,123,Drama,English,Sydney Pollack,Charles Randolph,$72.5M,Universal Pictures,"Dolby SRD, DTS, SDDS",72.5
wolverine,X-Men Origins: Wolverine,58,38,PG-13,"['Some Partial Nudity', 'Intense Sequences of Action', 'Violence']",2009-05-01,2009-09-15,108,Sci-fi,English,Gavin Hood,"David Benioff,Skip Woods",$179.9M,20th Century Fox,"Dolby Digital, DTS",179.9
life_aquatic,The Life Aquatic With Steve Zissou,82,57,R,"['Partial Nudity', 'Language', 'Some Drug Use', 'Violence']",2004-12-25,2005-05-10,118,Comedy,English,Wes Anderson,"Wes Anderson,Noah Baumbach",$24.0M,Buena Vista Pictures,"Surround, Dolby SRD, DTS, SDDS",24
keeping_the_faith,Keeping the Faith,59,69,PG-13,"['Some Sexuality', 'Language']",2000-04-14,2004-06-01,127,Comedy,English,Ed Norton,Stuart Blumberg,$37.0M,Touchstone Pictures,"DTS-ES, Dolby Digital, SDDS, DTS, Surround, Dolby SR, Dolby Stereo",37
meet_the_parents,Meet the Parents,79,84,PG-13,"['Language', 'Drug References', 'Sexual Content']",2000-10-06,2003-11-25,108,Comedy,English,Jay Roach,"John Hamburg,Jim Herzfeld,Greg Glienna,Mary Ruth Clarke",$166.2M,"DreamWorks SKG, Universal Pictures","SDDS, Dolby Digital, DTS, Surround, Dolby SR",166.2
riddick,Riddick,56,57,R,"['Some Sexual Content/Nudity', 'Language', 'Strong Violence']",2013-09-06,2014-01-14,118,Sci-fi,English,David Twohy,David Twohy,$42.0M,Universal Pictures,"Dolby Digital, Datasat, SDDS",42
men_women_and_children,"Men, Women & Children",44,33,R,"['Language', 'Graphic Dialogue Throughout', 'Some Involving Teens', 'Strong Sexual Content']",2014-10-17,2015-01-13,119,Drama,English,Jason Reitman,"Jason Reitman,Erin Cressida Wilson",$668.0K,Paramount Pictures,"Datasat, Dolby Digital",0.668
sunshine_state,Sunshine State,58,80,PG-13,"['Thematic Elements', 'Sexual References', 'Brief Strong Language']",2002-06-21,2012-04-16,141,Drama,English,John Sayles,John Sayles,$3.1M,Sony Pictures Classics,"Surround, Dolby Stereo, Dolby Digital, Dolby A, SDDS",3.1
snipes,Snipes,77,25,R,"['Violence', 'Brief Nudity', 'Some Drug Use', 'Language']",2002-10-04,2004-11-16,113,Drama,English,Rich Murray,"Rob Wiser,Rich Murray",$70.1K,20th Century Fox,"Dolby Stereo, Dolby A, Dolby SR, Dolby Digital",0.0701
the-croods,The Croods,77,71,PG,['Some Scary Action'],2013-03-22,2013-10-01,98,Comedy,English,"Christopher Sanders,Kirk DeMicco","Kirk DeMicco,Christopher Sanders",$187.2M,20th Century Fox,"Dolby Digital, SDDS, Dolby Atmos, Datasat, DTS",187.2
inherent_vice,Inherent Vice,53,74,R,"['Graphic Nudity', 'Drug Use Throughout', 'Language', 'Sexual Content', 'Some Violence']",2015-01-09,2015-04-28,148,Comedy,English,Paul Thomas Anderson,Paul Thomas Anderson,$8.1M,Warner Bros. Pictures,"Datasat, Dolby Digital",8.1
deepwater_horizon,Deepwater Horizon,82,82,PG-13,"['Disturbing Images', 'Brief Strong Language', 'Intense Disaster Sequences']",2016-09-30,2017-01-10,107,Drama,English,Peter Berg,"Matthew Michael Carnahan,Matthew Sand",$61.4M,Lionsgate Films,"DTS, Dolby Atmos",61.4
all_the_real_girls,All the Real Girls,78,71,R,"['Some Sexuality', 'Language']",2003-02-14,2003-08-19,108,Drama,English,David Gordon Green,David Gordon Green,$548.7K,Sony Pictures Classics,Surround,0.5487000000000001
i_spy,I Spy,33,15,PG-13,"['Language', 'Action/Violence', 'Some Sexual Content']",2002-11-01,2004-06-04,96,Comedy,English,Betty Thomas,"Cormac Wibberley,Marianne Wibberley,Jay Scherick,David Ronn,Cormac Wibberley,Marianne Wibberley,David Friedkin,Morton S. Fine",$33.1M,Columbia Pictures,"Dolby Stereo, Dolby A, SDDS, DTS, Surround, Dolby Digital, Dolby SR",33.1
personal_shopper,Personal Shopper,52,81,R,"['Nudity', 'A Bloody Violent Image', 'Sexuality', 'Some Language']",2017-03-10,2017-10-10,105,Drama,English,Olivier Assayas,Olivier Assayas,$1.3M,IFC Films,Dolby Digital,1.3
rosewater,Rosewater,68,76,R,"['Some Crude References', 'Language', 'Violent Content']",2014-11-07,2015-02-10,103,Drama,English,Jon Stewart,Jon Stewart,$3.1M,Open Road,Dolby Digital,3.1
if_i_stay,If I Stay,61,35,PG-13,"['Thematic Elements', 'Some Sexual Material']",2014-08-22,2014-11-18,106,Drama,English,R.J. Cutler,Shauna Cross,$50.5M,Warner Bros. Pictures,"Datasat, Dolby Digital",50.5
yogi_bear_2010,Yogi Bear,34,13,PG,['Some Mild Rude Humor'],2010-12-17,2011-03-22,80,Comedy,English,Eric Brevig,"Jeffrey Ventimilia,Joshua Sternin,Brad Copeland",$100.2M,Warner Bros. Pictures,"DTS, Dolby Digital, SDDS",100.2
honey_boy,Honey Boy,92,95,R,"['Pervasive Language', 'Drug Use', 'Some Sexual Material']",2019-11-08,2020-02-05,93,Drama,English,Alma Har'el,Shia LaBeouf,$3.0M,Amazon Studios,Dolby Atmos,3
confidence,Confidence,70,69,R,"['Nudity', 'Language', 'Sexuality', 'Violence']",2003-04-25,2006-10-03,98,Drama,English,James Foley,Doug Jung,$12.2M,Lionsgate Films,"SDDS, Dolby SR, Dolby Digital, Surround, Dolby A, Dolby Stereo",12.2
state_property,State Property,74,0,R,"['Strong Sexuality', 'Nonstop Language', 'Drug Content', 'Strong Violence']",2002-01-18,2002-05-28,93,Drama,English,Abdul Malik Abbott,"Abdul Malik Abbott,Ernest ""Tron"" Anderson,Ernest ""Tron"" Anderson",$2.1M,Lionsgate Films,"Surround, Dolby SR, Dolby Digital, Dolby A, Dolby Stereo",2.1
1090759-deep_blue_sea,Deep Blue Sea,39,60,R,"['Language', 'Graphic Shark Attacks']",1999-07-28,2009-09-08,105,Sci-fi,English,Renny Harlin,"Donna Powers,Wayne Powers,Duncan Kennedy",$73.6M,Warner Bros. Pictures,"Dolby SR, DTS, Dolby Stereo, Surround, SDDS, Dolby A, Dolby Digital",73.6
cider_house_rules,The Cider House Rules,77,71,PG-13,"['Nudity', 'Mature Themes', 'Sexuality', 'Substance Abuse', 'Violence']",1999-09-07,2000-08-15,131,Drama,English,Lasse Hallström,"John Irving,John Irving",$57.5M,Miramax Films,"Surround, Dolby Digital, DTS, SDDS",57.5
prime,Prime,52,50,PG-13,"['Language', 'Including Dialogue', 'Sexual Content']",2005-10-28,2006-03-07,105,Comedy,English,Ben Younger,Ben Younger,$22.7M,Universal Pictures,"SDDS, Dolby SRD, DTS, Surround",22.7
remember_the_titans,Remember the Titans,93,72,PG,"['Thematic Elements', 'Some Language']",2000-09-29,2003-01-14,113,Drama,English,Boaz Yakin,Gregory Allen Howard,$115.8M,Buena Vista Pictures,"SDDS, Dolby Digital, DTS, Surround, Dolby SR",115.8
just_married,Just Married,47,20,PG-13,"['Sexual Content', 'Brief Drug References', 'Some Crude Humor']",2003-01-10,2003-06-17,94,Comedy,English,Shawn Levy,Sam Harper,$56.1M,20th Century Fox,"Dolby Stereo, Dolby Digital, Dolby A, Surround, DTS, Dolby SR",56.1
the_light_between_oceans,The Light Between Oceans,61,62,PG-13,"['Thematic Material', 'Some Sexual Content']",2016-09-02,2017-01-24,133,Drama,English,Derek Cianfrance,Derek Cianfrance,$12.5M,Walt Disney,Dolby Digital,12.5
mike_and_dave_need_wedding_dates,Mike and Dave Need Wedding Dates,51,38,R,"['Drug Use', 'Crude Sexual Content', 'Language Throughout', 'Some Graphic Nudity']",2016-07-08,2016-09-27,98,Comedy,English,Jake Szymanski,"Andrew Jay Cohen,Brendan O'Brien",$46.0M,20th Century Fox,Dolby Digital,46
tulip_fever,Tulip Fever,43,10,R,['Sexual Content and Nudity'],2017-09-01,2017-11-14,107,Drama,English,Justin Chadwick,"Tom Stoppard,Deborah Moggach",$2.4M,Weinstein Co.,Dolby Digital,2.4
1101191-blow_dry,Blow Dry,55,19,R,"['Some Language', 'Brief Nudity']",2001-03-07,2002-02-05,91,Comedy,English,Paddy Breathnach,Simon Beaufoy,$637.8K,"Pacifica Film Distribution, Intermedia Films, Miramax Films","Dolby Stereo, Dolby Digital, Dolby A, Surround, Dolby SR",0.6377999999999999
blank_check,Blank Check,34,9,PG,"['Some Threatening Situations', 'Language']",1994-02-11,2004-01-13,93,Comedy,English,Rupert Wainwright,"Blake Snyder,Colby Carr",$30.6M,"Walt Disney Pictures, Buena Vista International [us], Buena Vista Pictures","Dolby, Surround",30.6
human_traffic,Human Traffic,89,59,R,"['Strong Sexuality', 'Language', 'Drug Content']",2000-05-05,2002-03-05,99,Comedy,English,Justin Kerrigan,Justin Kerrigan,$104.3K,Miramax Films,"Surround, Dolby SR, Dolby Digital, DTS, SDDS",0.1043
titan_ae,Titan A.E.,61,50,PG,"['Brief Language', 'Action/Violence', 'Mild Sensuality']",2000-06-16,2000-11-07,95,Sci-fi,English,"Don Bluth,Gary Goldman","Hans Bauer,Randall McCormick,Ben Edlund,John August,Joss Whedon",$22.8M,20th Century Fox,"SDDS, Dolby Digital, DTS, Surround, Dolby SR",22.8
scouts_guide_to_the_zombie_apocalypse,Scouts Guide to the Zombie Apocalypse,48,44,R,"['Language Throughout', 'Graphic Nudity', 'Sexual Material', 'Zombie Violence and Gore']",2015-10-30,2016-01-05,93,Comedy,English,Christopher Landon,"Carrie Lee Wilson,Emi Mochizuki,Christopher Landon",$3.7M,Paramount Pictures,"Datasat, Dolby Digital",3.7
salton_sea,The Salton Sea,82,63,R,"['Language', 'Drug Use', 'Some Sexuality', 'Strong Violence']",2002-04-26,2002-09-10,103,Drama,English,D.J. Caruso,Tony Gayton,$676.7K,Warner Bros. Pictures,"Surround, Dolby SR, Dolby Digital, Dolby A, Dolby Stereo",0.6767000000000001
shazam,Shazam!,82,90,PG-13,"['Language', 'Intense Sequences of Action', 'Suggestive Material']",2019-04-05,2019-07-02,132,Comedy,English,David F. Sandberg,Henry Gayden,$140.4M,Warner Bros. Pictures,Dolby Atmos,140.4
original_kings_of_comedy,The Original Kings of Comedy,79,83,R,['Language and Sex Related Humor'],2000-08-18,2001-02-27,115,Comedy,English,Spike Lee,"Cedric the Entertainer,Steve Harvey,D.L. Hughley,Bernie Mac",$38.2M,Paramount Pictures,"Surround, Dolby Digital, DTS",38.2
1082432-wide_awake,Wide Awake,66,45,PG,"['Language', 'Thematic Elements']",1998-03-20,2005-01-11,88,Drama,English,M. Night Shyamalan,M. Night Shyamalan,$258.2K,Miramax Films,"Surround, Dolby Stereo",0.2582
letters_from_iwo_jima,Letters From Iwo Jima,86,91,R,['Graphic War Violence'],2007-02-09,2008-05-06,141,Drama,English,Clint Eastwood,Iris Yamashita,$13.8M,Warner Bros.,"Dolby Digital, DTS, SDDS",13.8
good_shepherd,The Good Shepherd,51,56,R,"['Sexuality', 'Language', 'Some Violence']",2006-12-22,2007-04-03,168,Drama,English,Robert De Niro,Eric Roth,$59.9M,Universal Pictures,"Dolby SRD, DTS, SDDS",59.9
abandon,Abandon,31,16,PG-13,"['Drug Content', 'Alcohol Content', 'Language', 'Sexuality', 'Some Violence']",2002-10-18,2003-03-18,99,Drama,English,Stephen Gaghan,Stephen Gaghan,$10.7M,Paramount Pictures,"Dolby SR, DTS, Dolby Stereo, Surround, Dolby A, Dolby Digital",10.7
hey_arnold_the_movie,Hey Arnold! The Movie,36,29,PG,['Thematic Elements'],2002-06-28,2002-12-31,75,Comedy,English,Tuck Tucker,"Craig Bartlett,Craig Bartlett,Steve Viksten",$13.7M,Paramount Pictures,"Dolby Stereo, Dolby A, SDDS, DTS, Surround, Dolby Digital, Dolby SR",13.7
triangle_of_sadness,Triangle of Sadness,67,71,R,"['Some Sexual Content', 'Language']",2022-10-07,2022-11-22,149,Comedy,English,Ruben Östlund,Ruben Östlund,$4.6M,NEON,"Dolby Atmos, Dolby Digital",4.6
you_got_served,You Got Served,69,14,PG-13,"['Thematic Elements', 'Sexual References']",2004-01-30,2004-05-18,94,Drama,English,Chris Stokes,Chris Stokes,$40.1M,Screen Gems,"Surround, Dolby SRD, DTS, SDDS",40.1
i_robot,"I, Robot",70,56,PG-13,"['Intense Stylized Action', 'Brief Partial Nudity']",2004-07-15,2004-12-14,115,Sci-fi,English,Alex Proyas,"Isaac Asimov,Akiva Goldsman,Jeff Vintar",$144.8M,20th Century Fox,"Dolby SR, DTS, Surround",144.8
paycheck,Paycheck,45,27,PG-13,"['Intense Action Violence', 'Brief Language']",2003-12-25,2004-05-18,119,Sci-fi,English,John Woo,Dean Georgaris,$53.8M,"Paramount Pictures, DreamWorks SKG","Dolby SR, DTS, Surround",53.8
school_of_rock,The School of Rock,64,92,PG-13,"['Some Rude Humor', 'Some Drug References']",2003-10-03,2004-03-02,108,Comedy,English,Richard Linklater,Mike White,$81.3M,Paramount Pictures,Surround,81.3
new_best_friend,New Best Friend,38,5,R,"['Language', 'Drug Use', 'Strong Sexuality']",2002-04-12,2012-04-16,91,Drama,English,Zoe Clarke-Williams,"Victoria Strouse,Scott Ferraiolo",$28.7K,TriStar Pictures,"SDDS, Dolby SR, Dolby Digital, Surround, Dolby A, Dolby Stereo",0.0287
the_beaver_2010,The Beaver,55,62,PG-13,"['Language', 'A Drug Reference', 'Mature Thematic Material', 'Sexuality', 'Some Disturbing Content']",2011-05-06,2011-08-23,91,Drama,English,Jodie Foster,Kyle Killen,$958.3K,Summit Entertainment,"Dolby Digital, DTS",0.9582999999999999
last_orders,Last Orders,72,79,R,"['Some Language', 'Sexuality']",2002-02-15,2014-01-28,109,Drama,English,Fred Schepisi,"Fred Schepisi,Graham Swift",$2.3M,Sony Pictures Classics,"Dolby Stereo, Dolby Digital, Dolby A, Surround, Dolby SR",2.3
escanaba_in_da_moonlight,Escanaba in da Moonlight,79,50,PG-13,['Crude Humor'],2001-01-26,2002-10-15,100,Comedy,English,Jeff Daniels,Jeff Daniels,$2.3M,"Purple Rose Films, Monarch Home Video, Paramount Pictures","Dolby SR, Surround",2.3
bumblebee,Bumblebee,74,91,PG-13,['Sci-Fi Action Violence'],2018-12-21,2019-04-02,114,Sci-fi,English,Travis Knight,Christina Hodson,$127.2M,Paramount Pictures,"Dolby Atmos, Dolby Digital, DTS",127.2
final,Final,35,44,R,['Language'],2001-12-12,2002-06-25,111,Drama,English,Campbell Scott,Bruce McIntosh,$10.8K,Cowboy Pictures,"Dolby Stereo, Dolby A, Dolby SR, Dolby Digital, Surround",0.0108
wish_you_were_here_2012,Wish You Were Here,49,72,R,"['Language', 'Brief Sexuality', 'Some Drug Content', 'Violence']",2013-06-07,2013-09-10,93,Drama,English,Kieran Darcy-Smith,"Kieran Darcy-Smith,Felicity Price",$45.3K,Entertainment One,Dolby Digital,0.0453
1218217-single_man,A Single Man,81,86,R,"['Sexual Content', 'Nudity', 'Some Disturbing Images']",2009-12-11,2010-07-06,99,Drama,English,Tom Ford,"Tom Ford,David Scearce",$9.2M,Weinstein Co.,Dolby Digital,9.2
formula_51,The 51st State,59,25,R,"['Language', 'Drug Content', 'Some Sexuality', 'Strong Violence']",2002-10-18,2003-02-04,92,Comedy,English,Ronnie Yu,Stel Pavlou,$5.2M,"Screen Gems, Alliance Atlantis Communications Inc.","Surround, Stereo",5.2
life-of-pi,Life of Pi,84,86,PG,"['Peril', 'Emotional Thematic Content', 'Some Scary Action']",2012-11-21,2013-03-12,125,Drama,English,Ang Lee,David Magee,$125.0M,20th Century Fox,"SDDS, Dolby, Datasat",125
mr_woodcock,Mr. Woodcock,32,14,PG-13,"['Crude and Sexual Content', 'A Mild Drug Reference', 'Language', 'Thematic Material']",2007-09-14,2008-01-15,87,Comedy,English,Craig Gillespie,"Michael Carnes,Josh Gilbert",$25.8M,New Line Cinema,"Dolby SRD, DTS, SDDS",25.8
middle_men,Middle Men,56,40,R,"['Language', 'Drug Use', 'Nudity', 'Strong Sexual Content', 'Violence']",2010-08-06,2011-02-08,105,Drama,English,George Gallo,"George Gallo,Andy Weiss",$723.7K,Paramount Pictures,"Dolby Digital, DTS",0.7237
the_night_before_2015,The Night Before,61,69,R,"['Graphic Nudity', 'Drug Use', 'Language Throughout', 'Some Strong Sexual Content']",2015-11-20,2016-03-01,101,Comedy,English,Jonathan Levine,"Jonathan Levine,Kyle Hunter,Ariel Shaffir,Evan Goldberg",$43.0M,Sony Pictures Entertainment,"SDDS, Dolby Digital, DTS",43
never_die_alone,Never Die Alone,61,26,R,"['Language', 'Drug Use', 'Sexuality', 'Strong Violence']",2004-01-19,2005-09-06,88,Drama,English,Ernest R. Dickerson,James Gibson,$5.6M,"Fox, 20th Century Fox","Surround, Dolby SRD, Dolby SR",5.6
night_at_the_museum_secret_of_the_tomb,Night at the Museum: Secret of the Tomb,57,47,PG,"['Mild Action', 'Brief Language', 'Some Rude Humor']",2014-12-19,2015-03-10,97,Comedy,English,Shawn Levy,"David Guion,Michael Handelman",$113.6M,20th Century Fox,Dolby Atmos,113.6
thirteen,Thirteen,77,81,R,"['Language', 'Drug Use', 'Self Destructive Violence', 'Sexuality']",2003-08-20,2004-10-12,100,Drama,English,Catherine Hardwicke,"Nikki Reed,Catherine Hardwicke",$4.6M,"Fox, 20th Century Fox",Surround,4.6
bridesmaids_2011,Bridesmaids,76,89,R,"['Some Strong Sexuality', 'Language Throughout']",2011-05-13,2011-09-20,125,Comedy,English,Paul Feig,"Annie Mumolo,Kristen Wiig",$169.1M,Universal Pictures,"Dolby SRD, DTS, SDDS",169.1
minority_report,Minority Report,80,90,PG-13,"['Drug Content', 'Brief Language', 'Some Sexuality', 'Violence']",2002-06-21,2002-12-17,144,Sci-fi,English,Steven Spielberg,"Philip K. Dick,Scott Frank,Jon Cohen",$132.0M,20th Century Fox,"Surround, DTS, Dolby EX",132
lizzie_mcguire_movie,The Lizzie McGuire Movie,49,40,PG,['Mild Thematic Elements'],2003-05-02,2006-02-05,93,Comedy,English,Jim Fall,"Susan Estelle Jansen,Ed Decter,John J. Strauss,Terri Minsky",$42.7M,Walt Disney Pictures,"Dolby Stereo, Dolby A, SDDS, DTS, Surround, Dolby Digital, Dolby SR",42.7
the_croods_a_new_age,The Croods: A New Age,94,77,PG,"['Peril', 'Action', 'Rude Humor']",2020-11-25,2020-12-17,95,Comedy,English,Joel Crawford,"Kevin Hageman,Dan Hageman,Paul Fisher,Bob Logan",$58.5M,Universal Pictures,"DTS, Dolby Digital, Dolby Atmos",58.5
ready_or_not_2019,Ready or Not,78,88,R,"['Language Throughout', 'Bloody Images', 'Some Drug Use', 'Violence']",2019-08-21,2019-08-27,95,Comedy,English,"Matt Bettinelli-Olpin,Tyler Gillett","Guy Busick,Ryan Murphy",$28.7M,Fox Searchlight,Dolby Digital,28.7
after_earth,After Earth,36,12,PG-13,"['Some Disturbing Images', 'Sci-Fi Action Violence']",2013-05-31,2013-10-08,99,Sci-fi,English,M. Night Shyamalan,"Gary Whitta,M. Night Shyamalan",$60.5M,Sony Pictures Entertainment,"Dolby Digital, SDDS, Datasat",60.5
8_mile,8 Mile,54,75,R,"['Sexuality', 'Drug Use', 'Some Violence', 'Strong Language']",2002-11-08,2003-03-18,110,Drama,English,Curtis Hanson,Scott Silver,$116.7M,Universal Pictures,"Dolby SR, DTS, Dolby Stereo, Surround, SDDS, Dolby A, Dolby Digital",116.7
10009192-21,21,66,36,PG-13,"['Sexual Content', 'Partial Nudity', 'Some Violence']",2008-03-28,2008-07-22,122,Drama,English,Robert Luketic,"Peter Steinfeld,Allan Loeb",$81.2M,Sony Pictures Entertainment,"SDDS, Dolby Digital, DTS, Dolby SRD",81.2
by_the_sea_2015,By the Sea,28,35,R,"['Nudity', 'Language', 'Strong Sexuality']",2015-11-13,2016-07-05,122,Drama,English,Angelina Jolie,Angelina Jolie,$531.0K,Universal Pictures,Dolby Digital,0.531
blended,Blended,64,15,PG-13,"['Language', 'Crude and Sexual Content']",2014-05-23,2014-08-26,117,Comedy,English,Frank Coraci,"Ivan Menchell,Clare Sera",$46.3M,Warner Bros. Pictures,"Datasat, Dolby Digital",46.3
hairspray,Hairspray,84,92,PG,"['Momentary Teen Smoking', 'Language', 'Some Suggestive Content']",2007-07-20,2007-11-20,115,Comedy,English,Adam Shankman,Leslie Dixon,$118.8M,New Line Cinema,"Dolby SRD, DTS, SDDS",118.8
what_maisie_knew_2012,What Maisie Knew,80,87,R,['Some Language'],2013-05-03,2013-08-13,98,Drama,English,"Scott McGehee,David Siegel","Nancy Doyne,Carroll Cartwright",$1.1M,Millennium Entertainment,Dolby Digital,1.1
get_on_up,Get On Up,68,80,PG-13,"['Sexual Content', 'Drug Use', 'Some Strong Language', 'Violent Situations']",2014-08-01,2015-01-06,138,Drama,English,Tate Taylor,"Jez Butterworth,John-Henry Butterworth",$30.5M,Universal Pictures,"Datasat, Dolby Digital",30.5
pitch_black,Pitch Black,77,59,R,"['Language', 'Gore', 'Sci-Fi Violence']",2000-02-18,2004-06-01,108,Sci-fi,English,David Twohy,"Jim Wheat,Ken Wheat,Jim Wheat,Ken Wheat,David Twohy",$39.2M,USA Films,"DTS, Dolby Digital, Surround, SDDS",39.2
jurassic_park_iii,Jurassic Park III,36,49,PG-13,"['Intense Sci-Fi Violence', 'Intense Sci-Fi Terror']",2001-07-18,2001-12-11,91,Sci-fi,English,Joe Johnston,"Peter Buchman,Alexander Payne,Jim Taylor,Michael Crichton",$181.2M,Universal Pictures,"Dolby SR, DTS, Dolby Stereo, Surround, SDDS, Dolby A, Dolby Digital",181.2
dirty_pretty_things,Dirty Pretty Things,82,94,R,"['Language', 'Disturbing Images', 'Sexual Content']",2003-04-11,2004-03-23,94,Drama,English,Stephen Frears,Steven Knight,$8.1M,Miramax Films,Surround,8.1
armageddon_time,Armageddon Time,48,76,R,"['Some Drug Use Involving Minors', 'Language']",2022-11-04,2022-12-30,114,Drama,English,James Gray,James Gray,$1.8M,Focus Features,Dolby Digital,1.8
wind_chill,Wind Chill,31,46,R,"['Some Violence', 'Disturbing Images']",2007-04-27,2007-09-04,87,Drama,English,Gregory Jacobs,"Steven Katz,Joe Gangemi",$20.1K,Sony Pictures,"SDDS, Dolby Digital, DTS",0.0201
zombieland,Zombieland,86,89,R,"['Zombie Horror Violence/Gore', 'Language']",2009-10-02,2010-02-02,87,Comedy,English,Ruben Fleischer,"Rhett Reese,Paul Wernick",$75.6M,Sony Pictures Entertainment,"Dolby Digital, DTS, SDDS",75.6
10007947-ten,The Ten,40,35,R,"['Nudity', 'Language', 'Dialogue', 'Some Drug Material', 'Strong Crude Sexual Content']",2007-08-03,2008-01-15,99,Comedy,English,David Wain,"Ken Marino,David Wain",$766.5K,ThinkFilm,Dolby Digital,0.7665
news_of_the_world,News of the World,89,88,PG-13,"['Some Language', 'Disturbing Images', 'Thematic Material', 'Violence']",2020-12-25,2021-01-15,118,Drama,English,Paul Greengrass,"Paul Greengrass,Luke Davies",$12.7M,Universal Pictures,"Dolby Atmos, Dolby Digital",12.7
timeline,Timeline,45,13,PG-13,['Intense Battle Sequences'],2003-11-26,2004-04-13,116,Sci-fi,English,Richard Donner,"George Nolfi,Jeffrey Maguire,Michael Crichton",$19.5M,Paramount Pictures,Surround,19.5
terminator_2_judgment_day,Terminator 2: Judgment Day,95,92,R,"['Strong Sci-Fi Action', 'Language', 'Violence']",1991-07-03,2007-02-13,136,Sci-fi,English,James Cameron,"James Cameron,William Wisher Jr.",$552.8K,"TriStar Pictures, Pioneer Entertainment, Artisan Entertainment, Live Video",Surround,0.5528
half_baked,Half Baked,81,28,R,"['Pervasive Drug Content', 'Nudity', 'Language', 'Sexual Material']",1998-01-16,2009-06-14,84,Comedy,English,Tamra Davis,"Dave Chappelle,Neal Brennan",$17.5M,Universal Pictures,"SDDS, DTS-ES, DTS, Surround",17.5
good_boys_2019,Good Boys,86,80,R,"['Language Throughout', 'Drug and Alcohol Material', 'Strong Crude Sexual Content']",2019-08-16,2019-08-27,95,Comedy,English,Gene Stupnitsky,"Lee Eisenberg,Gene Stupnitsky",$83.1M,Universal Pictures,Dolby Digital,83.1
dickie_roberts_former_child_star,Dickie Roberts: Former Child Star,46,22,PG-13,"['Drug References', 'Crude Humor', 'Language', 'Sex-Related Humor']",2003-09-05,2004-02-17,99,Comedy,English,Sam Weisman,"Fred Wolf,David Spade",$22.7M,Paramount Pictures,"Dolby Stereo, Dolby Digital, DTS, Surround, Dolby SR",22.7
here_on_earth,Here on Earth,60,17,PG-13,"['Sensuality', 'Mature Themes']",2000-03-24,2007-04-23,96,Drama,English,Mark Piznarski,Michael Seitzman,$10.5M,20th Century Fox,"Surround, Dolby Digital",10.5
premonition,Premonition,50,8,PG-13,"['Disturbing Images', 'Brief Language', 'Some Violent Content', 'Thematic Material']",2007-03-16,2007-07-17,96,Drama,English,Mennan Yapo,Bill Kelly,$47.9M,Sony Pictures Entertainment,"Dolby SRD, DTS, SDDS",47.9
love_actually,Love Actually,72,64,R,"['Nudity', 'Language', 'Sexuality']",2003-11-26,2004-04-27,135,Comedy,English,Richard Curtis,Richard Curtis,$59.4M,Universal Pictures,"SDDS, Dolby Digital, DTS, Surround, Dolby SR",59.4
mamma_mia_here_we_go_again,Mamma Mia! Here We Go Again,66,79,PG-13,['Some Suggestive Material'],2018-07-20,2018-10-23,114,Comedy,English,Ol Parker,Ol Parker,$120.6M,Universal Pictures,"DTS, Dolby Atmos",120.6
coyote_ugly,Coyote Ugly,71,23,PG-13,['Sensuality'],2000-08-04,2002-08-13,100,Comedy,English,David McNally,Gina Wendkos,$60.8M,"Buena Vista Pictures, Touchstone Pictures","DTS, SDDS, Dolby Digital, Surround",60.8
heavyweights,Heavyweights,77,29,PG,"['Some Rude Language', 'Pranks']",1995-02-17,2006-02-05,97,Comedy,English,Steven Brill,Judd Apatow,$17.7M,"Walt Disney Pictures, Buena Vista Pictures",Surround,17.7
1111227-iris,Iris,73,79,R,"['Sexuality', 'Nudity', 'Some Language']",2001-12-14,2002-08-20,90,Drama,English,Richard Eyre,"Richard Eyre,Charles Wood",$5.6M,Miramax Films,"Dolby Stereo, Dolby Digital, Dolby A, Surround, Dolby SR",5.6
in_the_cut,In the Cut,34,34,R,"['Graphic Crime Scenes', 'Explicit Dialogue', 'Language', 'Nudity', 'Strong Sexuality']",2003-10-24,2004-02-10,118,Drama,English,Jane Campion,"Jane Campion,Susanna Moore,Susanna Moore",$4.7M,Screen Gems,Surround,4.7
1082855-twilight,Twilight,31,61,R,"['Some Sexuality', 'Language', 'Violence']",1998-03-06,1998-10-06,94,Drama,English,Robert Benton,"Robert Benton,Richard Russo",$15.0M,Paramount Pictures,"Dolby Stereo, Dolby Digital, Dolby A, Surround, Dolby SR",15
project_x_2011,Project X,61,28,R,"['Pervasive Language', 'Crude Sexual Content Throughou', 'All Involving Teens', 'Nudity', 'Drinking', 'Reckless Behavior', 'Drugs', 'Mayhem']",2012-03-02,2012-06-19,88,Comedy,English,Nima Nourizadeh,"Matt Drake,Michael Bacall",$54.7M,Warner Bros. Pictures,"SDDS, Dolby Digital, Datasat",54.7
last_samurai,The Last Samurai,83,66,R,"['Strong Violence', 'Battle Sequences']",2003-12-05,2005-04-05,154,Drama,English,Edward Zwick,"John Logan,Edward Zwick,Marshall Herskovitz",$111.1M,Warner Bros. Pictures,"Surround, Dolby SR, DTS, SDDS",111.1
1131148-ned_kelly,Ned Kelly,53,55,R,"['Violence', 'Brief Nudity']",2003-03-22,2005-02-08,109,Drama,English,Gregor Jordan,John Michael McDonagh,$74.9K,Focus Features,Surround,0.07490000000000001
the_crocodile_hunter_collision_course,The Crocodile Hunter: Collision Course,44,53,PG,"['Mild Language', 'Action/Violence']",2002-07-12,2002-12-17,90,Comedy,English,John Stainton,"John Stainton,Holly Goldberg Sloan",$28.4M,Metro-Goldwyn-Mayer,"Dolby SR, DTS, Dolby Stereo, Surround, Dolby A, Dolby Digital",28.4
1155470-date_movie,Date Movie,35,7,PG-13,"['Language', 'Crude and Sexual Humor']",2006-02-17,2006-05-30,82,Comedy,English,"Jason Friedberg,Aaron Seltzer","Jason Friedberg,Aaron Seltzer",$48.5M,20th Century Fox,"DTS, Surround",48.5
bruce_almighty,Bruce Almighty,57,48,PG-13,"['Sexual Content', 'Language', 'Some Crude Humor']",2003-05-23,2003-11-25,101,Comedy,English,Tom Shadyac,"Steve Oedekerk,Mark O'Keefe,Steve Koren,Steve Koren,Mark O'Keefe",$242.6M,Universal Pictures,Surround,242.6
brightburn,Brightburn,67,57,R,"['Language', 'Horror Violence/Bloody Images']",2019-05-24,2019-08-06,91,Sci-fi,English,David Yarovesky,"Brian Gunn,Mark Gunn",$17.3M,"Screen Gems, Sony Pictures Entertainment",Dolby Digital,17.3
knight_of_cups,Knight of Cups,37,47,R,"['Sexuality', 'Language', 'Some Nudity']",2016-03-04,2016-06-21,118,Drama,English,Terrence Malick,Terrence Malick,$558.4K,Broad Green Pictures,Dolby Digital,0.5584
gullivers-travels-2010,Gulliver's Travels,27,20,PG,"['Brief Rude Humor', 'Action', 'Mild Language']",2010-12-25,2011-04-19,85,Comedy,English,Rob Letterman,"Joe Stillman,Nicholas Stoller",$42.8M,20th Century Fox,"Dolby Digital, DTS",42.8
happy_feet,Happy Feet,70,76,PG,"['Some Mild Peril', 'Rude Humor']",2006-11-17,2007-03-27,108,Comedy,English,George Miller,"Warren Coleman,John Collee",$198.0M,Warner Bros. Pictures,"SDDS, DTS, Dolby SRD",198
one_hour_photo,One Hour Photo,65,81,R,"['Sexual Content', 'Language']",2002-09-06,2003-10-14,95,Drama,English,Mark Romanek,Mark Romanek,$31.6M,Fox,"Surround, Dolby SR, Dolby Digital, Dolby A, Dolby Stereo",31.6
legends_of_the_fall,Legends of the Fall,87,57,R,"['Some Sexuality', 'Language', 'Violence']",1994-12-16,2003-02-04,134,Drama,English,Edward Zwick,"Jim Harrison,Susan Shilliday,William D. Wittliff",$63.2M,"Columbia Tristar, TriStar Pictures","Dolby, Surround, Stereo",63.2
hollywoodland,Hollywoodland,48,68,R,"['Sexual Content', 'Language', 'Some Violence']",2006-09-08,2007-02-06,126,Drama,English,Allen Coulter,Paul Bernbaum,$14.4M,Focus Features,"Dolby SRD, DTS",14.4
antz,Antz,52,92,PG,"['Mild Language', 'Menacing Action']",1998-10-02,2005-06-07,87,Comedy,English,"Eric Darnell,Tim Johnson","Todd Alcott,Chris Weitz,Paul Weitz",$90.7M,DreamWorks SKG,"Surround, Dolby SR, Dolby Digital, DTS, SDDS",90.7
insurgent,The Divergent Series: Insurgent,58,28,PG-13,"['Intense Violence and Action', 'Brief Language', 'Some Sensuality', 'Thematic Elements']",2015-03-20,2015-08-04,118,Sci-fi,English,Robert Schwentke,"Brian Duffield,Akiva Goldsman",$130.1M,Summit Entertainment,"Datasat, Dolby Atmos",130.1
1137336-1137336-spin,Spin,69,43,PG-13,"['Some Violent Images', 'Thematic Elements']",2004-11-08,2010-03-02,106,Drama,English,James Redford,James Redford,$9.9K,IFG Films,"Surround, Dolby Digital",0.0099
manchurian_candidate,The Manchurian Candidate,63,80,R,"['Violence', 'Some Language']",2004-07-30,2004-12-21,130,Drama,English,Jonathan Demme,"Dean Georgaris,Richard Condon,George Axelrod,Daniel Pyne",$65.9M,Paramount Pictures,"Dolby SRD, DTS, Surround",65.9
honey,Honey,71,21,PG-13,"['Sexual References', 'Drug Content']",2003-12-05,2004-03-23,94,Drama,English,Bille Woodruff,"Alonzo Brown,Kim Watson",$30.2M,Universal Pictures,"SDDS, Dolby SR, DTS, Surround",30.2
cmon_cmon,C'mon C'mon,79,94,R,['Language'],2021-11-19,2021-12-23,108,Drama,English,Mike Mills,Mike Mills,$1.5M,A24,Dolby Digital,1.5
what_women_want,What Women Want,54,54,PG-13,"['Sexual Content', 'Language']",2000-12-15,2002-01-08,126,Comedy,English,Nancy Meyers,"Josh Goldsmith,Nancy Meyers,Cathy Yuspa",$182.8M,Paramount Pictures,"Dolby SR, DTS, Dolby Stereo, Surround, SDDS, Dolby A, Dolby Digital",182.8
the_predator,The Predator,32,34,R,"['Language Throughout', 'Crude Sexual References', 'Strong Bloody Violence']",2018-09-14,2018-11-27,106,Sci-fi,English,Shane Black,"Fred Dekker,Shane Black",$51.0M,20th Century Fox,"Dolby, Dolby Atmos",51
the_campaign,The Campaign,51,66,R,"['Crude Sexual Content', 'Brief Nudity', 'Language']",2012-08-10,2012-11-06,85,Comedy,English,Jay Roach,"Chris Henchy,Shawn Harwell",$86.9M,Warner Bros. Pictures,"SDDS, Dolby Digital, Datasat",86.9
cruella,Cruella,97,75,PG-13,"['Thematic Elements', 'Some Violence']",2021-05-28,2021-08-27,134,Comedy,English,Craig Gillespie,"Dana Fox,Tony McNamara",$86.1M,Walt Disney,"Dolby Atmos, Dolby Digital",86.1
the-eagle-of-the-ninth,The Eagle,41,39,PG-13,"['Some Disturbing Images', 'Battle Sequences']",2011-02-11,2011-06-21,114,Drama,English,Kevin Macdonald,Jeremy Brock,$19.5M,Focus Features,"Dolby SR, DTS, Dolby SRD",19.5
knight_and_day,Knight and Day,49,52,PG-13,"['Sequences of Action Violence', 'Brief Strong Language']",2010-06-23,2010-11-30,109,Comedy,English,James Mangold,Patrick O'Neill,$76.4M,20th Century Fox,"Dolby, DTS",76.4
certain_women_2016,Certain Women,52,92,R,['Some Language'],2016-10-14,2017-02-28,107,Drama,English,Kelly Reichardt,Kelly Reichardt,$1.0M,IFC Films,Dolby Digital,1
radio,Radio,79,35,PG,"['Thematic Elements', 'Mild Language']",2003-10-24,2004-01-27,109,Drama,English,Michael Tollin,Mike Rich,$52.3M,Columbia Pictures,"Surround, DTS, SDDS, Dolby Digital",52.3
beer_for_my_horses,Beer for My Horses,62,0,PG-13,"['Some Violence', 'Language', 'Drug Content', 'Brief Nudity', 'Sexual Dialogue', 'Sexual Humor']",2008-08-08,2008-11-11,93,Comedy,English,Michael Salomon,"Rodney Carrington,Toby Keith",$666.0K,Roadside Attractions,Dolby SRD,0.666
aviator,The Aviator,79,86,PG-13,"['Language', 'Crash Sequence', 'Nudity', 'Sexual Content', 'Thematic Elements']",2004-12-25,2005-05-24,166,Drama,English,Martin Scorsese,John Logan,$102.6M,Miramax Films,"Surround, Dolby SRD, DTS, SDDS",102.6
thunderbirds,Thunderbirds,37,19,PG,"['Language', 'Intense Action Sequences']",2004-07-30,2004-12-21,87,Sci-fi,English,Jonathan Frakes,"Michael McCullers,William Osborne,Peter Hewitt",$6.8M,"Universal Pictures, Universal Studios Inc.","Surround, Dolby Digital, DTS, SDDS",6.8
miles_ahead_2016,Miles Ahead,57,74,R,"['Drug Use', 'Brief Violence', 'Some Sexuality/Nudity', 'Strong Language Throughout']",2016-04-22,2016-07-19,96,Drama,English,Don Cheadle,"Steven Baigelman,Don Cheadle",$2.6M,Sony Pictures Classics,"SDDS, Dolby Digital, DTS",2.6
levity,Levity,47,34,R,['Language'],2003-04-04,2003-08-26,100,Drama,English,Ed Solomon,Ed Solomon,$209.2K,Sony Pictures Classics,"SDDS, Dolby SR, Dolby Digital, Surround, Dolby A, Dolby Stereo",0.2092
tangled,Tangled,87,89,PG,['Brief Mild Violence'],2010-11-24,2011-03-29,101,Comedy,English,"Nathan Greno,Byron Howard",Dan Fogelman,$200.8M,Walt Disney,"Dolby Digital, SDDS, DTS",200.8
1121649-anger_management,Anger Management,60,42,PG-13,"['Language', 'Crude Sexual Content']",2003-04-11,2003-09-16,106,Comedy,English,Peter Segal,David Dorfman,$133.8M,Columbia Pictures,"Dolby SR, DTS, Dolby Stereo, Surround, SDDS, Dolby A, Dolby Digital",133.8
fantastic_four_2015,Fantastic Four,18,9,PG-13,"['Sci-Fi Action Violence', 'Language']",2015-08-07,2015-12-15,100,Sci-fi,English,Josh Trank,"Jeremy Slater,Simon Kinberg,Josh Trank",$56.0M,20th Century Fox,Dolby Atmos,56
the_lost_city_of_z,The Lost City of Z,58,86,PG-13,"['Disturbing Images', 'Brief Strong Language', 'Some Nudity', 'Violence']",2017-04-21,2017-07-11,141,Drama,English,James Gray,James Gray,$8.6M,"Bleecker Street Media, Amazon Studios","Datasat, SDDS, Dolby Digital",8.6
down_to_you,Down to You,49,3,PG-13,"['Drug Use', 'Alcohol Use', 'Language', 'Mature Themes', 'Sexual Content']",2000-01-21,2009-07-07,92,Comedy,English,Kris Isacsson,Kris Isacsson,$20.0M,Miramax Films,Dolby Digital,20
the_conspirator,The Conspirator,62,56,PG-13,['Some Violent Content'],2011-04-15,2011-08-16,121,Drama,English,Robert Redford,James D. Solomon,$11.5M,Roadside Attractions,"SDDS, Dolby Digital, DTS",11.5
were_the_millers,We're the Millers,72,49,R,"['Crude Sexual Content', 'Brief Graphic Nudity', 'Drug Material', 'Pervasive Language']",2013-08-07,2013-11-19,110,Comedy,English,Rawson Marshall Thurber,"Bob Fisher,Steve Faber,Sean Anders,John Morris",$150.4M,Warner Bros. Pictures,"SDDS, Dolby Digital, Datasat",150.4
blue_in_the_face,Blue in the Face,76,43,R,"['Scene of Nudity', 'Language']",1995-10-13,2003-03-04,83,Drama,English,"Paul Auster,Wayne Wang","Paul Auster,Wayne Wang",$586.3K,Miramax Films,Surround,0.5862999999999999
unknown_2011,Unknown,55,55,PG-13,"['Intense Sequences of Action', 'Brief Sexual Content', 'Intense Sequences of Violence']",2011-02-18,2011-06-21,113,Drama,English,Jaume Collet-Serra,"Oliver Butcher,Stephen Cornwell",$63.7M,Warner Bros. Pictures,"SDDS, Dolby Digital, DTS",63.7
big_mommas_house,Big Momma's House,57,30,PG-13,"['Language', 'Crude Humor', 'Violence']",2000-06-02,2001-04-03,98,Comedy,English,Raja Gosnell,"Darryl Quarles,Darryl Quarles,Don Rhymer",$117.6M,20th Century Fox,"SDDS, Dolby Digital, DTS, Surround, Dolby SR",117.6
austin_powers_the_spy_who_shagged_me,Austin Powers: The Spy Who Shagged Me,71,53,PG-13,"['Sexual Innuendo', 'Crude Humor']",1999-06-11,2002-12-03,95,Comedy,English,Jay Roach,"Mike Myers,Mike Myers,Michael McCullers",$206.0M,"Aurum Producciones S.A. [es], RCV Film Distribution, Warner Home Vídeo, New Line Cinema, Buena Vista Pictures","Dolby SR, DTS, Dolby Stereo, Surround, SDDS, Dolby A, Dolby EX, Dolby Digital",206
black_snake_moan,Black Snake Moan,69,66,R,"['Language', 'Drug Use', 'Some Violence', 'Strong Sexual Content']",2007-03-02,2007-06-26,118,Drama,English,Craig Brewer,Craig Brewer,$9.4M,Paramount Pictures,"Dolby SRD, DTS",9.4
hulk,Hulk,29,62,PG-13,"['Sci-Fi Action Violence', 'Brief Partial Nudity', 'Some Disturbing Images']",2003-06-20,2003-10-28,138,Sci-fi,English,Ang Lee,"James Schamus,John Turman,Michael France,James Schamus",$132.1M,Universal Pictures,"Dolby SR, DTS, Dolby Stereo, Surround, SDDS, Dolby A, Dolby Digital",132.1
code_46,Code 46,58,51,R,"['Scene of Sexuality', 'Brief Graphic Nudity']",2003-09-02,2006-08-01,92,Sci-fi,English,Michael Winterbottom,Frank Cottrell Boyce,$197.1K,Metro-Goldwyn-Mayer,"Surround, Dolby Digital",0.1971
serving_sara,Serving Sara,26,4,PG-13,"['Language', 'Crude Humor', 'Sexual Content']",2002-08-23,2003-01-28,99,Comedy,English,Reginald Hudlin,"Jay Scherick,David Ronn",$16.9M,Paramount Pictures,"Dolby Stereo, Dolby Digital, Dolby A, Surround, Dolby SR",16.9
xx_xy,XX/XY,44,42,R,"['Sexuality', 'Language', 'Brief Drug Use']",2003-04-11,2016-09-27,91,Drama,English,Austin Chick,Austin Chick,$103.9K,IFC Films,"Surround, Dolby Stereo",0.1039
1101029-ladies_man,The Ladies Man,42,11,R,"['Sexual Content', 'Language']",2000-10-13,2012-05-15,84,Comedy,English,Reginald Hudlin,"Tim Meadows,Dennis McNicholas,Andrew Steele",$13.6M,Paramount Pictures,"Dolby Stereo, Dolby Digital, DTS, Surround, Dolby SR",13.6
away_from_her,Away From Her,81,94,PG-13,['Some Strong Language'],2007-05-04,2007-09-11,109,Drama,English,Sarah Polley,Sarah Polley,$4.5M,Lionsgate Films,Dolby Digital,4.5
burlesque,Burlesque,64,37,PG-13,"['Partial Nudity', 'Language', 'Sev. Suggestive Dance Routines', 'Sexual Content', 'Some Thematic Material']",2010-11-24,2011-02-22,116,Drama,English,Steve Antin,Steve Antin,$39.4M,Sony Pictures Entertainment,"SDDS, Dolby Digital, DTS",39.4
1073595-sleepers,Sleepers,85,73,R,"['Language', 'Graphic Violence', 'Strong Sexual Content']",1996-10-18,2009-11-03,152,Drama,English,Barry Levinson,"Lorenzo Carcaterra,Barry Levinson",$53.3M,Warner Bros. Pictures,"Dolby SR, Dolby A, DTS, Surround, Dolby Digital",53.3
lee_daniels_the_butler,Lee Daniels' The Butler,78,71,PG-13,"['Language', 'Disturbing Images', 'Thematic Elements', 'Sexual Material', 'Smoking', 'Some Violence']",2013-08-16,2014-01-14,132,Drama,English,Lee Daniels,Danny Strong,$116.6M,Weinstein Co.,Dolby Digital,116.6
schindlers_list,Schindler's List,97,98,R,"['Language', 'Actuality Violence', 'Some Sexuality']",1993-12-15,2008-02-12,195,Drama,English,Steven Spielberg,Steven Zaillian,$96.6M,Universal Pictures,"Dolby Atmos, Stereo, Dolby Digital, DTS, Surround",96.6
hellboy,Hellboy,66,81,PG-13,"['Sci-Fi Action Violence', 'Frightening Scenes']",2004-03-30,2005-03-29,125,Sci-fi,English,Guillermo del Toro,"Mike Mignola,Guillermo del Toro",$59.0M,"Revolution Studios, Sony Pictures Entertainment, Columbia Pictures","SDDS, DTS, Surround, Dolby SRD",59
step_up_2_the_streets,Step Up 2 the Streets,76,28,PG-13,"['Language', 'Brief Violence', 'Some Suggestive Material']",2008-02-14,2008-07-15,97,Drama,English,Jon M. Chu,"Toni Ann Johnson,Karen Barna",$58.0M,Walt Disney,"Dolby SRD, DTS, SDDS",58
the_sea_of_trees,The Sea of Trees,43,17,PG-13,"['Some Disturbing Images', 'Mature Thematic Material', 'Brief Strong Language']",2016-08-26,2016-11-01,110,Drama,English,Gus Van Sant,Chris Sparling,$14.0K,A24,Dolby Digital,0.014
little_fockers,Little Fockers,34,9,PG-13,"['Mature Sexual Humor Throughout', 'Language', 'Some Drug Content']",2010-12-22,2011-04-05,97,Comedy,English,Paul Weitz,"John Hamburg,Larry Stuckey",$148.4M,Universal Pictures,"Dolby SRD, Dolby Digital, DTS, SDDS",148.4
delovely,De-Lovely,65,48,PG-13,['Sexual Content'],2004-07-16,2004-12-21,125,Drama,English,Irwin Winkler,Jay Cocks,$13.3M,Metro-Goldwyn-Mayer,"SDDS, Dolby Digital, DTS, Surround",13.3
deadpool_2,Deadpool 2,85,84,R,"['Language Throughout', 'Brief Drug Material', 'Sexual References', 'Strong Violence']",2018-05-18,2018-08-21,120,Comedy,English,David Leitch,"Ryan Reynolds,Rhett Reese,Paul Wernick",$324.3M,20th Century Fox,"Dolby Digital, Dolby Atmos",324.3
sphere,Sphere,38,13,PG-13,"['Startling Images', 'Sci-Fi Action']",1998-02-13,2007-01-02,133,Sci-fi,English,Barry Levinson,"Michael Crichton,Kurt Wimmer,Stephen Hauser,Paul Attanasio",$37.0M,Warner Bros. Pictures,"Dolby Stereo, Dolby A, SDDS, DTS, Surround, Dolby Digital, Dolby SR",37
house_of_mirth,The House of Mirth,72,82,PG,['Thematic Material'],2000-09-23,2001-05-29,143,Drama,English,Terence Davies,Terence Davies,$3.0M,Sony Pictures Classics,"Dolby Stereo, Dolby Digital, Dolby A, Surround, Dolby SR",3
lions_for_lambs,Lions for Lambs,47,27,R,"['Some War Violence', 'Language']",2007-11-09,2008-04-08,92,Drama,English,Robert Redford,Matthew Michael Carnahan,$15.0M,"Metro-Goldwyn-Mayer, United Artists","Dolby SRD, DTS, SDDS",15
four_feathers,The Four Feathers,65,42,PG-13,"['Intense Battle Sequences', 'Disturbing Images', 'Some Sensuality', 'Violence']",2002-09-13,2003-02-18,125,Drama,English,Shekhar Kapur,"A.E.W. Mason,Michael Schiffer,Hossein Amini",$18.3M,Paramount Pictures,"Dolby Stereo, Dolby Digital, Dolby A, Surround, Dolby SR",18.3
things_we_lost_in_the_fire,Things We Lost in the Fire,73,65,R,"['Language', 'Drug Content']",2007-10-19,2008-03-04,118,Drama,English,Susanne Bier,Allan Loeb,$3.2M,Paramount Pictures,"Dolby SRD, DTS, SDDS",3.2
evan_almighty,Evan Almighty,52,24,PG,"['Some Peril', 'Mild Rude Humor']",2007-06-22,2009-05-26,96,Comedy,English,Tom Shadyac,Steve Oedekerk,$100.3M,Universal Pictures,"SDDS, Dolby Digital, DTS, Dolby SRD",100.3
1213999-brothers,Brothers,62,64,R,"['Some Disturbing Violent Conten', 'Language']",2009-12-04,2010-01-26,104,Drama,English,Jim Sheridan,David Benioff,$28.5M,Lionsgate Films,"Dolby Digital, DTS",28.5
the_lion_king_2019,The Lion King,88,52,PG,"['Sequences of Violence', 'Peril', 'Some Thematic Elements']",2019-07-19,2019-08-27,118,Drama,English,Jon Favreau,Jeff Nathanson,$543.6M,Walt Disney,"DTS, Dolby Digital, Dolby Atmos",543.6
inception,Inception,91,87,PG-13,"['Sequences of Violence', 'Sequences of Action']",2010-07-16,2010-12-07,148,Sci-fi,English,Christopher Nolan,Christopher Nolan,$292.6M,Warner Bros. Pictures,"Dolby Digital, DTS, SDDS",292.6
star_trek_generations,Star Trek Generations,57,48,PG,"['Some Mild Language', 'Sci-Fi Action']",1994-11-18,2013-04-30,118,Sci-fi,English,David Carson,"Ronald D. Moore,Brannon Braga",$74.6M,Paramount Pictures,"Dolby SR, DTS, Dolby Stereo, Surround, Stereo, Dolby A, Dolby Digital",74.6
block_party,Dave Chappelle's Block Party,74,92,R,['Language'],2006-03-03,2006-06-13,103,Comedy,English,Michel Gondry,Dave Chappelle,$11.7M,"Rogue Arts, Focus Features","Dolby SRD, DTS",11.7
casino-jack,Casino Jack,34,39,R,"['Pervasive Language', 'Brief Nudity', 'Some Violence']",2010-12-17,2011-01-04,108,Drama,English,George Hickenlooper,Norman Snider,$1.0M,ATO Pictures,Dolby Digital,1
passion_of_mind,Passion of Mind,51,19,PG-13,['Some Sexuality'],2000-01-07,2016-11-01,105,Drama,English,Alain Berliner,"Ronald Bass,David Field",$769.0K,Paramount Pictures,"SDDS, Dolby Stereo, Surround",0.769
paws_of_fury_the_legend_of_hank,Paws of Fury: The Legend of Hank,67,54,PG,"['Rude and Suggestive Humor', 'Action', 'Some Language', 'Violence']",2022-07-15,2022-08-29,97,Comedy,English,"Mark Koetsier,Chris Bailey,Rob Minkoff","Ed Stone,Nate Hopper",$17.8M,Paramount Pictures,Dolby Atmos,17.8
a_bad_moms_christmas,A Bad Moms Christmas,43,32,R,"['Language Throughout', 'Crude Sexual Content', 'Some Drug Use']",2017-11-01,2018-02-06,104,Comedy,English,"Jon Lucas,Scott Moore","Jon Lucas,Scott Moore",$72.1M,STX Films,Dolby Atmos,72.1
american_history_x,American History X,96,83,R,"['Nudity', 'Graphic Brutal Violence', 'Rape', 'Strong Sexuality']",1998-10-30,2005-04-05,118,Drama,English,Tony Kaye,David McKenna,$6.7M,New Line Cinema,"Dolby Stereo, Dolby Digital, Dolby A, Surround, Dolby SR",6.7
a_star_is_born_2018,A Star Is Born,80,90,R,"['Some Sexuality/Nudity', 'Language Throughout', 'Substance Abuse']",2018-10-05,2019-02-19,135,Drama,English,Bradley Cooper,"Eric Roth,Bradley Cooper,Will Fetters",$215.3M,Warner Bros. Pictures,"SDDS, DTS, Dolby Atmos",215.3
brokeback_mountain,Brokeback Mountain,82,88,R,"['Nudity', 'Language', 'Sexuality', 'Some Violence']",2005-12-09,2006-04-04,134,Drama,English,Ang Lee,"Larry McMurtry,Diana Ossana",$83.0M,Focus Features,"Surround, DTS",83
runaway_jury,Runaway Jury,75,73,PG-13,"['Thematic Elements', 'Language', 'Violence']",2003-10-17,2005-09-06,127,Drama,English,Gary Fleder,"David Levien,Brian Koppelman,Matthew Chapman,John Grisham",$49.4M,20th Century Fox,Surround,49.4
waiting_for_guffman,Waiting for Guffman,91,91,R,['Brief Strong Language'],1996-01-31,2001-08-21,84,Comedy,English,Christopher Guest,"Christopher Guest,Eugene Levy",$2.9M,Sony Pictures Classics,"SDDS, Dolby SR, Dolby Digital, Surround, DTS, Dolby Stereo",2.9
shark_tale,Shark Tale,46,35,PG,"['Some Mild Language', 'Crude Humor']",2004-10-01,2005-08-23,90,Comedy,English,"Bibo Bergeron,Vicky Jenson,Rob Letterman","Damian Shannon,Mark Swift",$160.8M,DreamWorks SKG,"SDDS, DTS, Surround, Dolby SRD",160.8
velvet_goldmine,Velvet Goldmine,80,60,R,"['Language', 'Drug Use', 'Nudity', 'Strong Sexual Content']",1998-11-06,1999-05-18,123,Drama,English,Todd Haynes,"Todd Haynes,Todd Haynes,James Lyons",$1.0M,Miramax Films,"Surround, Dolby Digital, Dolby A, Dolby SR",1
spider_man_homecoming,Spider-Man: Homecoming,87,92,PG-13,"['Sci-Fi Action Violence', 'Brief Suggestive Comments', 'Some Language']",2017-07-07,2017-10-17,133,Comedy,English,Jon Watts,"Jonathan M. Goldstein,John Francis Daley,Jon Watts,Christopher Ford,Chris McKenna,Erik Sommers",$334.4M,Sony Pictures Entertainment,"Dolby Atmos, DTS, SDDS",334.4
ophelia_2019,Ophelia,60,62,PG-13,"['Some Sensuality', 'Bloody Images', 'A Scene of Violence', 'Thematic Elements']",2019-06-28,2019-07-04,114,Drama,English,Claire McCarthy,"Semi Chellas,Lisa M. Klein",$50.7K,IFC Films,Dolby Digital,0.0507
freedomland,Freedomland,25,23,R,"['Some Violent Content', 'Language']",2006-02-17,2006-05-30,113,Drama,English,Joe Roth,Richard Price,$12.5M,Sony Pictures Entertainment,"SDDS, DTS, Surround",12.5
1099492-saving_grace,Saving Grace,83,63,R,"['Language', 'Drug Content']",2000-09-01,2003-04-26,94,Comedy,English,Nigel Cole,"Craig Ferguson,Mark Crowdy,Mark Crowdy",$12.1M,"New Line Home Video [us], Fine Line Features","Dolby SR, Dolby Digital, Surround",12.1
parental_guidance_2012,Parental Guidance,59,18,PG,['Some Rude Humor'],2012-12-25,2013-03-26,104,Comedy,English,Andy Fickman,"Lisa Addario,Joe Syracuse",$77.3M,20th Century Fox,"Datasat, Dolby, SDDS",77.3
species_2,Species II,18,9,R,"['Sci-Fi Gore', 'Language', 'Sci-Fi Violence', 'Strong Sexuality']",1998-04-10,2001-07-17,93,Sci-fi,English,Peter Medak,"Dennis Feldman,Chris Brancato",$19.2M,Metro-Goldwyn-Mayer,"Surround, DTS",19.2
seeker_the_dark_is_rising,The Seeker: The Dark Is Rising,33,14,PG,"['Some Scary Images', 'Fantasy Action']",2007-10-05,2007-09-25,99,Sci-fi,English,David L. Cunningham,John Hodge,$8.8M,20th Century Fox,"Dolby SRD, DTS, SDDS",8.8
abominable,Abominable,95,82,PG,"['Some Action', 'Mild Rude Humor']",2019-09-27,2019-09-27,97,Comedy,English,Jill Culton,Jill Culton,$60.9M,Universal Pictures,"DTS, Dolby Atmos",60.9
alexander,Alexander,35,16,R,"['Violence', 'Some Sexuality', 'Nudity']",2004-11-24,2005-08-02,175,Drama,English,Oliver Stone,"Oliver Stone,Christopher Kyle,Laeta Kalogridis",$34.3M,Warner Bros. Pictures,"SDDS, Surround, DTS, Dolby SRD",34.3
spare_parts_2015,Spare Parts,82,56,PG-13,"['Some Language', 'Violence']",2015-01-16,2015-05-05,113,Drama,English,Sean McNamara,Elissa Matsueda,$3.6M,"Lionsgate Films, Pantelion Films",Dolby Digital,3.6
godzilla,Godzilla,28,19,PG-13,"['Scenes of Scary Horror', 'Mild Bad Language']",1998-05-19,2000-02-01,138,Sci-fi,English,Roland Emmerich,"Dean Devlin,Roland Emmerich",$136.1M,Columbia Pictures,"SDDS, Dolby Digital, DTS, Surround, Dolby SR",136.1
thank_you_for_your_service_2017,Thank You for Your Service,73,77,R,"['Drug Material', 'Brief Nudity', 'Language Throughout', 'Some Sexuality', 'Strong Violent Content']",2017-10-27,2018-10-30,108,Drama,English,Jason Hall,Jason Hall,$9.4M,Universal Pictures,Dolby Digital,9.4
mr_malcolms_list,Mr. Malcolm's List,82,82,PG,"['Some Smoking', 'Mild Language']",2022-07-01,2022-07-21,117,Comedy,English,Emma Holly Jones,Suzanne Allain,$1.9M,Bleecker Street,Dolby Digital,1.9
beyond_the_gates,Shooting Dogs,85,84,R,"['Language', 'Disturbing Images', 'Strong Violence']",2007-03-09,2007-09-18,115,Drama,English,Michael Caton-Jones,David Wolstencroft,$38.3K,IFC Films,Dolby Digital,0.038299999999999994
all_the_money_in_the_world_2017,All the Money in the World,66,79,R,"['Disturbing Images', 'Brief Drug Content', 'Language', 'Some Violence']",2017-12-25,2018-04-10,132,Drama,English,Ridley Scott,David Scarpa,$24.8M,Sony Pictures Entertainment,Dolby Digital,24.8
about_adam,About Adam,47,69,R,"['Sexuality', 'Language']",2000-01-28,2002-02-05,105,Comedy,English,Gerard Stembridge,Gerard Stembridge,$142.7K,Miramax Films,"Dolby Stereo, Dolby Digital, Dolby A, Surround, Dolby SR",0.1427
million_dollar_hotel,The Million Dollar Hotel,67,25,R,"['Some Sexual Content', 'Language']",2000-02-09,2001-04-03,122,Drama,English,Wim Wenders,"Bono,Nicholas Klein,Nicholas Klein",$52.5K,Lionsgate Films,"SDDS, Dolby Digital, Dolby A, Surround, Dolby SR",0.0525
lookout,The Lookout,74,87,R,"['Sexual Content', 'Language', 'Some Violence']",2007-03-30,2007-08-14,99,Drama,English,Scott Frank,Scott Frank,$4.6M,Miramax Films,"Dolby SRD, DTS, SDDS",4.6
miss_peregrines_home_for_peculiar_children,Miss Peregrine's Home for Peculiar Children,60,64,PG-13,"['Violence and Peril', 'Intense Fantasy Action']",2016-09-30,2016-12-13,121,Drama,English,Tim Burton,Jane Goldman,$87.2M,20th Century Fox,Dolby Atmos,87.2
first_daughter,First Daughter,42,8,PG,"['Language', 'Alcohol-Related Materials', 'Sexual Situations']",2004-09-24,2005-01-25,105,Comedy,English,Forest Whitaker,"Jessica Bendinger,Jerry O'Connell,Kate Kondell",$9.1M,20th Century Fox,"Dolby SRD, DTS, Surround",9.1
hurricane_streets,Hurricane,78,88,R,"['Violence', 'Language', 'Drug Use']",1997-02-13,2010-05-03,86,Drama,English,Morgan J. Freeman,Morgan J. Freeman,$334.0K,United Artists,"Surround, Stereo, DTS, Ultra-Stereo",0.334
undercover_brother,Undercover Brother,64,78,PG-13,"['Drug Content', 'Campy Violence', 'Language', 'Sexual Humor']",2002-05-31,2003-01-14,85,Comedy,English,Malcolm D. Lee,"John Ridley,Michael McCullers,John Ridley",$38.2M,Universal Pictures,"Dolby SR, DTS, Dolby Stereo, Surround, Dolby A, Dolby Digital",38.2
what_lies_beneath,What Lies Beneath,58,47,PG-13,"['Sensuality', 'Brief Language', 'Terror', 'Violence']",2000-07-21,2006-05-22,126,Drama,English,Robert Zemeckis,"Clark Gregg,Sarah Kernochan,Clark Gregg",$155.4M,"DreamWorks SKG, 20th Century Fox","Surround, Dolby Digital, DTS, SDDS",155.4
asylum2005,Asylum,42,36,R,"['Strong Sexuality', 'Some Violence', 'Brief Language']",2005-08-12,2006-01-17,96,Drama,English,David Mackenzie,"Patrick Marber,Patrick McGrath",$374.9K,Paramount Pictures,Dolby SRD,0.37489999999999996
monkeybone,Monkeybone,27,20,PG-13,"['Some Nudity', 'Crude Humor']",2001-02-23,2001-07-10,92,Comedy,English,Henry Selick,"Sam Hamm,Kaja Blackley",$5.4M,20th Century Fox,"Surround, Dolby Digital, Dolby A, Dolby SR",5.4
1159618-superhero,Superhero Movie,32,16,PG-13,"['Crude and Sexual Content', 'Comic Violence', 'Drug References', 'Language']",2008-03-28,2008-07-08,85,Comedy,English,David W. Zucker,Craig Mazin,$25.9M,Metro-Goldwyn-Mayer,"SDDS, DTS, Dolby SRD",25.9
firehouse_dog,Firehouse Dog,62,38,PG,"['Sequences of Action Peril', 'Language', 'Some Mild Crude Humor']",2007-04-04,2007-07-31,111,Comedy,English,Todd Holland,"Claire-Dee Lim,Mike Werb,Michael Colleary",$13.9M,20th Century Fox,"Dolby SRD, DTS, SDDS",13.9
welcome_to_collinwood,Welcome to Collinwood,55,55,R,['Language'],2002-10-04,2009-01-01,86,Comedy,English,"Anthony Russo,Joe Russo","Anthony Russo,Joe Russo",$334.0K,Warner Bros. Pictures,"Dolby SR, DTS, Dolby Stereo, Surround, SDDS, Dolby A, Dolby Digital",0.334
warm_bodies,Warm Bodies,73,81,PG-13,"['Zombie Violence', 'Some Language']",2013-02-01,2013-06-04,98,Comedy,English,Jonathan Levine,Jonathan Levine,$66.4M,Summit Entertainment,"Datasat, Dolby Digital",66.4
baby_boy,Baby Boy,87,71,R,"['Some Drug Use', 'Language', 'Strong Sexuality', 'Violence']",2001-06-29,2001-11-06,129,Drama,English,John Singleton,John Singleton,$28.7M,Columbia Pictures,"Dolby Stereo, Dolby Digital, Dolby A, SDDS, Dolby SR",28.7
autumn_in_new_york,Autumn in New York,54,19,PG-13,"['Sensuality', 'Language']",2000-08-11,2001-11-13,103,Drama,English,Joan Chen,Allison Burnett,$37.8M,"Columbia Tristar, Lakeshore Entertainment, Metro-Goldwyn-Mayer","Surround, Dolby Digital, DTS, SDDS",37.8
1104841-sweet_november,Sweet November,76,15,PG-13,['Sexuality'],2001-02-16,2001-07-24,119,Drama,English,Pat O'Connor,"Herman Raucher,Paul Yurick,Kurt Voelker,Kurt Voelker",$25.2M,Warner Bros.,"Dolby SR, DTS, Dolby Stereo, Surround, SDDS, Dolby A, Dolby Digital",25.2
my_favorite_martian,My Favorite Martian,30,12,PG,"['Partial Nudity', 'Language', 'Action/Violence', 'Sensuality', 'Some Crude Humor']",1999-02-12,2002-12-31,93,Comedy,English,Donald Petrie,"Anthony L. Greene,Sherri Stoner,Deanna Oliver",$36.8M,Walt Disney Pictures,"Dolby Stereo, Dolby A, SDDS, DTS, Surround, Dolby Digital, Dolby SR",36.8
kissing_jessica_stein,Kissing Jessica Stein,65,83,R,"['Sexual Content', 'Language']",2002-03-13,2004-08-03,94,Comedy,English,Charles Herman-Wurmfeld,"Heather Juergensen,Jennifer Westfeldt",$7.0M,Fox,"Surround, Dolby Stereo, DTS",7
1095414-whatever_it_takes,Whatever It Takes,45,16,PG-13,"['Thematic Elements', 'Sexual Content', 'Language']",2000-03-31,2000-08-01,94,Comedy,English,David Raynr,Mark Schwahn,$8.7M,"Sony Pictures Entertainment, Columbia Pictures","SDDS, Dolby Digital, Surround",8.7
1133964-king_arthur,King Arthur,59,31,PG-13,"['Scene of Sensuality', 'Intense Battle Sequences', 'Some Language']",2004-07-07,2005-12-11,126,Drama,English,Antoine Fuqua,"David Franzoni,John Lee Hancock",$51.9M,"Buena Vista Pictures, Touchstone Pictures",Surround,51.9
digimon_the_movie,Digimon: The Movie,66,24,PG,['Action/Violence'],2000-10-06,2001-02-06,82,Sci-fi,English,"Mamoru Hosoda,Shigeyasu Yamauchi,Jeff Nimoy,Bob Buchholz","Akiyoshi Hongo,Reiko Yoshida,Jeff Nimoy,Bob Buchholz",$9.6M,"20th Century Fox, Fox","Dolby Stereo, Dolby SR, Dolby Digital, Surround",9.6
star_wars_episode_vii_the_force_awakens,Star Wars: The Force Awakens,85,93,PG-13,['Sci-Fi Action Violence'],2015-12-18,2016-04-05,136,Sci-fi,English,J.J. Abrams,"Lawrence Kasdan,J.J. Abrams,Michael Arndt",$123,Walt Disney,"Dolby Digital, Dolby Atmos",NA
nanny_mcphee,Nanny McPhee,64,74,PG,"['Mild Thematic Elements', 'Brief Language', 'Some Rude Humor']",2006-01-27,2006-05-09,99,Comedy,English,Kirk Jones,Emma Thompson,$47.1M,Universal,"SDDS, DTS, Surround",47.1
men_with_brooms,Men With Brooms,67,57,R,"['Sexuality', 'Language', 'Some Drug Use']",2002-09-20,2002-10-29,102,Comedy,English,Paul Gross,"Paul Gross,John Krizanc",$4.2M,Alliance Atlantis Communications Inc.,"Dolby SR, Dolby Stereo, Surround, Dolby A, Dolby Digital",4.2
the_intended,The Intended,40,33,R,"['Nudity', 'Strong Sexuality', 'Some Violence']",2002-09-06,2004-12-28,112,Drama,English,Kristian Levring,"Kristian Levring,Janet McTeer",$7.5K,IFC Films,Surround,0.0075
two_night_stand,Two Night Stand,45,38,R,"['Sexual Material', 'Language', 'Some Drug Use']",2014-09-26,2015-01-06,86,Comedy,English,Max Nichols,Mark Hammer,$15.6K,Entertainment One,"SDDS, Dolby Digital, DTS",0.0156
early_man,Early Man,49,80,PG,['Rude Humor and Some Action'],2018-02-16,2018-05-22,89,Comedy,English,Nick Park,"Mark Burton,James Higginson",$8.2M,Lionsgate Films,"DTS, Dolby Atmos",8.2
see_spot_run,See Spot Run,44,23,PG,"['Crude Humor', 'Comic Violence', 'Language']",2001-03-02,2006-05-16,94,Comedy,English,John Whitesell,"Stuart Gibbs,Craig Titley,George Gallo,George Gallo,Dan Baron",$33.4M,Warner Bros. Pictures,"Dolby SR, DTS, SDDS, Surround, Dolby A, Dolby Digital",33.4
my_super_ex_girlfriend,My Super Ex-Girlfriend,31,40,PG-13,"['Crude Humor', 'Brief Nudity', 'Language', 'Sexual Content']",2006-07-21,2006-12-19,96,Comedy,English,Ivan Reitman,Don Payne,$22.5M,20th Century Fox,"Dolby SRD, DTS, SDDS",22.5
black_knight,Black Knight,34,15,PG-13,"['Crude Humor', 'Battle Violence', 'Language', 'Sexual Humor']",2001-11-21,2002-04-16,95,Comedy,English,Gil Junger,"Darryl Quarles,Peter Gaulke,Gerry Swallow",$33.4M,20th Century Fox,"Dolby SR, DTS, Dolby Stereo, Surround, Dolby A, Dolby Digital",33.4
unstoppable-2010,Unstoppable,72,87,PG-13,"['Some Language', 'Sequences of Action Peril']",2010-11-12,2011-02-15,94,Drama,English,Tony Scott,Mark Bomback,$81.6M,20th Century Fox,"Dolby, SDDS, DTS",81.6
jindabyne,Jindabyne,49,65,R,"['Some Nudity', 'Language', 'Disturbing Images']",2007-04-27,2007-10-02,123,Drama,English,Ray Lawrence,Beatrix Christian,$399.9K,Sony Pictures Classics,Dolby Digital,0.3999
focus,Focus,62,56,PG-13,"['Thematic Material', 'Some Sexual Content', 'Violence']",2001-10-19,2002-03-19,106,Drama,English,Neal Slavin,"Kendrew Lascelles,Arthur Miller",$719.8K,Paramount Pictures,"Dolby Stereo, Dolby Digital, Dolby A, Surround, Dolby SR",0.7198
1104385-hannibal,Hannibal,62,39,R,"['Some Nudity', 'Language', 'Strong Gruesome Violence']",2001-02-09,2001-08-21,131,Drama,English,Ridley Scott,"Thomas Harris,David Mamet,Steven Zaillian",$165.1M,Metro-Goldwyn-Mayer,"Dolby SR, DTS, SDDS, Surround, Dolby A, Dolby Digital",165.1
assault_on_precinct_13,Assault on Precinct 13,48,59,R,"['Some Drug Content', 'Language', 'Strong Violence']",2005-01-19,2005-02-08,109,Drama,English,Jean Richet,"John Carpenter,James DeMonaco",$19.9M,Focus Features,"Surround, Dolby SRD, DTS, SDDS",19.9
tyler_perrys_acrimony,Acrimony,57,18,R,"['Some Violence', 'Sexual Content', 'Language']",2018-03-30,2018-06-26,120,Drama,English,Tyler Perry,Tyler Perry,$43.5M,Lionsgate Films,Dolby,43.5
dreamer,Dreamer: Inspired by a True Story,78,64,PG,['Brief Mild Language'],2005-10-16,2006-03-21,98,Drama,English,John Gatins,John Gatins,$32.7M,DreamWorks SKG,"Surround, Dolby SRD, DTS, SDDS",32.7
1106020-someone_like_you,Someone Like You,56,42,PG-13,"['Some Language', 'Sexual Content']",2001-03-30,2003-01-14,97,Comedy,English,Tony Goldwyn,Elizabeth Chandler,$27.3M,"Fox, 20th Century Fox","Dolby Stereo, Dolby A, SDDS, DTS, Surround, Dolby Digital, Dolby SR",27.3
the_gameplan,The Game Plan,69,29,PG,['Some Mild Thematic Elements'],2007-09-28,2008-01-22,110,Comedy,English,Andy Fickman,"Nichole Millard,Kathryn Price",$90.6M,Walt Disney,"Dolby SRD, DTS, SDDS",90.6
the_eternal_daughter,The Eternal Daughter,44,95,PG-13,['Some Drug Material'],2022-12-02,2022-12-02,96,Drama,English,Joanna Hogg,Joanna Hogg,$28.0K,A24,Dolby Digital,0.028
happy_death_day,Happy Death Day,67,71,PG-13,"['Language', 'Crude Sexual Content', 'Partial Nudity', 'Some Drug Material', 'Violence/Terror']",2017-10-13,2018-01-02,96,Comedy,English,Christopher Landon,Scott Lobdell,$55.7M,Universal Pictures,Dolby Digital,55.7
i_dreamed_of_africa,I Dreamed of Africa,56,10,PG-13,"['Sensuality', 'Nudity', 'Traumatic Episodes', 'Violence']",2000-05-05,2000-08-29,114,Drama,English,Hugh Hudson,"Kuki Gallmann,Paula Milne,Susan Shilliday",$6.5M,"Sony Pictures Entertainment, Columbia Pictures","SDDS, Dolby SR, Dolby Digital, Surround, Dolby Stereo",6.5
illegal_tender,Illegal Tender,67,15,R,"['Violence', 'Some Sexuality', 'Language']",2007-08-24,2009-05-19,107,Drama,English,Franc. Reyes,Franc. Reyes,$3.1M,Universal Pictures,"Dolby SRD, DTS, SDDS",3.1
sordid_lives,Sordid Lives,85,37,R,"['Sexual Content', 'Nudity', 'Language']",2001-05-11,2003-09-02,111,Comedy,English,Del Shores,"Del Shores,Del Shores",$1.0M,"Regent Entertainment [us], here! Films","Surround, Dolby Stereo",1
face_2005,Face,35,63,R,"['Brief Nudity', 'Some Language']",2005-03-04,2006-02-21,91,Drama,English,Bertha Bay-Sa-Pan,"Oren Moverman,Bertha Bay-Sa-Pan",$106.9K,Indican Releasing,"Surround, Dolby SR",0.10690000000000001
two_brothers,Two Brothers,75,78,PG,['Mild Violence'],2004-06-12,2004-12-21,108,Drama,English,Jean-Jacques Annaud,Alain Godard,$18.9M,Universal Pictures,"Surround, Dolby SRD, DTS, SDDS",18.9
long_shot_2019,Long Shot,74,81,R,"['Some Drug Use', 'Language Throughout', 'Strong Sexual Content']",2019-05-03,2019-07-16,123,Comedy,English,Jonathan Levine,"Liz Hannah,Dan Sterling",$30.3M,"Lionsgate Films, Summit Entertainment",Dolby Digital,30.3
due-date,Due Date,52,40,R,"['Language', 'Drug Use', 'Sexual Content']",2010-11-05,2011-02-22,95,Comedy,English,Todd Phillips,"Alan R. Cohen,Alan Freedland,Adam Sztykiel,Todd Phillips",$100.4M,Warner Bros. Pictures,"SDDS, Dolby Digital, DTS",100.4
waking_life,Waking Life,87,80,R,"['Some Violent Images', 'Language']",2001-10-19,2003-04-15,99,Drama,English,Richard Linklater,Richard Linklater,$2.9M,Fox,"Dolby Stereo, Dolby Digital, Dolby A, Dolby SR",2.9
the_heart_of_me,The Heart of Me,61,49,R,['Some Sexuality'],2003-06-06,2005-03-22,95,Drama,English,Thaddeus O'Sullivan,"Lucinda Coxon,Rosamond Lehmann",$196.1K,ThinkFilm,"Dolby Stereo, Dolby A, Dolby SR, Dolby Digital, Surround",0.1961
here_comes_the_boom,Here Comes the Boom,65,42,PG,"['Language', 'Bouts of MMA Sports Violence', 'Some Rude Humor']",2012-10-12,2013-02-05,104,Comedy,English,Frank Coraci,"Allan Loeb,Kevin James",$45.3M,Sony Pictures,"Dolby Digital, Datasat, SDDS",45.3
lot_like_love,A Lot Like Love,77,41,PG-13,"['Nudity', 'Language', 'Sexual Content']",2005-04-22,2006-02-05,107,Comedy,English,Nigel Cole,Colin Patrick Lynch,$21.8M,Buena Vista Pictures,"Surround, Dolby SRD, DTS, SDDS",21.8
onward,Onward,95,88,PG,"['Some Mild Thematic Elements', 'Action/Peril']",2020-03-06,2020-03-06,103,Comedy,English,Dan Scanlon,"Dan Scanlon,Jason Headley,Keith Bunin",$60.4M,Walt Disney,"Dolby Atmos, DTS",60.4
other_guys,The Other Guys,60,79,PG-13,"['Language', 'Crude and Sexual Content', 'Some Drug Material', 'Violence']",2010-08-06,2010-12-14,107,Comedy,English,Adam McKay,"Adam McKay,Chris Henchy",$119.2M,Sony Pictures Entertainment,"Dolby Digital, DTS, SDDS",119.2
laws_of_attraction,Laws of Attraction,47,18,PG-13,"['Sexual Content', 'Language']",2004-04-04,2004-08-24,89,Comedy,English,Peter Howitt,"Aline Brosh McKenna,Robert Harling",$17.8M,New Line Cinema,"SDDS, Dolby SRD, DTS, Surround",17.8
waking_up_in_reno,Waking Up in Reno,31,11,R,"['Language', 'Some Sexual Content']",2002-10-25,2003-04-08,91,Comedy,English,Jordan Brady,"Brent Briscoe,Mark Fauser",$261.6K,Miramax Films,Surround,0.2616
take_the_lead,Take the Lead,77,44,PG-13,"['Some Violence', 'Language', 'Thematic Material']",2006-04-07,2006-08-29,117,Drama,English,Liz Friedlander,Dianne Houston,$34.7M,New Line Cinema,"Dolby SRD, DTS, SDDS",34.7
gerry,Gerry,61,61,R,['Language'],2003-02-14,2003-11-11,103,Drama,English,Gus Van Sant,"Casey Affleck,Matt Damon,Gus Van Sant",$236.3K,ThinkFilm,"Dolby Stereo, Dolby Digital, Dolby A, Surround, Dolby SR",0.2363
daddy_day_care,Daddy Day Care,48,27,PG,['Language'],2003-05-09,2005-05-24,92,Comedy,English,Steve Carr,Geoff Rodkey,$104.1M,Columbia Pictures,"Dolby SR, DTS, Dolby Stereo, Surround, SDDS, Dolby A, Dolby Digital",104.1
black_swan_2010,Black Swan,84,85,R,"['Language', 'Disturbing Violent Images', 'Some Drug Use', 'Strong Sexual Content']",2010-12-17,2011-03-29,108,Drama,English,Darren Aronofsky,"Mark Heyman,Andres Heinz",$107.0M,Fox Searchlight,"SDDS, Dolby Digital, DTS",107
bad_company_2002,Bad Company,35,10,PG-13,"['Language', 'Intense Violent Action', 'Some Sensuality']",2002-06-07,2004-01-01,116,Comedy,English,Joel Schumacher,"Gary Goodman,Jason Richman,Michael Browning,David Himmelstein",$30.2M,Touchstone Pictures,"Dolby SR, DTS, Dolby Stereo, Surround, SDDS, Dolby A, Dolby Digital",30.2
morgan_2016,Morgan,30,37,R,"['Some Language', 'Brutal Violence']",2016-09-02,2016-12-13,88,Sci-fi,English,Luke Scott,Seth W. Owen,$3.9M,20th Century Fox,Dolby Atmos,3.9
soul_surfer,Soul Surfer,75,46,PG,"['Some Thematic Material', 'An Intense Accident Sequence']",2011-04-08,2011-08-02,106,Drama,English,Sean McNamara,"Sean McNamara,Deborah Schwartz,Douglas Schwartz,Michael Berk",$43.9M,Sony Pictures Entertainment,"Dolby, SDDS, DTS",43.9
trolls,Trolls,67,75,PG,['Some Mild Rude Humor'],2016-11-04,2017-02-07,92,Comedy,English,"Mike Mitchell,Walt Dohrn","Jonathan Aibel,Glenn Berger",$153.6M,20th Century Fox,"Dolby Atmos, Dolby Digital, SDDS, Dolby",153.6
terminator_3_rise_of_the_machines,Terminator 3: Rise of the Machines,46,69,R,"['Language', 'Brief Nudity', 'Strong Sci-Fi Action', 'Strong Sci-Fi Violence']",2003-07-02,2005-05-10,110,Sci-fi,English,Jonathan Mostow,"John D. Brancato,Michael Ferris,Tedi Sarafian,Michael Ferris",$150.4M,Warner Bros. Pictures,"Dolby SR, DTS, Dolby Stereo, Surround, SDDS, Dolby A, Dolby Digital",150.4
birth,Birth,43,39,R,['Sexuality'],2004-10-29,2005-04-19,100,Drama,English,Jonathan Glazer,"Milo Addica,Jean-Claude Carrière,Jonathan Glazer",$5.0M,New Line Cinema,"Surround, Dolby SRD, DTS, SDDS",5
88_minutes,88 Minutes,44,5,R,"['Disturbing Violent Content', 'Brief Nudity', 'Language']",2008-04-18,2008-09-16,107,Drama,English,Jon Avnet,Gary Scott Thompson,$16.9M,Sony Pictures Entertainment,"Dolby SRD, DTS, SDDS",16.9
next_three_days,The Next Three Days,66,50,PG-13,"['Language', 'Drug Material', 'Some Sexuality', 'Thematic Elements', 'Violence']",2010-11-19,2011-03-08,133,Drama,English,Paul Haggis,Paul Haggis,$21.1M,Lionsgate Films,"SDDS, Dolby Digital, DTS",21.1
1217700-kick_ass,Kick-Ass,81,76,R,"['Pervasive Language', 'Nudity', 'Strong Brutal Violence', 'Sexual Content', 'Some Drug Use', 'Some Involving Children']",2010-04-16,2010-08-03,117,Comedy,English,Matthew Vaughn,"Matthew Vaughn,Jane Goldman",$48.0M,Lionsgate Films,"SDDS, Dolby Digital, DTS",48
the_roommate,The Roommate,27,3,PG-13,"['Some Language', 'Sexual Content', 'Teen Partying', 'Violence and Menace']",2011-02-04,2011-05-17,93,Drama,English,Christian E. Christiansen,Sonny Mallhi,$37.3M,Sony Pictures Entertainment,"SDDS, Dolby Digital, DTS",37.3
the_girl_with_the_dragon_tattoo,The Girl With the Dragon Tattoo,86,86,R,"['Graphic Nudity', 'Brutal Violent Content', 'Torture', 'Language', 'Rape', 'Strong Sexuality']",2011-12-20,2010-11-23,158,Drama,English,David Fincher,Steven Zaillian,$102.5M,Sony Pictures,"SDDS, Dolby Digital",102.5
nobody_2021,Nobody,94,84,R,"['Brief Drug Use', 'Bloody Images', 'Language Throughout', 'Strong Violence']",2021-03-26,2021-04-15,92,Comedy,English,Ilya Naishuller,Derek Kolstad,$27.2M,Universal Pictures,Dolby Digital,27.2
1126413-sylvia,Sylvia,56,37,R,"['Sexuality', 'Nudity', 'Language']",2003-10-24,2004-02-10,110,Drama,English,Christine Jeffs,John Brownlow,$1.3M,Focus Features,"Surround, Dolby SR",1.3
mr_church,Mr. Church,80,24,PG-13,['Thematic Elements'],2016-09-16,2016-10-25,104,Drama,English,Bruce Beresford,Susan McMartin,$685.2K,Cinelou Films,"SDDS, Dolby Digital, DTS",0.6852
your_highness,Your Highness,34,27,R,"['Pervasive Language', 'Nudity', 'Some Drug Use', 'Strong Crude Sexual Content', 'Violence']",2011-04-08,2011-08-09,102,Comedy,English,David Gordon Green,"Danny McBride,Ben Best",$21.6M,Universal Pictures,"Dolby SRD, DTS, SDDS",21.6
magic_in_the_moonlight,Magic in the Moonlight,45,51,PG-13,"['Smoking Throughout', 'A Brief Suggestive Comment']",2014-07-25,2014-12-16,97,Comedy,English,Woody Allen,Woody Allen,$10.5M,Sony Pictures Classics,Dolby Digital,10.5
pompeii_2013,Pompeii,34,27,PG-13,"['Disaster-Related Action', 'Brief Sexual Content', 'Intense Battle Sequences']",2014-02-21,2014-05-20,105,Drama,English,Paul W.S. Anderson,"Janet Scott Batchler,Lee Batchler,Michael Robert Johnson",$23.2M,Sony Pictures Entertainment,"SDDS, Datasat, Dolby Digital",23.2
godzilla_king_of_the_monsters_2019,Godzilla: King of the Monsters,83,42,PG-13,"['Monster Action Violence', 'Destruction', 'Some Language']",2019-05-31,2019-08-13,132,Sci-fi,English,Michael Dougherty,"Michael Dougherty,Zach Shields",$110.5M,Warner Bros. Pictures,"DTS, Dolby Atmos",110.5
snowden,Snowden,70,61,R,"['Some Sexuality/Nudity', 'Language']",2016-09-16,2016-12-27,134,Drama,English,Oliver Stone,"Oliver Stone,Kieran Fitzgerald",$21.6M,Open Road,Dolby Digital,21.6
paparazzi,Paparazzi,38,18,PG-13,"['Language', 'Intense Violent Sequences', 'Sexual Content']",2004-09-03,2005-01-11,84,Drama,English,Paul Abascal,Forry Smith,$15.7M,20th Century Fox,"Dolby SRD, DTS, Surround",15.7
beautiful_people,Beautiful People,85,80,R,"['Violent Content', 'Language', 'Drug Use']",1999-05-18,2016-09-01,107,Drama,English,Jasmin Dizdar,Jasmin Dizdar,$261.4K,Trimark Pictures,"Dolby Digital, Surround",0.26139999999999997
get_over_it,Get Over It,51,43,PG-13,"['Language', 'Drinking', 'Some Crude/Sexual Humor']",2001-03-09,2002-02-05,82,Comedy,English,Tommy O'Haver,R. Lee Fleming Jr.,$11.6M,Miramax Films,"SDDS, Dolby Digital, Dolby A, Surround, DTS, Dolby SR",11.6
the_independent,The Independent,49,60,R,"['Language', 'Some Violence', 'Sexuality']",2001-11-30,2008-02-12,95,Comedy,English,Stephen Kessler,"Stephen Kessler,Mike Wilkins",$238.4K,"New City Releasing [us], Arrow Entertainment, Arrow Releasing Inc.",Dolby Stereo,0.2384
antwone_fisher,Antwone Fisher,86,78,PG-13,"['Language', 'Child Abuse', 'Mature Thematic Material', 'Violence']",2003-01-01,2003-05-20,120,Drama,English,Denzel Washington,Antwone Fisher,$21.1M,Fox,"Surround, Dolby Digital",21.1
10012042-going_the_distance,Going the Distance,52,54,R,"['Dialogue', 'Brief Nudity', 'Language Throughout', 'Sexual Content', 'Some Drug Use']",2010-09-03,2010-11-30,98,Comedy,English,Nanette Burstein,Geoff LaTulippe,$17.8M,Warner Bros. Pictures,"SDDS, Dolby Digital, DTS",17.8
the_monuments_men,The Monuments Men,44,31,PG-13,"['Some Images of War Violence', 'Historical Smoking']",2014-02-07,2014-05-20,118,Drama,English,George Clooney,"George Clooney,Grant Heslov",$78.0M,Sony Pictures Entertainment,"Datasat, SDDS, Dolby Digital",78
civil_action,A Civil Action,55,63,PG-13,['Some Strong Language'],1998-01-08,2003-03-04,112,Drama,English,Steven Zaillian,"Jonathan Harr,Steven Zaillian",$56.7M,Buena Vista Pictures,"Dolby SR, DTS, SDDS, Surround, Dolby A, Dolby Digital",56.7
stuart_little,Stuart Little,41,67,PG,['Brief Language'],1999-12-17,2002-05-21,92,Comedy,English,Rob Minkoff,"M. Night Shyamalan,Greg Brooker,E.B. White",$140.0M,Columbia Pictures,"Surround, Dolby Digital, DTS, SDDS",140
the_grinch,Dr. Seuss' The Grinch,51,59,PG,['Brief Rude Humor'],2018-11-09,2019-02-05,86,Comedy,English,"Scott Mosier,Yarrow Cheney","Michael LeSieur,Tommy Swerdlow",$270.9M,Universal Pictures,"Dolby Atmos, Dolby, DTS, Dolby Digital, SDDS",270.9
cast_away,Cast Away,84,89,PG-13,"['Intense Action Sequences', 'Disturbing Images']",2000-12-22,2001-11-06,143,Drama,English,Robert Zemeckis,William Broyles Jr.,$233.6M,DreamWorks SKG,"Surround, Dolby SR, Dolby Digital, Dolby Stereo",233.6
the_fifth_wave,The 5th Wave,38,17,PG-13,"['Language', 'Brief Teen Partying', 'Some Sci-Fi Thematic Elements', 'Violence and Destruction']",2016-01-22,2016-04-19,112,Sci-fi,English,J Blakeson,"Susannah Grant,Akiva Goldsman,Jeff Pinkner",$34.9M,Sony Pictures Entertainment,Dolby Digital,34.9
rare_birds,Rare Birds,69,54,R,"['Language', 'Drug Use']",2002-03-01,2002-05-28,104,Comedy,English,Sturla Gunnarsson,Edward Riche,$17.8K,"Nexo, Shadow Distribution, Studio Home Entertainment, Lionsgate Films, Kinowelt Home Entertainment [de]","Dolby Stereo, Dolby Digital, Dolby A, Dolby SR",0.0178
notebook,The Notebook,85,53,PG-13,['Some Sexuality'],2004-06-25,2005-02-08,124,Drama,English,Nick Cassavetes,"Nick Cassavetes,Jeremy Leven,Nicholas Sparks,Jan Sardi",$81.0M,New Line Cinema,"Surround, Dolby SRD, DTS, SDDS",81
playmobil_the_movie,Playmobil: The Movie,62,18,PG,"['Some Language', 'Action/Peril']",2019-12-06,2020-03-03,99,Comedy,English,Lino DiSalvo,"Blaise Hemingway,Greg Erb,Jason Oremland",$1.1M,STX Films,Dolby Digital,1.1
at_any_price_2012,At Any Price,31,51,R,"['Language', 'A Strong Graphic Image', 'Sexual Content']",2013-04-24,2013-08-27,105,Drama,English,Ramin Bahrani,"Ramin Bahrani,Hallie Elizabeth Newton",$379.8K,Sony Pictures Classics,Dolby Digital,0.3798
far_from_the_madding_crowd_2014,Far From the Madding Crowd,75,85,PG-13,"['Violence', 'Some Sexuality']",2015-05-01,2015-08-04,118,Drama,English,Thomas Vinterberg,"David Nicholls,Thomas Hardy",$12.1M,Fox Searchlight,Dolby Digital,12.1
raise_your_voice,Raise Your Voice,71,15,PG,"['Thematic Elements', 'Language']",2004-10-08,2005-02-15,106,Drama,English,Sean McNamara,"Sam Schreiber,Mitch Rotter",$10.4M,New Line Cinema,"Surround, Dolby SRD, DTS, SDDS",10.4
uptown_girls,Uptown Girls,60,13,PG-13,"['Sexual Content', 'Language']",2003-08-15,2004-01-06,93,Comedy,English,Boaz Yakin,"Allison Jacobs,Julia Dahl,Mo Ogrodnik,Lisa Davidowitz",$36.9M,Metro-Goldwyn-Mayer,Surround,36.9
stuber,Stuber,79,42,R,"['Language Throughout', 'Brief Graphic Nudity', 'Some Sexual References', 'Violence']",2019-07-12,2019-08-27,93,Comedy,English,Michael Dowse,Tripper Clancy,$22.4M,20th Century Fox,"Dolby Atmos, Dolby Digital",22.4
barbershop_the_next_cut_2016,Barbershop: The Next Cut,66,90,PG-13,['Sexual Material and Language'],2016-04-15,2016-07-26,112,Comedy,English,Malcolm D. Lee,"Kenya Barris,Tracy Oliver",$54.0M,Warner Bros. Pictures,Dolby Digital,54
kickin_it_old_school,Kickin' It Old Skool,42,2,PG-13,"['Language', 'Crude and Sexual Content']",2007-04-27,2007-08-28,108,Comedy,English,Harvey Glazer,"Trace Slobotkin,Josh Siegal,Dylan Morgan",$4.5M,Yari Film Group,"Dolby SRD, DTS, SDDS",4.5
1118698-empire,Empire,62,21,R,"['Pervasive Language', 'Drug Content', 'Some Sexuality', 'Strong Violence']",2002-12-06,2008-09-23,95,Drama,English,Franc. Reyes,Franc. Reyes,$17.5M,Universal Pictures,"Dolby Stereo, Dolby Digital, Dolby A, Surround, Dolby SR",17.5
john_carpenters_ghosts_of_mars,John Carpenter's Ghosts of Mars,25,24,R,"['Some Drug Content', 'Language', 'Strong Gore', 'Strong Violence']",2001-08-24,2001-12-04,97,Sci-fi,English,John Carpenter,"John Carpenter,Larry Sulkis",$8.4M,Screen Gems,"Dolby SR, DTS, Dolby Stereo, Surround, SDDS, Dolby A, Dolby Digital",8.4
big_bad_love,Big Bad Love,71,42,R,"['Some Sexuality', 'Language']",2002-02-22,2017-03-23,111,Drama,English,Arliss Howard,"Arliss Howard,Jim Howard",$100.4K,IFC Films,Surround,0.1004
door_in_the_floor,The Door in the Floor,64,67,R,"['Language', 'Graphic Images', 'Strong Sexuality']",2004-07-14,2004-12-14,111,Drama,English,Tod Williams,"John Irving,Tod Williams",$3.8M,Focus Features,"Surround, Dolby Digital, DTS",3.8
good_kill,Good Kill,49,76,R,"['Some Sexuality', 'Language', 'Violent Content Including Rape']",2015-05-15,2015-08-25,102,Drama,English,Andrew Niccol,Andrew Niccol,$17.8K,IFC Films,Dolby Digital,0.0178
1159169-for_your_consideration,For Your Consideration,43,53,PG-13,"['Sexual References', 'Brief Language']",2006-11-17,2008-02-19,86,Comedy,English,Christopher Guest,"Christopher Guest,Eugene Levy",$5.5M,Warner Independent,"SDDS, Dolby Digital, DTS",5.5
jungle_cruise,Jungle Cruise,92,62,PG-13,['Adventure Violence'],2021-07-30,2021-08-31,127,Comedy,English,Jaume Collet-Serra,"Michael Green,Glenn Ficarra,John Requa",$117.0M,Walt Disney,Dolby Atmos,117
lost_highway,Lost Highway,87,68,R,"['Strong Language', 'Sexual Content', 'Violence']",1997-02-21,2008-03-25,135,Drama,English,David Lynch,"David Lynch,Barry Gifford",$18.0K,October Films,"Dolby Stereo, Dolby Digital, Dolby A, Surround, Dolby SR",0.018
pursuit_of_happyness,The Pursuit of Happyness,87,67,PG-13,['Some Language'],2006-12-15,2007-03-27,116,Drama,English,Gabriele Muccino,Steve Conrad,$162.6M,Sony Pictures,"Dolby SRD, DTS, SDDS",162.6
anchorman_2_the_legend_continues,Anchorman 2: The Legend Continues,52,75,PG-13,"['Crude and Sexual Content', 'Comic Violence', 'Drug Use', 'Language']",2013-12-18,2014-04-01,119,Comedy,English,Adam McKay,"Will Ferrell,Adam McKay",$127.3M,Paramount Pictures,"Dolby Digital, Datasat",127.3
norm_of_the_north,Norm of the North,22,6,PG,['Mild Rude Humor and Action'],2016-01-15,2016-04-12,90,Comedy,English,Trevor Wall,"Malcolm T. Goldman,Steven Altiere,Daniel Altiere",$17.0M,Lionsgate Films,Dolby Digital,17
epic_movie,Epic Movie,29,2,PG-13,"['Language', 'Crude and Sexual Humor', 'Some Comic Violence']",2007-01-26,2007-05-22,81,Comedy,English,"Jason Friedberg,Aaron Seltzer","Jason Friedberg,Aaron Seltzer",$39.7M,20th Century Fox,"SDDS, DTS, Dolby SRD",39.7
the_many_saints_of_newark,The Many Saints of Newark,59,72,R,"['Sexual Content', 'Pervasive Language', 'Some Nudity', 'Strong Violence']",2021-10-01,2021-10-01,120,Drama,English,Alan Taylor,"David Chase,Lawrence Konner",$8.2M,Warner Bros. Pictures,Dolby Atmos,8.2
avengers_age_of_ultron,Avengers: Age of Ultron,82,76,PG-13,"['Violence and Destruction', 'Intense Seq. of Sci-Fi Action']",2015-05-01,2015-10-02,141,Sci-fi,English,Joss Whedon,Joss Whedon,$459.0M,Walt Disney,"Dolby Digital, Dolby Atmos",459
titanic,Titanic,69,88,PG-13,"['Disaster Related Peril', 'Brief Language', 'Nudity', 'Sensuality', 'Violence']",1997-12-19,2002-01-08,195,Drama,English,James Cameron,James Cameron,$658.8M,"20th Century Fox, Paramount Pictures","Dolby Digital, Dolby SR, Dolby Stereo, Surround, DTS, SDDS",658.8
house_of_sand_and_fog,House of Sand and Fog,83,74,R,"['Language', 'Disturbing Images', 'Scene of Sexuality', 'Violence']",2003-12-26,2004-03-30,126,Drama,English,Vadim Perelman,"Vadim Perelman,Shawn Otto,Andre Dubus",$13.0M,"DreamWorks SKG, Miramax Films",Surround,13
the_music_never_stopped,The Music Never Stopped,81,67,PG,"['Some Mild Drug References', 'Smoking', 'Language', 'Thematic Elements']",2011-03-18,2011-08-02,105,Drama,English,Jim Kohlberg,"Gary Marks,Gwyn Lurie",$258.1K,Roadside Attractions,Dolby Digital,0.2581
hotel_transylvania_3_summer_vacation,Hotel Transylvania 3: Summer Vacation,49,62,PG,['Some Action and Rude Humor'],2018-07-13,2018-10-09,97,Comedy,English,Genndy Tartakovsky,"Genndy Tartakovsky,Michael McCullers",$167.5M,"Columbia Pictures, Sony Pictures Entertainment","DTS, Dolby Atmos, Dolby Digital",167.5
scream-4,Scream 4,56,60,R,"['Some Teen Drinking', 'Language', 'Strong Bloody Violence']",2011-04-15,2011-10-04,112,Comedy,English,Wes Craven,Kevin Williamson,$38.2M,Weinstein Co.,"SDDS, Dolby Digital",38.2
x_men_first_class,X-Men: First Class,87,86,PG-13,"['Intense Sequences of Action', 'Brief Partial Nudity', 'Intense Sequences of Violence', 'Language', 'Some Sexual Content']",2011-06-03,2011-09-09,126,Sci-fi,English,Matthew Vaughn,"Ashley Miller,Zack Stentz,Jane Goldman,Matthew Vaughn",$146.4M,20th Century Fox,"Dolby Digital, DTS",146.4
the_snowman_2017,The Snowman,18,6,R,"['Grisly Images', 'Brief Nudity', 'Sexuality', 'Some Language', 'Violence']",2017-10-20,2018-01-02,145,Drama,English,Tomas Alfredson,"Peter Straughan,Hossein Amini,Søren Sveistrup",$6.7M,Universal Pictures,Dolby Atmos,6.7
hall_pass,Hall Pass,40,33,R,"['Drug Use', 'Crude and Sexual Humor', 'Language', 'Some Graphic Nudity']",2011-02-25,2011-06-14,106,Comedy,English,"Peter Farrelly,Robert Farrelly","Pete Jones,Peter Farrelly,Robert Farrelly,Kevin Barnett",$45.0M,Warner Bros. Pictures,"Dolby, SDDS, DTS",45
k19_the_widowmaker,K-19: The Widowmaker,52,60,PG-13,['Disturbing Images'],2002-07-19,2002-12-10,138,Drama,English,Kathryn Bigelow,Christopher Kyle,$35.2M,Paramount Pictures,"Dolby SR, DTS, Dolby Stereo, Surround, SDDS, Dolby A, Dolby Digital",35.2
swiss_army_man,Swiss Army Man,72,72,R,['Language and Sexual Material'],2016-07-01,2016-10-04,95,Comedy,English,"Daniel Scheinert,Dan Kwan","Daniel Scheinert,Dan Kwan",$4.3M,A24,Dolby Atmos,4.3
the_master_2011,The Master,62,84,R,"['Language', 'Graphic Nudity', 'Sexual Content']",2012-09-14,2013-02-26,136,Drama,English,Paul Thomas Anderson,Paul Thomas Anderson,$16.2M,Weinstein Co.,"Datasat, Dolby Digital",16.2
rocky_balboa,Rocky Balboa,76,77,PG,"['Some Language', 'Boxing Violence']",2006-12-20,2007-03-20,102,Drama,English,Sylvester Stallone,Sylvester Stallone,$70.3M,Metro-Goldwyn-Mayer,"Dolby SRD, DTS, SDDS",70.3
the_spongebob_squarepants_movie,The SpongeBob SquarePants Movie,78,68,PG,['Some Mild Crude Humor'],2004-11-19,2005-03-01,83,Comedy,English,"Stephen Hillenburg,Mark Osborne","Derek Drymon,Stephen Hillenburg,Kent Osborne,Aaron Springer,Tim Hill,Paul Tibbitt",$85.4M,Paramount Pictures,"Dolby Digital, DTS",85.4
the_eyes_of_tammy_faye_2021,The Eyes of Tammy Faye,86,68,PG-13,['Sexual Content and Drug Abuse'],2021-09-17,2021-11-02,126,Drama,English,Michael Showalter,Abe Sylvia,$2.4M,Searchlight Pictures,Dolby Digital,2.4
little_women_2019,Little Women,92,95,PG,"['Thematic Elements', 'Brief Smoking']",2019-12-25,2019-12-25,135,Drama,English,Greta Gerwig,Greta Gerwig,$108.1M,"Sony Pictures Entertainment, Columbia Pictures",Dolby Atmos,108.1
osmosis_jones,Osmosis Jones,42,56,PG,['Bodily Humor'],2001-08-10,2001-11-13,98,Comedy,English,"Peter Farrelly,Robert Farrelly",Marc Hyman,$13.6M,Warner Bros. Pictures,"Dolby SR, DTS, Dolby Stereo, Surround, SDDS, Dolby A, Dolby Digital",13.6
1074316-scream,Scream,80,80,R,"['Violence', 'Strong Graphic Horror', 'Gore', 'Language']",1996-12-20,1998-12-08,111,Comedy,English,Wes Craven,Kevin Williamson,$103.7M,Miramax Films,"Dolby Stereo, Dolby A, Surround, Dolby Digital, Dolby SR",103.7
1208173-splice,Splice,37,75,R,"['Language', 'Disturbing Elements', 'Nudity', 'Sci-Fi Violence', 'Strong Sexuality']",2010-06-04,2010-10-05,107,Sci-fi,English,Vincenzo Natali,"Vincenzo Natali,Antoinette Terry Bryant,Doug Taylor",$17.0M,Warner Bros. Pictures,Dolby Digital,17
last_legion,The Last Legion,34,15,PG-13,['Intense Action Violence'],2007-08-17,2007-12-18,102,Drama,English,Doug Lefler,"Jez Butterworth,Tom Butterworth",$5.9M,Weinstein Co.,"Dolby SRD, DTS, SDDS",5.9
ambulance,Ambulance,88,68,R,"['Intense Violence', 'Bloody Images', 'Language Throughout']",2022-04-08,2022-05-24,136,Drama,English,Michael Bay,"Chris Fedak,Laurits Munch-Petersen",$22.3M,Universal Pictures,Dolby Digital,22.3
thor_love_and_thunder,Thor: Love and Thunder,77,63,PG-13,"['Intense Sci-Fi Violence', 'Action', 'Language', 'Partial Nudity', 'Some Suggestive Material']",2022-07-08,2022-09-08,125,Comedy,English,Taika Waititi,"Taika Waititi,Jennifer Kaytin Robinson",$343.2M,Walt Disney Pictures,"Dolby Digital, Dolby Atmos",343.2
mystic_river,Mystic River,89,88,R,"['Violence', 'Language']",2003-10-15,2004-06-08,137,Drama,English,Clint Eastwood,"Brian Helgeland,Dennis Lehane",$90.1M,Warner Bros. Pictures,Surround,90.1
blade_runner_2049,Blade Runner 2049,82,88,R,"['Nudity', 'Language', 'Some Sexuality', 'Violence']",2017-10-06,2018-01-16,164,Sci-fi,English,Denis Villeneuve,"Hampton Fancher,Michael Green",$91.5M,Warner Bros. Pictures,Dolby Atmos,91.5
axl,A-X-L,58,25,PG,"['Some Language', 'Sci-Fi Action/Peril', 'Suggestive Material', 'Thematic Elements']",2018-08-24,2018-12-21,98,Sci-fi,English,Oliver Daly,Oliver Daly,$6.5M,Global Road Entertainment,Dolby Digital,6.5
charlies_angels_2019,Charlie's Angels,78,52,PG-13,"['Language', 'Action/Violence', 'Some Suggestive Material']",2019-11-15,2019-10-25,118,Comedy,English,Elizabeth Banks,"Elizabeth Banks,Evan Spiliotopoulos,David Auburn",$17.8M,"Sony Pictures Entertainment, Columbia Pictures",Dolby Atmos,17.8
black-and-white1999,Black and White,30,38,R,"['Language', 'Drug Use', 'Strong Sexuality', 'Violence']",2000-04-05,1999-12-07,98,Drama,English,James Toback,James Toback,$5.2M,Screen Gems,"Dolby Stereo, DTS, SDDS, Surround, Dolby Digital, Dolby SR",5.2
i_hope_they_serve_beer_in_hell,I Hope They Serve Beer in Hell,42,19,R,"['Language', 'Graphic Dialogue Throughout', 'Nudity', 'Some Crude Material', 'Strong Sexual Content']",2009-10-16,2010-01-26,106,Comedy,English,Bob Gosse,"Tucker Max,Nils Parker",$1.4M,Freestyle Releasing,Dolby Digital,1.4
club-dread,Broken Lizard's Club Dread,44,29,R,"['Gore', 'Drug Use', 'Language', 'Sexual Content', 'Violence']",2004-02-27,2004-10-12,103,Comedy,English,Jay Chandrasekhar,Kevin Heffernan,$5.0M,"20th Century Fox, Fox","Surround, Dolby SRD",5
1109137-heist,Heist,59,68,R,"['Some Violence', 'Language']",2001-11-09,2007-04-03,107,Drama,English,David Mamet,David Mamet,$23.5M,Warner Bros. Pictures,"Dolby SR, DTS, Dolby Stereo, Surround, SDDS, Dolby A, Dolby Digital",23.5
80_for_brady,80 for Brady,89,60,PG-13,"['Some Suggestive References', 'Some Drug Content', 'Brief Strong Language']",2023-02-03,2023-03-07,98,Comedy,English,Kyle Marvin,"Sarah Haskins,Emily Halpern",$39.3M,Paramount Pictures,Dolby Digital,39.3
daddy_day_camp,Daddy Day Camp,38,1,PG,['Language'],2007-08-08,2008-01-29,89,Comedy,English,Fred Savage,"David N. Weiss,Geoff Rodkey,J. David Stem",$13.2M,Sony Pictures Entertainment,"Dolby SRD, DTS, SDDS",13.2
alpha_dog,Alpha Dog,67,54,R,"['Nudity', 'Language', 'Pervasive Drug Use', 'Sexuality', 'Strong Violence']",2007-01-12,2007-05-01,118,Drama,English,Nick Cassavetes,Nick Cassavetes,$15.2M,Universal Pictures,"Dolby SRD, DTS, SDDS",15.2
gangster-no-1,Gangster No. 1,77,71,R,"['Pervasive Language', 'Nudity', 'Brief Drug Use', 'Strong Brutal Violence']",2002-06-14,2002-10-08,103,Drama,English,Paul McGuigan,Johnny Ferguson,$30.9K,IFC Films,"Dolby Stereo, Dolby Digital, Dolby A, Surround, Dolby SR",0.030899999999999997
flyboys,Flyboys,67,33,PG-13,"['War Action Violence', 'Some Sexual Content']",2006-09-22,2007-01-30,139,Drama,English,Tony Bill,"David S. Ward,Phil Sears,Blake T. Evans",$13.1M,Metro-Goldwyn-Mayer,"Dolby SRD, DTS, SDDS",13.1
lila_and_eve,Lila & Eve,41,40,R,"['Violence', 'Language']",2015-07-17,2015-08-25,94,Drama,English,Charles Stone III,Pat Gilfillan,$37.9K,Samuel Goldwyn Films,Dolby Digital,0.037899999999999996
mcfarland_usa,"McFarland, USA",88,80,PG,"['Some Violence', 'Language', 'Thematic Material']",2015-02-20,2015-06-02,129,Drama,English,Niki Caro,"Christopher Cleveland,Bettina Gilois,Grant Thompson",$44.5M,Walt Disney,Dolby Digital,44.5
my_big_fat_greek_wedding,My Big Fat Greek Wedding,73,76,PG,"['Sensuality', 'Language']",2002-04-19,2003-02-11,95,Comedy,English,Joel Zwick,Nia Vardalos,$241.4M,IFC Films,"Dolby Stereo, Dolby Digital, Dolby A, Surround, Dolby SR",241.4
namesake,The Namesake,79,85,PG-13,"['Brief Language', 'A Scene of Drug Use', 'Sexuality/Nudity', 'Some Disturbing Images']",2007-03-09,2007-11-27,122,Drama,English,Mira Nair,Sooni Taraporevala,$13.6M,Fox,"Dolby, SDDS, DTS",13.6
malibus_most_wanted,Malibu's Most Wanted,54,31,PG-13,"['Sexual Humor', 'Language May Offend', 'Violence']",2003-04-18,2007-09-18,86,Comedy,English,John Whitesell,"Fax Bahr,Adam Small,Jamie Kennedy,Nick Swardson",$34.3M,Warner Bros. Pictures,"Dolby SR, DTS, Dolby Stereo, Surround, SDDS, Dolby A, Dolby Digital",34.3
romance_and_cigarettes,Romance & Cigarettes,56,52,R,"['Sexual Content/Dialogue', 'Language']",2005-09-06,2008-02-12,105,Comedy,English,John Turturro,John Turturro,$540.1K,Sony Pictures Classics,Surround,0.5401
lone_survivor,Lone Survivor,87,75,R,"['Strong Bloody War Violence', 'Pervasive Language']",2014-01-10,2014-06-03,121,Drama,English,Peter Berg,Peter Berg,$125.1M,Universal Studios,"Datasat, SDDS, Dolby Digital",125.1
a_guide_to_recognizing_your_saints,A Guide to Recognizing Your Saints,73,76,R,"['Pervasive Language', 'Drug Use', 'Sexuality', 'Some Violence']",2006-09-29,2007-02-20,104,Drama,English,Dito Montiel,Dito Montiel,$516.1K,First Look,Dolby Digital,0.5161
talladega_nights_the_ballad_of_ricky_bobby,Talladega Nights: The Ballad of Ricky Bobby,73,71,PG-13,"['Crude and Sexual Humor', 'Brief Comic Violence', 'Drug References', 'Language']",2006-08-04,2006-12-12,110,Comedy,English,Adam McKay,"Will Ferrell,Adam McKay",$148.2M,Sony Pictures Entertainment,"SDDS, DTS, Dolby SRD",148.2
identity_thief,Identity Thief,53,19,R,"['Sexual Content', 'Language']",2013-02-08,2013-06-04,111,Comedy,English,Seth Gordon,"Craig Mazin,Jerry Eeten",$134.5M,Universal Pictures,"SDDS, Dolby Digital, Datasat",134.5
maria_full_of_grace,Maria Full of Grace,87,97,R,"['Language', 'Drug Content']",2004-01-18,2004-12-07,101,Drama,English,Joshua Marston,Joshua Marston,$6.5M,New Line Cinema,Surround,6.5
producers_the_movie_musical,The Producers,63,51,PG-13,['Sexual Humor/References'],2006-01-13,2006-05-16,134,Comedy,English,Susan Stroman,"Mel Brooks,Thomas Meehan,Mel Brooks,Thomas Meehan",$19.4M,Universal Pictures,"Dolby SRD, DTS, SDDS",19.4
breakin_all_the_rules,Breakin' All the Rules,57,31,PG-13,"['Sexual Humor', 'Language', 'Sexual Material']",2004-05-14,2004-10-12,85,Comedy,English,Daniel Taplitz,Daniel Taplitz,$11.8M,Screen Gems,"Surround, Dolby SRD, DTS, SDDS",11.8
national_security,National Security,45,11,PG-13,"['Some Sensuality', 'Language', 'Violence']",2003-01-17,2004-07-06,88,Comedy,English,Dennis Dugan,"David Ronn,Jay Scherick",$35.8M,Columbia Pictures,"Dolby Stereo, Dolby A, SDDS, DTS, Surround, Dolby Digital, Dolby SR",35.8
killing_them_softly,Killing Them Softly,44,74,R,"['Some Drug References', 'Pervasive Language', 'Some Drug Use', 'Violence']",2012-11-30,2013-03-26,97,Drama,English,Andrew Dominik,Andrew Dominik,$14.9M,Weinstein Co.,"Dolby Digital, DTS",14.9
dark_phoenix,Dark Phoenix,64,22,PG-13,"['Brief Strong Language', 'Action', 'Disturbing Images', 'Intense Sci-Fi Violence', 'Some Gunplay']",2019-06-07,2019-09-03,114,Sci-fi,English,Simon Kinberg,Simon Kinberg,$65.8M,20th Century Fox,"DTS, Dolby Digital, Dolby Atmos",65.8
super_babies_baby_geniuses_2,SuperBabies: Baby Geniuses 2,24,0,PG,"['Some Rude Humor', 'Action/Violence']",2004-08-27,2005-01-04,88,Comedy,English,Bob Clark,"Steven Paul,Gregory Poppen",$9.1M,Sony Pictures Entertainment,"SDDS, Dolby SRD, DTS, Surround",9.1
the_counselor_2013,The Counselor,23,34,R,"['Language', 'Graphic Violence', 'Some Grisly Images', 'Strong Sexual Content']",2013-10-25,2014-02-11,117,Drama,English,Ridley Scott,Cormac McCarthy,$16.9M,20th Century Fox,"Datasat, Dolby Stereo",16.9
dumb_and_dumber,Dumb & Dumber,84,68,PG-13,['Off-Color Humor'],1994-12-16,2001-10-02,106,Comedy,English,"Peter Farrelly,Robert Farrelly","Peter Farrelly,Robert Farrelly,Bennett Yellin",$127.2M,"New Line Home Video [us], New Line Cinema, Image Entertainment Inc.","Stereo, Dolby Digital, Surround",127.2
slow_burn,Slow Burn,55,12,R,"['Violence', 'Sexuality', 'Language']",2007-04-13,2007-07-24,93,Drama,English,Wayne Beach,Wayne Beach,$1.2M,Lionsgate Films,"SDDS, Dolby Digital, DTS, Dolby SRD",1.2
legend_of_bagger_vance,The Legend of Bagger Vance,65,43,PG-13,['Sexual Content'],2000-11-03,2005-06-07,126,Drama,English,Robert Redford,"Steven Pressfield,Jeremy Leven",$30.7M,"20th Century Fox, DreamWorks SKG","Dolby Stereo, DTS, SDDS, Surround, Dolby Digital, Dolby SR",30.7
cop_land,Cop Land,67,75,R,"['Strong Language', 'Brief Nudity', 'Violence']",1997-08-15,2002-07-02,105,Drama,English,James Mangold,James Mangold,$44.9M,"Buena Vista Pictures, Miramax Films","SDDS, Surround, Dolby Digital",44.9
snow_day,Snow Day,27,29,PG,"['Language', 'Brief Mild Peril']",2000-02-11,2000-10-03,89,Comedy,English,Chris Koch,"Will McRobb,Chris Viscardi",$60.0M,Paramount Pictures,"Surround, Dolby Digital, DTS, SDDS",60
empire_of_light,Empire of Light,74,45,R,"['Language', 'Brief Violence', 'Sexual Content']",2022-12-09,2023-02-07,119,Drama,English,Sam Mendes,Sam Mendes,$1.2M,Searchlight Pictures,Dolby Digital,1.2
jackpot,Jackpot,41,29,R,"['Language', 'Sexuality']",2001-07-27,2016-11-30,92,Drama,English,Michael Polish,"Mark Polish,Michael Polish",$43.7K,Sony Pictures Classics,"Surround, Dolby Stereo",0.0437
the_hate_u_give,The Hate U Give,82,97,PG-13,"['Language', 'Drug Material', 'Mature Thematic Elements', 'Some Violent Content']",2018-10-19,2019-01-08,133,Drama,English,George Tillman Jr.,Audrey Wells,$29.6M,20th Century Fox,Dolby SR,29.6
pianist,The Pianist,96,95,R,"['Violence', 'Brief Strong Language']",2002-12-27,2003-05-27,148,Drama,English,Roman Polanski,"Wladyslaw Szpilman,Ronald Harwood",$32.5M,Focus Features,Surround,32.5
chopper,Chopper,89,76,R,"['Some Drug Use', 'Pervasive Language', 'Nudity', 'Strong Brutal Violence']",2000-08-03,2001-11-13,94,Drama,English,Andrew Dominik,Andrew Dominik,$234.3K,"Image Entertainment Inc., First Look","Dolby Stereo, Dolby Digital, Dolby A, Surround, Dolby SR",0.2343
the_book_thief,The Book Thief,73,48,PG-13,"['Some Violence', 'Intense Thematic Material']",2013-11-08,2014-03-11,127,Drama,English,Brian Percival,Michael Petroni,$21.4M,20th Century Fox,"Dolby, SDDS",21.4
undertow,Undertow,61,54,R,['Violence'],2004-10-22,2005-04-26,107,Drama,English,David Gordon Green,"Joe Conway,David Gordon Green",$124.2K,Metro-Goldwyn-Mayer,"Surround, Dolby SRD, DTS, SDDS",0.1242
bloody_sunday,Bloody Sunday,91,92,R,"['Violence', 'Language']",2002-10-11,2016-04-05,107,Drama,English,Paul Greengrass,"Paul Greengrass,Don Mullan",$773.2K,Paramount Pictures,"Dolby Stereo, Dolby Digital, Dolby A, Surround, Dolby SR",0.7732
white_oleander,White Oleander,81,69,PG-13,"['Language', 'Drug Content', 'Mature Thematic Elements', 'Sexuality', 'Violence']",2002-10-11,2003-03-11,110,Drama,English,Peter Kosminsky,"Mary Agnes Donoghue,Janet Fitch",$16.3M,Warner Bros. Pictures,"Dolby SR, DTS, Dolby Stereo, Surround, SDDS, Dolby A, Dolby Digital",16.3
guess_who,Guess Who,49,41,PG-13,['Sex-Related Humor'],2005-03-25,2005-08-02,105,Comedy,English,Kevin Rodney Sullivan,"Jay Scherick,David Ronn,Peter Tolan",$68.0M,Sony Pictures Entertainment,"Surround, Dolby SRD, DTS, SDDS",68
1152954-new_world,The New World,58,63,PG-13,['Some Intense Battle Sequences'],2005-01-20,2006-05-09,149,Drama,English,Terrence Malick,Terrence Malick,$12.7M,New Line Cinema,"SDDS, DTS, Dolby Digital",12.7
incredibles_2,Incredibles 2,84,93,PG,"['Some Brief Mild Language', 'Action Sequences']",2018-06-15,2018-11-06,118,Comedy,English,Brad Bird,Brad Bird,$608.6M,Walt Disney,"Dolby Atmos, Dolby Digital, DTS",608.6
paid_in_full,Paid in Full,93,53,R,"['Some Strong Sexuality', 'Pervasive Language', 'Drug Content', 'Violence']",2002-10-25,2003-04-08,97,Drama,English,Charles Stone III,"Matthew Cirulnick,Thuliani Davis,Azie Faison Jr.,Austin Phillips",$3.0M,Miramax Films,Surround,3
moulin_rouge_2001,Moulin Rouge,89,75,PG-13,['Sexual Content'],2001-06-01,2001-12-18,126,Drama,English,Baz Luhrmann,"Baz Luhrmann,Craig Pearce",$57.4M,20th Century Fox,"Surround, Dolby SR, Dolby Digital, Dolby Stereo",57.4
paul_blart_mall_cop_2,Paul Blart: Mall Cop 2,33,6,PG,['Some Violence'],2015-04-17,2015-07-14,94,Comedy,English,Andy Fickman,"Kevin James,Nick Bakay",$71.0M,Sony Pictures Entertainment,Dolby Digital,71
reign_over_me,Reign Over Me,81,64,R,"['Some Sexual References', 'Language']",2007-03-23,2007-10-09,124,Drama,English,Mike Binder,Mike Binder,$19.7M,Sony Pictures Entertainment,"Dolby SRD, DTS, SDDS",19.7
captive_state,Captive State,39,43,PG-13,"['Drug Material', 'Brief Language', 'Sci-Fi Violence and Action', 'Some Sexual Content']",2019-03-15,2019-06-11,109,Sci-fi,English,Rupert Wyatt,"Erica Beeney,Rupert Wyatt",$5.9M,Focus Features,Dolby Digital,5.9
smiling_fish_and_goat_on_fire,Goat on Fire & Smiling Fish,56,53,R,"['Sexual Content', 'Language', 'Drug Use']",2000-03-10,2001-08-21,90,Comedy,English,Kevin Jordan,"Kevin Jordan,Derick Martini,Steven Martini",$277.2K,Samuel Goldwyn Company,Stereo,0.2772
the_war_with_grandpa,The War With Grandpa,85,29,PG,"['Rude Humor', 'Language', 'Some Thematic Elements']",2020-10-09,2020-10-10,94,Comedy,English,Tim Hill,"Tom J. Astle,Matt Ember",$21.3M,101 Studios,Dolby Digital,21.3
antman,Ant-Man,85,83,PG-13,['Sci-Fi Action Violence'],2015-07-17,2015-12-08,117,Comedy,English,Peyton Reed,"Edgar Wright,Joe Cornish,Adam McKay,Paul Rudd",$180.2M,Walt Disney,"Dolby Atmos, Dolby Digital",180.2
the_good_liar,The Good Liar,85,63,R,"['Language', 'Brief Nudity', 'Some Strong Violence']",2019-11-15,2019-11-15,109,Drama,English,Bill Condon,Jeffrey Hatcher,$17.1M,Warner Bros. Pictures,Dolby Digital,17.1
rons_gone_wrong,Ron's Gone Wrong,94,80,PG,"['Some Rude Material', 'Language', 'Thematic Elements']",2021-10-22,2021-12-15,107,Comedy,English,"Sarah Smith,Jean-Philippe Vine,Octavio E. Rodriguez","Peter Baynham,Sarah Smith",$23.0M,20th Century Studios,"Dolby Digital, Dolby Atmos",23
hardball,Hardball,70,41,PG-13,"['Some Violence', 'Language', 'Thematic Elements']",2001-09-14,2002-02-19,106,Drama,English,Brian Robbins,"Daniel Coyle,John Gatins",$40.2M,Paramount Pictures,"Dolby Stereo, Dolby A, SDDS, DTS, Surround, Dolby Digital, Dolby SR",40.2
miami_vice,Miami Vice,43,47,R,"['Some Sexual Content', 'Language', 'Strong Violence']",2006-07-28,2008-03-11,135,Drama,English,Michael Mann,Michael Mann,$63.4M,Universal Pictures,"SDDS, DTS, Dolby SRD",63.4
you_me_and_dupree,"You, Me and Dupree",50,20,PG-13,"['Brief Nudity', 'A Drug Reference', 'Crude Humor', 'Language', 'Sexual Content']",2006-07-14,2006-11-21,109,Comedy,English,"Anthony Russo,Joe Russo",Michael LeSieur,$75.6M,Universal Pictures,"Dolby SRD, DTS, SDDS",75.6
accepted,Accepted,72,38,PG-13,"['Language', 'Drug Content', 'Sexual Material']",2006-08-18,2006-11-14,93,Comedy,English,Steve Pink,"Mark Perez,Adam Cooper,Bill Collage",$36.3M,Universal Pictures,"Dolby Digital, DTS, SDDS",36.3
lincoln_2011,Lincoln,81,89,PG-13,"['Intense Scene of War Violence', 'Brief Strong Language', 'Some Images of Carnage']",2012-11-16,2013-03-26,149,Drama,English,Steven Spielberg,Tony Kushner,$182.2M,DreamWorks SKG,"Datasat, SDDS, Dolby Digital",182.2
meet_the_fockers,Meet the Fockers,58,38,PG-13,"['Crude Humor', 'Brief Drug References', 'Language', 'Sexual Humor']",2004-12-22,2008-03-11,115,Comedy,English,Jay Roach,"John Hamburg,Jim Herzfeld,Marc Hyman",$279.2M,Universal Pictures,"Surround, Dolby SRD, DTS, SDDS",279.2
whos_your_caddy,Who's Your Caddy?,59,6,PG-13,"['Some Nudity', 'Crude and Sexual Content', 'Language', 'Drug Material']",2007-07-27,2007-11-27,91,Comedy,English,Don Michael Paul,"Don Michael Paul,Bradley Allenstein,Robert Henny",$5.7M,Metro-Goldwyn-Mayer,"Dolby SRD, DTS, SDDS",5.7
tower_heist,Tower Heist,48,67,PG-13,"['Sexual Content', 'Language']",2011-11-04,2012-02-21,105,Comedy,English,Brett Ratner,"Ted Griffin,Jeff Nathanson",$78.0M,Universal Pictures,"Dolby SRD, DTS, SDDS",78
the_words,The Words,49,24,PG-13,"['Smoking', 'Brief Strong Language']",2012-09-07,2012-12-24,96,Drama,English,"Brian Klugman,Lee Sternthal","Brian Klugman,Lee Sternthal",$11.4M,CBS Films,Dolby Digital,11.4
jersey_girl,Jersey Girl,48,43,PG-13,"['Language', 'Frank Dialogue', 'Sexual Content']",2004-03-26,2004-09-07,97,Comedy,English,Kevin Smith,Kevin Smith,$25.3M,Miramax Films,"Surround, Dolby SRD, DTS, SDDS",25.3
ali,Ali,65,68,R,"['Some Sexuality', 'Language', 'Violence']",2001-12-25,2002-04-30,158,Drama,English,Michael Mann,"Stephen J. Rivele,Christopher Wilkinson,Eric Roth,Michael Mann,Gregory Allen Howard",$58.2M,Columbia Pictures,"Dolby A, Surround, Dolby Digital, Dolby Stereo, Dolby SR, SDDS, DTS",58.2
men_of_honor,Men of Honor,81,42,R,['Language'],2000-11-10,2001-04-10,129,Drama,English,George Tillman Jr.,Scott Marshall Smith,$48.8M,"20th Century Fox Home Entertainment, 20th Century Fox","Dolby SR, Dolby Digital, Surround",48.8
rush_2013,Rush,88,88,R,"['Language', 'Brief Drug Use', 'Nudity', 'Sexual Content', 'Some Disturbing Images']",2013-09-27,2014-01-28,123,Drama,English,Ron Howard,Peter Morgan,$26.9M,Universal Pictures,"Datasat, SDDS, Dolby Digital",26.9
terminator_genisys,Terminator Genisys,52,26,PG-13,"['Gunplay Throughout', 'Brief Strong Language', 'Intense Sci-Fi Violence', 'Partial Nudity']",2015-07-01,2015-11-10,126,Sci-fi,English,Alan Taylor,"Laeta Kalogridis,Patrick Lussier",$89.8M,Paramount Pictures,"Dolby Digital, Datasat",89.8
chicago,Chicago,83,86,PG-13,"['Sexual Dialogue', 'Sexual Content', 'Thematic Elements', 'Violence']",2003-01-24,2003-03-18,113,Drama,English,Rob Marshall,Bill Condon,$170.7M,Miramax Films,"Dolby SR, DTS, Dolby Stereo, Surround, SDDS, Dolby A, Dolby Digital",170.7
just_visiting,Just Visiting,53,33,PG-13,"['Violence', 'Crude Humor']",2001-04-06,2001-09-11,88,Comedy,English,Jean-Marie Poiré,"Christian Clavier,Jean-Marie Poiré,John Hughes",$4.8M,Hollywood Pictures,"Dolby SR, DTS, Dolby Stereo, Surround, SDDS, Dolby A, Dolby Digital",4.8
around_the_bend,Around the Bend,61,28,R,['Language'],2004-10-08,2009-01-01,83,Drama,English,Jordan Roberts,Jordan Roberts,$193.6K,Warner Independent,"Surround, Dolby SRD, DTS, SDDS",0.1936
the_paper_tigers,The Paper Tigers,93,98,PG-13,"['Offensive Slurs', 'Violence', 'Some Strong Language']",2021-05-07,2021-05-07,108,Comedy,English,Quoc Bao Tran,Quoc Bao Tran,$112.7K,Well Go USA Entertainment,Dolby Digital,0.11270000000000001
josie_and_the_pussycats,Josie and the Pussycats,52,53,PG-13,"['Sensuality', 'Language']",2001-04-11,2001-08-14,98,Comedy,English,"Deborah Kaplan,Harry Elfont","Deborah Kaplan,Harry Elfont",$14.3M,Universal Pictures,"Dolby SR, DTS, Dolby Stereo, Surround, SDDS, Dolby A, Dolby Digital",14.3
promising_young_woman,Promising Young Woman,87,90,R,"['Language Throughout', 'Drug Use', 'Sexual Assault', 'Some Sexual Material', 'Strong Violence']",2020-12-25,2021-01-15,113,Comedy,English,Emerald Fennell,Emerald Fennell,$6.4M,Focus Features,Dolby Atmos,6.4
barnyard,Barnyard: The Original Party Animals,52,22,PG,"['Some Mild Peril', 'Rude Humor']",2006-08-04,2006-12-12,90,Comedy,English,Steve Oedekerk,Steve Oedekerk,$72.6M,Paramount Pictures,"Dolby SRD, DTS, SDDS",72.6
battle-los-angeles,Battle: Los Angeles,48,37,PG-13,"['Sustained/Intense Seq. of War', 'Language', 'Violence and Destruction']",2011-03-11,2011-06-14,116,Sci-fi,English,Jonathan Liebesman,Christopher Bertolini,$83.6M,Sony Pictures Entertainment,"SDDS, Dolby Digital, DTS",83.6
the_holiday,The Holiday,80,51,PG-13,"['Some Strong Language', 'Sexual Content']",2006-12-08,2007-03-13,132,Comedy,English,Nancy Meyers,Nancy Meyers,$63.2M,Sony Pictures,"Dolby SRD, DTS, SDDS",63.2
avp2,Aliens vs. Predator: Requiem,30,12,R,"['Language', 'Gore', 'Violence']",2007-12-25,2008-04-15,94,Sci-fi,English,"Colin Strause,Greg Strause",Shane Salerno,$41.8M,20th Century Fox,"Dolby SRD, SDDS, DTS",41.8
enough_said_2013,Enough Said,75,95,PG-13,"['Sexual Content', 'Brief Language', 'Some Thematic Material']",2013-09-18,2014-01-14,93,Comedy,English,Nicole Holofcener,Nicole Holofcener,$17.5M,Fox Searchlight,"Datasat, SDDS, Dolby Stereo",17.5
valentines_day_2010,Valentine's Day,47,18,PG-13,"['Some Sexual Material', 'Brief Partial Nudity']",2010-02-12,2010-05-18,119,Comedy,English,Garry Marshall,Katherine Fugate,$110.5M,Warner Bros.,"Dolby Digital, DTS",110.5
krampus,Krampus,51,66,PG-13,"['Sequences of Horror Violence', 'Language', 'Some Drug Material', 'Terror']",2015-12-04,2016-04-26,98,Comedy,English,Michael Dougherty,"Todd Casey,Michael Dougherty,Zach Shields",$42.7M,Universal Pictures,Dolby Digital,42.7
1043331-born_yesterday,Born Yesterday,27,25,PG,"['Scene of Abusive Behavior', 'Language']",1993-03-26,2003-03-04,101,Comedy,English,Luis Mandoki,"Garson Kanin,Douglas McGrath",$17.8M,Buena Vista Pictures,Surround,17.8
deuce_bigelow_european_gigolo,Deuce Bigalow: European Gigolo,33,9,R,"['Language', 'Drug Content', 'Nudity', 'Pervasive Crude Humor', 'Sexual Humor']",2005-08-12,2005-11-29,83,Comedy,English,Mike Bigelow,"David Garrett,Jason Ward,Rob Schneider",$22.3M,Sony Pictures Entertainment,"Surround, Dolby SRD, DTS, SDDS",22.3
enduring_love,Enduring Love,60,59,R,"['Language', 'Disturbing Images', 'Violence']",2004-10-29,2005-05-03,97,Drama,English,Roger Michell,"Ian McEwan,Joe Penhall",$358.3K,Paramount Pictures,"Surround, Dolby SRD",0.3583
moana_2016,Moana,89,95,PG,"['Peril', 'Brief Thematic Elements', 'Some Scary Images']",2016-11-23,2017-03-07,113,Comedy,English,"John Musker,Ron Clements",Jared Bush,$248.8M,Walt Disney,"Dolby Digital, Datasat, SDDS, Dolby Atmos",248.8
sex_and_death_101,Sex and Death 101,42,25,R,"['Strong Sexual Content', 'Language']",2008-04-04,2008-07-01,100,Comedy,English,Daniel Waters,Daniel Waters,$23.6K,Anchor Bay,Dolby,0.023600000000000003
man_who_cried,The Man Who Cried,59,35,R,['Sexuality'],2001-05-25,2003-09-02,99,Drama,English,Sally Potter,Sally Potter,$739.6K,"Universal Focus, Universal Pictures","Dolby Stereo, DTS, SDDS, Surround, Dolby Digital, Dolby SR",0.7396
the_fifth_estate,The Fifth Estate,36,35,R,"['Some Violence', 'Language']",2013-10-18,2014-01-28,128,Drama,English,Bill Condon,Josh Singer,$3.3M,DreamWorks SKG,"Datasat, SDDS, Dolby Digital",3.3
greatest_game_ever_played,The Greatest Game Ever Played,82,63,PG,['Mild Language'],2005-09-30,2006-04-11,115,Drama,English,Bill Paxton,"Mark Frost,Mark Frost",$15.3M,Buena Vista Pictures,"Surround, Dolby SRD, DTS, SDDS",15.3
price_of_glory,Price of Glory,76,33,PG-13,"['Drug Content', 'Violence', 'Language']",2000-03-31,2000-11-21,118,Drama,English,Carlos Avila,Phil Berger,$3.4M,New Line Cinema,"SDDS, Dolby SR, Dolby Digital, Surround, DTS, Dolby Stereo",3.4
anchorman,Anchorman: The Legend of Ron Burgundy,86,66,PG-13,"['Language', 'Comic Violence', 'Sexual Humor']",2004-07-09,2004-12-28,95,Comedy,English,Adam McKay,"Adam McKay,Will Ferrell",$84.1M,DreamWorks SKG,"Dolby SRD, SDDS, Surround, DTS",84.1
1142872-sky_high,Sky High,57,73,PG,"['Mild Language', 'Action/Violence']",2005-07-29,2005-11-29,100,Comedy,English,Mike Mitchell,"Paul Hernandez,Robert Schooley,Mark McCorkle",$63.9M,Buena Vista Pictures,"Surround, Dolby SRD, DTS, SDDS",63.9
van_wilder_2,National Lampoon's Van Wilder: The Rise of Taj,38,7,R,"['Pervasive Crude Sexual Content', 'Language', 'Some Nudity']",2006-12-01,2007-03-27,98,Comedy,English,Mort Nathan,David Drew Gallagher,$4.3M,Metro-Goldwyn-Mayer,Dolby SRD,4.3
missing_link_2019,Missing Link,67,88,PG,"['Some Mild Rude Humor', 'Action/Peril']",2019-04-12,2019-07-09,94,Comedy,English,Chris Butler,Chris Butler,$16.6M,Annapurna Pictures,"Dolby Digital, Dolby Atmos",16.6
nacho_libre,Nacho Libre,54,40,PG,"['Including Dialogue', 'Crude Humor', 'Some Rough Action']",2006-06-16,2006-10-24,91,Comedy,English,Jared Hess,"Jared Hess,Jerusha Hess,Mike White",$80.2M,Paramount Pictures,"Dolby SRD, DTS, SDDS",80.2
brothers_solomon,The Brothers Solomon,31,16,R,"['Sexual Content', 'Language']",2007-09-07,2007-12-26,93,Comedy,English,Bob Odenkirk,Will Forte,$900.9K,Sony Pictures Entertainment,"Dolby SRD, DTS, SDDS",0.9008999999999999
personal_velocity_three_portraits,Personal Velocity: Three Portraits,62,69,R,"['Some Strong Sexuality', 'Language', 'Brief Violence']",2002-11-22,2006-08-01,85,Drama,English,Rebecca Miller,Rebecca Miller,$763.2K,"United Artists, IFC Films",Surround,0.7632000000000001
slackers,Slackers,50,10,R,"['Sexual Content', 'Brief Drug Use', 'Strong Language']",2002-02-01,2002-05-28,86,Comedy,English,Dewey Nicks,David H. Steinberg,$4.8M,Screen Gems,"Surround, Dolby SR, Dolby Digital, Dolby A, Dolby Stereo",4.8
hyena_road,Hyena Road,59,57,R,"['Language Throughout', 'Bloody War Violence', 'Some Sexual Material']",2016-03-11,2016-01-26,120,Drama,English,Paul Gross,Paul Gross,$1.4K,Samuel Goldwyn Films,Dolby Atmos,0.0014
perfect_man,The Perfect Man,58,6,PG,['Some Mildly Suggestive Content'],2005-06-17,2005-11-01,100,Comedy,English,Mark Rosman,"Gina Wendkos,Heather Robinson,Michael McQuown",$16.2M,Universal Pictures,"Dolby SRD, DTS, SDDS",16.2
sex_and_the_city,Sex and the City,77,49,R,"['Language', 'Graphic Nudity', 'Strong Sexual Content']",2008-05-30,2008-09-23,145,Comedy,English,Michael Patrick King,Michael Patrick King,$152.6M,Warner Bros.,Dolby Digital,152.6
1040484-wind,Wind,81,50,PG-13,['Some Sensuality'],1992-09-11,2003-03-11,125,Drama,English,Carroll Ballard,"Jeff Benjamin,Roger Vaughan,Kimball Livingston,Rudy Wurlitzer,Mac Gudgeon",$4.9M,"Columbia Tristar, TriStar Pictures","Surround, Dolby",4.9
invisible_circus,The Invisible Circus,44,22,R,"['Language', 'Drug Content', 'Sexuality']",2001-01-26,2002-12-10,92,Drama,English,Adam Brooks,"Jennifer Egan,Adam Brooks",$55.4K,New Line Cinema,"Surround, Dolby SR, Dolby Digital, Dolby A, Dolby Stereo",0.0554
fun_size,Fun Size,47,25,PG-13,"['Language', 'Crude and Suggestive Material', 'Partying']",2012-10-26,2013-02-19,86,Comedy,English,Josh Schwartz,Max Werner,$9.4M,Paramount Pictures,"Datasat, Dolby Digital",9.4
